CrashReportId,ReportNumber,CrashDate,CrashTime,Collision Type,CountPedestrian,CountBicycle,Scooter,Wheel Chair,NumberofVehicles,StreetOrHighway,NearestIntersection,Officer,Badge,ReportDate,TypeOfRoadway,RoadSurfaceCondition,LightCondition,WeatherCondition,MannerofImpact,HitAndRun,TrafficControl,PersonCount,InjuryCount,MostSeriousInjury,NumberOfLanes,Latitude,Longitude
883174,2022-00087376,16-Oct-22,7:01:00 PM,Bicycle,1,,,,1,GlOSSOP STREET ,WOONASQUATUCKET AVENUE ,Arthur Lima,126,16-Oct-22,"Two-Way , Not Divided",Dry,Dark - Not Lighted,Clear,Not a Collision Between Two Motor Vehicles in Transport,No,No Controls,3,1,Non-Incapacitating,,,
883066,2022-00086569,14-Oct-22,12:16:00 PM,Pedestrian,1,,,,1,GANO ST,I 195 E ,James Annis,454,14-Oct-22,"Two-Way , Not Divided",Dry,Daylight,Clear,Not a Collision Between Two Motor Vehicles in Transport,No,No Controls,2,1,Complains Of Pain,2,41.81906,-71.38931
883013,2022-00086195,12-Oct-22,10:58:00 PM,Pedestrian,1,,X,,1,Broadway ,SUTTON ST ,Kristen Barth,247,12-Oct-22,"Two-Way , Not Divided",Dry,Dark - Lighted,Clear,Not a Collision Between Two Motor Vehicles in Transport,No,Stop Signs,3,1,Complains Of Pain,,41.82027,-71.42736
882989,2022-00085966,12-Oct-22,9:19:00 AM,Pedestrian,1,,,,1,ROCHAMBEAU AVE,ELMGROVE AVE ,Ptlm. Castagliuolo,351,12-Oct-22,"Two-Way , Not Divided",Dry,Daylight,Clear,Not a Collision Between Two Motor Vehicles in Transport,No,Stop Signs,3,1,Complains Of Pain,,41.84657,-71.39126
882991,2022-00085981,12-Oct-22,10:23:00 PM,Pedestrian,1,,X,,1,FONES ALY,BROOK ST ,Ptlm. Castagliuolo,351,12-Oct-22,"Two-Way , Not Divided",Dry,Daylight,Clear,Not a Collision Between Two Motor Vehicles in Transport,No,Pavement Markings,3,1,Complains Of Pain,,41.8278,-71.3994
882948,2022-00085541,10-Oct-22,6:30:00 PM,Pedestrian,1,,,X,1,EDDY ST,BLACKSTONE STREET,Donald Castigliego,287,10-Oct-22,"Two-Way , Not Divided",Dry,Dark - Not Lighted,Clear,Not a Collision Between Two Motor Vehicles in Transport,No,No Controls,4,1,Complains Of Pain,,41.81042,-71.40721
882951,2022-00085577,10-Oct-22,9:07:00 PM,Pedestrian,1,,,,1,CRANSTON ST,ANTHONY AVE ,Donald Castigliego,287,10-Oct-22,"Two-Way , Not Divided",Dry,Dark - Lighted,Clear,Not a Collision Between Two Motor Vehicles in Transport,"Yes, M/V and Driver Left Scene",No Controls,2,1,Incapacitating,,41.80435,-71.43856
882850,2022-00084504,07-Oct-22,3:00:00 PM,Pedestrian,1,,,,1,Westminster St.,BARTON ST ,Jenna Heeder,557,07-Oct-22,"Two-Way , Not Divided",Dry,Daylight,Clear,Not a Collision Between Two Motor Vehicles in Transport,No,Traffic Control Signal,2,1,Non-Incapacitating,,41.81594,-71.43642
882857,2022-00084511,07-Oct-22,3:12:00 PM,Bicycle,,1,,,1,HARTFORD AVE,HARTFORD AVE ,Jenna Heeder,557,07-Oct-22,"Two-Way , Not Divided",Dry,Daylight,Clear,Not a Collision Between Two Motor Vehicles in Transport,"Yes, M/V and Driver Left Scene",Unknown,1,1,Complains Of Pain,,41.81838,-71.45754
882795,2022-00084086,06-Oct-22,11:23:00 PM,Pedestrian,1,,,,1,NORTH MAIN ST,N MAIN ST ,Ptlm. Castagliuolo,351,06-Oct-22,"Two-Way, Divided, Positive Median Barrier",Dry,Daylight,Clear,Not a Collision Between Two Motor Vehicles in Transport,No,Pavement Markings,3,1,Complains Of Pain,,41.83744,-71.40942
882783,2022-00083948,05-Oct-22,8:40:00 PM,Pedestrian,1,,,,1,Memorial Blvd,STEEPLE ST ,Kristen Barth,247,05-Oct-22,"Two-Way, Divided, Positive Median Barrier",Wet,Dark - Lighted,Rain,Not a Collision Between Two Motor Vehicles in Transport,"Yes, M/V and Driver Left Scene",Traffic Control Signal,1,1,Complains Of Pain,,41.82677,-71.41063
882738,2022-00083546,04-Oct-22,12:30:00 PM,Bicycle,,1,,,1,WASHINGTON ST,EMPIRE ST ,Ptlm. Castagliuolo,351,04-Oct-22,"Two-Way , Not Divided",Dry,Daylight,Cloudy,Not a Collision Between Two Motor Vehicles in Transport,No,Traffic Control Signal,3,1,Complains Of Pain,,41.82182,-71.41645
882680,2022-00083254,03-Oct-22,8:57:00 AM,Other,,1,X,,1,PEACE ST,BUCKLIN ST ,Cory Vingi,237,03-Oct-22,"Two-Way , Not Divided",Dry,Daylight,Clear,Not a Collision Between Two Motor Vehicles in Transport,No,No Controls,2,0,No Injury,,41.80652,-71.42783
882694,2022-00083334,03-Oct-22,2:35:00 PM,Pedestrian,1,,X,,1,SMITHFIELD AVE,I95N RAMP,Ptlm. Castagliuolo,351,03-Oct-22,"Two-Way , Not Divided",Dry,Daylight,Cloudy,Not a Collision Between Two Motor Vehicles in Transport,No,No Controls,3,1,Non-Incapacitating,,41.85501,-71.40489
881608,2022-00082523,30-Sep-22,10:15:00 PM,Pedestrian,1,,,,1,North Main Street,Hewes Street,Kristen Barth,247,30-Sep-22,"Two-Way, Divided, Positive Median Barrier",Dry,Dark - Lighted,Clear,Not a Collision Between Two Motor Vehicles in Transport,No,No Controls,3,1,Incapacitating,,41.83663,-71.40992
881559,2022-00082105,29-Sep-22,4:24:00 PM,Pedestrian,1,,,,1,Smith St,SMITH ST ,Tyler Calandra,418,29-Sep-22,"Two-Way , Not Divided",Dry,Daylight,Clear,Other,"Yes, M/V and Driver Left Scene",No Controls,1,1,Complains Of Pain,,41.83661,-71.43133
881521,2022-00081641,28-Sep-22,7:07:00 AM,Bicycle,,1,,,1,CHARLES ST,W RIVER ST ,Joshua Cascione,225,28-Sep-22,"Two-Way , Not Divided",Dry,Daylight,Clear,Not a Collision Between Two Motor Vehicles in Transport,No,No Controls,3,1,Complains Of Pain,,41.8401,-71.41707
881590,2022-00081518,27-Sep-22,5:45:00 PM,Bicycle,,,,,2,South Water St,Dollar St,Michael Mangan,665,30-Sep-22,One-Way Trafficway,Dry,Dusk,Clear,"Sideswipe, Same Direction","Yes, M/V and Driver Left Scene",No Controls,2,0,No Injury,,,
881411,2022-00080621,24-Sep-22,9:16:00 PM,Pedestrian,1,,,,1,ELMWOOD AVE.,DABOLL ST ,Jenna Heeder,557,25-Sep-22,"Two-Way , Not Divided",Dry,Dark - Lighted,Clear,Not a Collision Between Two Motor Vehicles in Transport,"Yes, M/V and Driver Left Scene",No Controls,3,1,Incapacitating,,41.80424,-71.42553
881334,2022-00079892,22-Sep-22,2:22:00 PM,Pedestrian,1,,,,1,BROAD ST,GALLUP ST ,Donald Castigliego,287,22-Sep-22,"Two-Way , Not Divided",Wet,Daylight,Rain,Not a Collision Between Two Motor Vehicles in Transport,No,Pavement Markings,3,1,Complains Of Pain,,41.79929,-71.41603
881218,2022-00078720,18-Sep-22,5:00:00 PM,Pedestrian,1,,,,1,FARMINGTON AVE,ROSARIO DR ,Jenna Heeder,557,18-Sep-22,"Two-Way , Not Divided",Dry,Daylight,Clear,Not a Collision Between Two Motor Vehicles in Transport,No,No Controls,3,1,Non-Incapacitating,,41.80603,-71.46136
881163,2022-00077992,16-Sep-22,4:00:00 PM,Pedestrian,1,,,,1,UNION AVE,MESSER ST ,Marco Figueroa,110,16-Sep-22,"Two-Way , Not Divided",Dry,Daylight,Clear,Not a Collision Between Two Motor Vehicles in Transport,No,No Controls,2,1,Complains Of Pain,,41.81013,-71.43513
881192,2022-00078370,16-Sep-22,7:18:00 PM,Bicycle,,1,,,1,CUMERFORD ST,UNION AVE ,Ralph Abenante,511,17-Sep-22,"Two-Way , Not Divided",Dry,Dark - Lighted,Cloudy,Not a Collision Between Two Motor Vehicles in Transport,"Yes, M/V and Driver Left Scene",No Controls,1,1,Complains Of Pain,,41.80859,-71.44331
881107,2022-00077526,14-Sep-22,10:00:00 PM,Pedestrian,1,,,,1,CHARLESFIELD ST,HOPE ST ,Ralph Abenante,511,15-Sep-22,"Two-Way, Not Divided With a Continuous Left Turn Lane",Dry,Dark - Lighted,Clear,Not a Collision Between Two Motor Vehicles in Transport,"Yes, Driver Left Scene",Pavement Markings,1,0,No Injury,,41.82414,-71.3972
881083,2022-00077190,13-Sep-22,7:45:00 PM,Bicycle,,1,,,1,DUDLEY ST,EDDY STREET,Ralph Abenante,511,13-Sep-22,"Two-Way, Divided, Unprotected (painted>4feet) Medium",Dry,Dark - Lighted,Cloudy,Not a Collision Between Two Motor Vehicles in Transport,No,Traffic Control Signal,2,1,Complains Of Pain,,41.81079,-71.40734
881032,2022-00076732,12-Sep-22,8:36:00 AM,Bicycle,,1,,,1,SMITH ST,RADCLIFFE AVE ,Ptlm. Castagliuolo,351,12-Sep-22,"Two-Way , Not Divided",Wet,Daylight,Rain,Not a Collision Between Two Motor Vehicles in Transport,No,Pavement Markings,3,1,Complains Of Pain,,41.83694,-71.43209
880983,2022-00076132,10-Sep-22,1:22:00 PM,Bicycle,,1,,,1,FRICKER ST,CRANSTON ST ,Joshua Cascione,225,10-Sep-22,"Two-Way , Not Divided",Dry,Daylight,Clear,Not a Collision Between Two Motor Vehicles in Transport,No,Traffic Control Signal,2,0,No Injury,,41.8169,-71.42204
880984,2022-00076079,10-Sep-22,9:32:00 AM,Bicycle,,1,,,1,W EXCHANGE ST,DEAN ST ,Mabel Addai,513,10-Sep-22,"Two-Way, Divided, Unprotected (painted>4feet) Medium",Dry,Daylight,Clear,Not a Collision Between Two Motor Vehicles in Transport,No,No Controls,3,1,Non-Incapacitating,2,41.82545,-71.42569
880993,2022-00076178,10-Sep-22,4:25:00 PM,Bicycle,,1,X,,1,S WATER ST, POINT,Donald Castigliego,287,10-Sep-22,One-Way Trafficway,Dry,Daylight,Clear,Not a Collision Between Two Motor Vehicles in Transport,No,No Controls,2,1,Non-Incapacitating,,41.81876,-71.40189
880944,2022-00075736,09-Sep-22,9:38:00 AM,Pedestrian,1,,,,1,CHALKSTONE AVE,LISBON ST ,Joshua Cascione,225,09-Sep-22,"Two-Way , Not Divided",Dry,Daylight,Clear,Not a Collision Between Two Motor Vehicles in Transport,No,No Controls,4,1,Complains Of Pain,,41.83321,-71.43682
880967,2022-00075888,09-Sep-22,7:40:00 PM,Other,1,,X,,1,Atwells Ave,CUTLER ST ,Kristen Barth,247,09-Sep-22,"Two-Way , Not Divided",Dry,Dark - Lighted,Clear,Not a Collision Between Two Motor Vehicles in Transport,"Yes, M/V and Driver Left Scene",Stop Signs,2,1,Complains Of Pain,,41.82468,-71.44157
880931,2022-00075563,08-Sep-22,5:53:00 PM,Bicycle,,1,,,1,PLAINFIELD ST.,EDNA ST ,Jenna Heeder,557,08-Sep-22,"Two-Way , Not Divided",Dry,Daylight,Clear,Not a Collision Between Two Motor Vehicles in Transport,No,Traffic Control Signal,2,1,Complains Of Pain,,41.81592,-71.44513
880935,2022-00075598,08-Sep-22,8:11:00 PM,Pedestrian,1,,,,1,valley st,DEAN ST ,Jenna Heeder,557,08-Sep-22,"Two-Way , Not Divided",Dry,Dark - Lighted,Clear,Not a Collision Between Two Motor Vehicles in Transport,No,No Controls,2,1,Non-Incapacitating,,41.83128,-71.42868
880879,2022-00075074,07-Sep-22,8:20:00 AM,Pedestrian,1,,,,1,160 BROADWAY ,BRADFORD ST ,Joshua Cascione,225,07-Sep-22,"Two-Way , Not Divided",Dry,Daylight,Clear,Not a Collision Between Two Motor Vehicles in Transport,No,No Controls,4,1,Incapacitating,,41.82148,-71.42222
880777,2022-00074290,04-Sep-22,1:16:00 PM,Bicycle,,1,,,1,361 RESERVOIR AVE ,RESERVOIR AVE ,Joshua Cascione,225,04-Sep-22,"Two-Way , Not Divided",Dry,Daylight,Clear,Not a Collision Between Two Motor Vehicles in Transport,No,No Controls,3,1,Complains Of Pain,,,
880731,2022-00073839,03-Sep-22,10:11:00 AM,Pedestrian,1,,,,1,850 MANTON AVE,MANTON AVE,Ptlm. Castagliuolo,351,03-Sep-22,Unknown,Dry,Daylight,Clear,Not a Collision Between Two Motor Vehicles in Transport,No,No Controls,2,1,Complains Of Pain,,41.83391,-71.46722
880669,2022-00073164,01-Sep-22,12:54:00 PM,Other,,,X,,1,342 BROADWAY,KNIGHT ST ,Joshua Cascione,225,01-Sep-22,"Two-Way , Not Divided",Dry,Daylight,Clear,Not a Collision Between Two Motor Vehicles in Transport,No,Traffic Control Signal,3,1,Complains Of Pain,,41.81997,-71.42862
880679,2022-00073206,01-Sep-22,3:20:00 PM,Bicycle,,1,,,1,BROOK ST,GEORGE ST ,Matthew Fadale,214,01-Sep-22,"Two-Way , Not Divided",Dry,Daylight,Clear,Not a Collision Between Two Motor Vehicles in Transport,No,No Controls,2,0,No Injury,,41.82595,-71.39911
880624,2022-00072721,30-Aug-22,10:59:00 PM,Pedestrian,1,,,,1,253 Elmwood Ave,WHITMARSH ST ,Kristen Barth,247,30-Aug-22,Unknown,Dry,Dark - Lighted,Clear,Not a Collision Between Two Motor Vehicles in Transport,No,No Controls,3,1,Complains Of Pain,,41.80589,-71.42509
880502,2022-00071667,27-Aug-22,7:00:00 PM,Bicycle,,1,,,1,WICKENDEN ST,BROOK ST ,Donald Castigliego,287,27-Aug-22,"Two-Way , Not Divided",Dry,Daylight,Clear,Not a Collision Between Two Motor Vehicles in Transport,No,No Controls,4,0,No Injury,,41.81948,-71.39826
880529,2022-00071653,27-Aug-22,8:11:00 PM,Pedestrian,1,,,,1,ATWELLS AVE,HANNAH ST ,Arthur Lima,126,28-Aug-22,"Two-Way , Not Divided",Dry,Dark - Lighted,Clear,Not a Collision Between Two Motor Vehicles in Transport,No,No Controls,4,1,Non-Incapacitating,,41.82506,-71.44854
880458,2022-00071219,26-Aug-22,3:44:00 PM,Other,,1,X,,1,BROAD ST,BROAD ST ,Donald Castigliego,287,26-Aug-22,"Two-Way , Not Divided",Dry,Daylight,Cloudy,Not a Collision Between Two Motor Vehicles in Transport,No,No Controls,2,1,Complains Of Pain,,41.80263,-71.41881
880431,2022-00070938,25-Aug-22,6:51:00 PM,Pedestrian,1,,,,1,890 Douglas Ave,RIVER AVE ,Kristen Barth,247,25-Aug-22,Unknown,Dry,Daylight,Clear,Not a Collision Between Two Motor Vehicles in Transport,No,No Controls,2,1,Complains Of Pain,,41.8527,-71.43707
880432,2022-00070923,25-Aug-22,6:26:00 PM,Bicycle,,1,,,1,Westminster St.,BAINBRIDGE AVE ,Jenna Heeder,557,25-Aug-22,"Two-Way , Not Divided",Dry,Daylight,Clear,Not a Collision Between Two Motor Vehicles in Transport,No,No Controls,2,1,Complains Of Pain,,41.81608,-71.43539
880442,2022-00070997,25-Aug-22,10:50:00 PM,Pedestrian,1,,,,1,955 Atwells Ave,HANNAH ST ,Kristen Barth,247,25-Aug-22,"Two-Way , Not Divided",Dry,Dark - Lighted,Clear,Not a Collision Between Two Motor Vehicles in Transport,"Yes, M/V and Driver Left Scene",Unknown,1,1,Complains Of Pain,,41.82507,-71.44878
880389,2022-00070527,24-Aug-22,12:35:00 PM,Bicycle,,1,,,1,Francis St,Memorial Blvd,James Annis,454,24-Aug-22,"Two-Way , Not Divided",Dry,Daylight,Clear,Not a Collision Between Two Motor Vehicles in Transport,No,Traffic Control Signal,3,0,No Injury,3,,
880345,2022-00070203,23-Aug-22,9:42:00 AM,Pedestrian,1,,,,1,RIVER AVE,ADMIRAL ST ,Christian Main,145,23-Aug-22,"Two-Way, Divided, Unprotected (painted>4feet) Medium",Dry,Daylight,Clear,Not a Collision Between Two Motor Vehicles in Transport,No,Traffic Control Signal,4,1,Non-Incapacitating,2,41.8492,-71.43894
880263,2022-00069110,19-Aug-22,10:48:00 PM,Bicycle,,1,,,1,S COURT ST,BENEFIT ST ,Ralph Abenante,511,19-Aug-22,"Two-Way , Not Divided",Dry,Dark - Lighted,Cloudy,Not a Collision Between Two Motor Vehicles in Transport,No,Stop Signs,2,1,Non-Incapacitating,,41.82904,-71.40838
880233,2022-00068816,18-Aug-22,11:03:00 PM,Pedestrian,1,,,,1,Broad Street,SERVICE ROAD 7 ,Kristen Barth,247,19-Aug-22,"Two-Way , Not Divided",Dry,Dark - Lighted,Clear,Not a Collision Between Two Motor Vehicles in Transport,"Yes, M/V and Driver Left Scene",Traffic Control Signal,2,1,Fatal,,41.81736,-71.41696
880165,2022-00068219,17-Aug-22,11:13:00 PM,Pedestrian,1,,,,1,Cranston st,BENEDICT ST ,Luis Boror,575,17-Aug-22,"Two-Way , Not Divided",Dry,Dark - Lighted,Clear,Not a Collision Between Two Motor Vehicles in Transport,"Yes, M/V and Driver Left Scene",No Controls,1,0,No Injury,,41.8054,-71.43733
880161,2022-00068173,16-Aug-22,7:51:00 PM,Bicycle,,1,,,1,ELMWOOD AVE,ATLANTIC AVE ,Ptlm. Castagliuolo,351,16-Aug-22,"Two-Way, Divided, Positive Median Barrier",Dry,Daylight,Clear,Not a Collision Between Two Motor Vehicles in Transport,No,No Controls,2,1,Complains Of Pain,,41.79653,-71.42535
880162,2022-00068143,16-Aug-22,5:48:00 PM,Pedestrian,1,,,,1,,,Gustavo Genao,135,16-Aug-22,"Two-Way , Not Divided",Dry,Daylight,Clear,Not a Collision Between Two Motor Vehicles in Transport,No,No Controls,3,1,Complains Of Pain,,,
880051,2022-00066775,13-Aug-22,4:08:00 PM,Pedestrian,2,,X,,1,EXCHANGE ST,WASHINGTON ST ,Jenna Heeder,557,13-Aug-22,One-Way Trafficway,Dry,Daylight,Clear,Not a Collision Between Two Motor Vehicles in Transport,No,No Controls,4,0,No Injury,,41.82573,-71.41105
880209,2022-00066801,12-Aug-22,5:34:00 PM,Other,,1,X,,1,584 SMITH ST,OAKLAND AVE ,Cassidy Simanski,132,18-Aug-22,"Two-Way, Divided, Unprotected (painted>4feet) Medium",Dry,Daylight,Clear,Not a Collision Between Two Motor Vehicles in Transport,No,Traffic Control Signal,2,0,No Injury,,41.83624,-71.43048
879964,2022-00066151,10-Aug-22,3:05:00 PM,Pedestrian,1,,,,1,BURLINGTON ST,HOPE ST ,Raymond Criner,340,10-Aug-22,"Two-Way , Not Divided",Dry,Daylight,Clear,Not a Collision Between Two Motor Vehicles in Transport,"Yes, M/V and Driver Left Scene",Pavement Markings,1,1,Complains Of Pain,,41.84803,-71.3955
879899,2022-00065418,08-Aug-22,1:42:00 AM,Pedestrian,1,,,,1,257 ALLENS AVE,ALLENS AVE ,Ralph Abenante,511,08-Aug-22,"Two-Way, Divided, Positive Median Barrier",Dry,Dark - Lighted,Clear,Not a Collision Between Two Motor Vehicles in Transport,"Yes, M/V and Driver Left Scene",No Controls,3,1,Incapacitating,,41.80613,-71.40278
879875,2022-00065147,07-Aug-22,10:23:00 AM,Pedestrian,1,,,X,1,993 Manton Avenue ,993 Manton Avenue ,James Lanier,211,07-Aug-22,"Two-Way , Not Divided",Dry,Daylight,Clear,Not a Collision Between Two Motor Vehicles in Transport,No,No Controls,2,1,Complains Of Pain,1,,
879852,2022-00064801,06-Aug-22,1:33:00 PM,Pedestrian,1,,,,1,POTTERS AVE,BAXTER ST ,Ptlm. Castagliuolo,351,06-Aug-22,"Two-Way , Not Divided",Dry,Daylight,Clear,Not a Collision Between Two Motor Vehicles in Transport,No,Stop Signs,4,1,Non-Incapacitating,,41.80352,-71.41662
879811,2022-00064361,05-Aug-22,6:19:00 AM,Pedestrian,1,,,,1,GRIMWOOD ST,OPHELIA ST ,Shane Romano,596,05-Aug-22,"Two-Way , Not Divided",Dry,Daylight,Clear,Not a Collision Between Two Motor Vehicles in Transport,"Yes, M/V and Driver Left Scene",No Controls,1,1,Complains Of Pain,,41.82281,-71.46316
879831,2022-00064512,05-Aug-22,6:02:00 PM,Other,,,X,,2,Washington St,UNION ST ,Mark Roman,120,05-Aug-22,"Two-Way , Not Divided",Dry,Daylight,Clear,"Sideswipe, Same Direction",No,No Controls,2,1,Non-Incapacitating,,41.8236,-71.414
879838,2022-00064580,05-Aug-22,10:40:00 PM,Pedestrian,1,,,,1,Charles Street,HAWKINS ST ,Kristen Barth,247,05-Aug-22,"Two-Way , Not Divided",Dry,Dark - Lighted,Clear,Not a Collision Between Two Motor Vehicles in Transport,"Yes, M/V and Driver Left Scene",Stop Signs,3,1,Complains Of Pain,,41.8514,-71.42016
879750,2022-00063532,02-Aug-22,11:42:00 AM,Pedestrian,1,,,,1,HARTFORD AVE,EDNA ST ,Ptlm. Castagliuolo,351,02-Aug-22,"Two-Way , Not Divided",Dry,Daylight,Clear,Not a Collision Between Two Motor Vehicles in Transport,No,Pavement Markings,2,1,Complains Of Pain,,41.81686,-71.44563
879744,2022-00063419,01-Aug-22,10:42:00 PM,Bicycle,,1,,,1,DOVER ST,CARLETON ST ,Kristen Barth,247,01-Aug-22,"Two-Way , Not Divided",Dry,Dark - Lighted,Clear,Not a Collision Between Two Motor Vehicles in Transport,No,Stop Signs,3,1,Complains Of Pain,,41.82974,-71.44763
879688,2022-00062714,30-Jul-22,7:13:00 PM,Bicycle,,1,X,,1,TABER AVE,VILLA AVE ,Miguel Castillo,489,30-Jul-22,"Two-Way, Divided, Unprotected (painted>4feet) Medium",Dry,Daylight,Clear,Not a Collision Between Two Motor Vehicles in Transport,No,No Controls,2,1,Complains Of Pain,,41.8301,-71.39115
879658,2022-00062289,29-Jul-22,2:58:00 PM,Pedestrian,1,,,,1,CORLISS ST,CHARLES ST ,Raymond Criner,340,29-Jul-22,"Two-Way , Not Divided",Dry,Daylight,Clear,Not a Collision Between Two Motor Vehicles in Transport,No,No Controls,4,1,Complains Of Pain,,41.83813,-71.41443
879638,2022-00062064,28-Jul-22,7:26:00 PM,Bicycle,,1,,,1,HOPE ST,STIMSON AVE ,Raymond Criner,340,28-Jul-22,"Two-Way , Not Divided",Dry,Dusk,Clear,Not a Collision Between Two Motor Vehicles in Transport,No,No Controls,2,0,No Injury,,41.82942,-71.3982
879609,2022-00061725,27-Jul-22,4:36:00 PM,Pedestrian,1,,,,1,WICKENDEN ST,BROOK ST ,Jenna Heeder,557,27-Jul-22,"Two-Way , Not Divided",Dry,Daylight,Clear,Not a Collision Between Two Motor Vehicles in Transport,"Yes, M/V and Driver Left Scene",Traffic Control Signal,2,0,No Injury,,41.81947,-71.3984
879505,2022-00060893,24-Jul-22,9:24:00 PM,Pedestrian,1,,X,,1,DETROIT AVE,Broad Street,Kristen Barth,247,24-Jul-22,"Two-Way , Not Divided",Dry,Dark - Lighted,Clear,Not a Collision Between Two Motor Vehicles in Transport,No,Stop Signs,3,1,Complains Of Pain,,41.79439,-71.40993
879425,2022-00059657,22-Jul-22,1:01:00 PM,Pedestrian,1,,,,1,280 Atwells Ave,CROUT ST ,Michael Camardo,357,22-Jul-22,Unknown,Dry,Daylight,Clear,Not a Collision Between Two Motor Vehicles in Transport,"Yes, M/V and Driver Left Scene",No Controls,1,1,Complains Of Pain,,41.82364,-71.42752
879450,2022-00060197,22-Jul-22,11:55:00 PM,Pedestrian,1,,,,1,Oxford Street,FRENCH ST ,Mario Andrade,130,23-Jul-22,"Two-Way, Divided, Positive Median Barrier",Dry,Dark - Lighted,Clear,Not a Collision Between Two Motor Vehicles in Transport,"Yes, M/V and Driver Left Scene",No Controls,2,1,Complains Of Pain,,41.80261,-71.40879
879312,2022-00058782,18-Jul-22,9:55:00 AM,Pedestrian,1,,,,1,BRANCH AVE,HAWKINS ST ,Joshua Cascione,225,18-Jul-22,"Two-Way , Not Divided",Dry,Daylight,Clear,Not a Collision Between Two Motor Vehicles in Transport,"Yes, M/V and Driver Left Scene",Traffic Control Signal,1,1,Complains Of Pain,,41.85096,-71.42157
879257,2022-00058260,16-Jul-22,9:23:00 PM,Pedestrian,1,,,,1,ATWELLS AVE,CUTLER ST ,Ralph Abenante,511,16-Jul-22,"Two-Way, Divided, Positive Median Barrier",Dry,Dark - Lighted,Cloudy,Not a Collision Between Two Motor Vehicles in Transport,No,No Controls,4,1,Incapacitating,,41.82468,-71.44157
879259,2022-00058023,16-Jul-22,1:41:00 AM,Pedestrian,1,,,,1,UNION AVE,CUMERFORD ST ,Damaris Sanchez,566,16-Jul-22,"Two-Way , Not Divided",Dry,Dark - Lighted,Clear,Not a Collision Between Two Motor Vehicles in Transport,"Yes, M/V and Driver Left Scene",Traffic Control Signal,2,1,Complains Of Pain,,41.80796,-71.44322
879206,2022-00057833,15-Jul-22,6:04:00 PM,Bicycle,,1,,,1,PUBLIC ST,GORDON AVE ,Raymond Criner,340,15-Jul-22,"Two-Way , Not Divided",Dry,Daylight,Clear,Not a Collision Between Two Motor Vehicles in Transport,No,No Controls,4,1,Complains Of Pain,,41.80519,-71.41634
879219,2022-00057933,15-Jul-22,9:53:00 PM,Pedestrian,1,,,,1,WARRINGTON ST,BROAD STREET,Ralph Abenante,511,15-Jul-22,"Two-Way, Divided, Unprotected (painted>4feet) Medium",Dry,Dark - Lighted,Cloudy,Not a Collision Between Two Motor Vehicles in Transport,"Yes, Driver Left Scene",No Controls,6,1,Incapacitating,,41.79667,-71.41277
879154,2022-00057507,14-Jul-22,4:26:00 PM,Pedestrian,1,,X,,1,WICKENDEN ST, Wickenden St,Brian Aucoin,113,14-Jul-22,"Two-Way , Not Divided",Dry,Daylight,Clear,Not a Collision Between Two Motor Vehicles in Transport,No,Traffic Control Signal,2,0,No Injury,,41.81893,-71.40082
879158,2022-00057493,14-Jul-22,3:55:00 PM,Bicycle,,1,,,1,INDUSTRIAL DR,N MAIN ST ,Donald Castigliego,287,14-Jul-22,"Two-Way, Divided, Positive Median Barrier",Dry,Daylight,Clear,Not a Collision Between Two Motor Vehicles in Transport,No,Traffic Control Signal,2,1,Complains Of Pain,,41.84063,-71.40872
879112,2022-00057038,13-Jul-22,1:41:00 AM,Pedestrian,1,,,,1,COMMODORE ST,BRANCH AVE ,Raleek Byfield,375,13-Jul-22,"Two-Way, Divided, Unprotected (painted>4feet) Medium",Wet,Dark - Lighted,Cloudy,Not a Collision Between Two Motor Vehicles in Transport,"Yes, M/V and Driver Left Scene",Pavement Markings,2,1,Complains Of Pain,,41.84955,-71.41837
879080,2022-00056768,12-Jul-22,6:33:00 AM,Other,1,,X,,1,Canal St/ Steeple St,CANAL ST ,Khari Bass,312,12-Jul-22,One-Way Trafficway,Dry,Daylight,Clear,Not a Collision Between Two Motor Vehicles in Transport,No,Traffic Control Signal,2,1,Incapacitating,,41.82718,-71.40991
878944,2022-00054977,06-Jul-22,5:30:00 PM,Bicycle,,1,,,1,WESTMINSTER ST,COURTLAND ST ,Doldoorian,221,06-Jul-22,"Two-Way , Not Divided",Dry,Daylight,Clear,"Sideswipe, Same Direction",No,No Controls,2,1,Complains Of Pain,,41.81669,-71.43043
878953,2022-00054942,06-Jul-22,2:48:00 PM,Bicycle,,1,,,1,EAGLE ST,VALLEY ST ,Ptlm. Castagliuolo,351,06-Jul-22,"Two-Way , Not Divided",Dry,Daylight,Clear,Not a Collision Between Two Motor Vehicles in Transport,No,No Controls,2,1,Complains Of Pain,,41.82703,-71.43611
881461,2022-00055017,06-Jul-22,7:41:00 PM,Other,,,X,,2,HARTFORD AVE,HARTFORD AVE ,William Sherrill,363,26-Sep-22,"Two-Way, Divided, Unprotected (painted>4feet) Medium",Dry,Daylight,Clear,"Sideswipe, Same Direction",No,Stop Signs,4,0,No Injury,,41.81835,-71.45738