CrashReportId,ReportNumber,CrashDate,CrashTime,Collision Type,CountPedestrian,CountBicycle,Scooter,Wheel Chair,NumberofVehicles,StreetOrHighway,NearestIntersection,Officer,Badge,ReportDate,TypeOfRoadway,RoadSurfaceCondition,LightCondition,WeatherCondition,MannerofImpact,HitAndRun,TrafficControl,PersonCount,InjuryCount,MostSeriousInjury,NumberOfLanes,Latitude,Longitude
878925,2022-00054648,05-Jul-22,2:10:00 PM,Bicycle,,1,,,1,Broadway,KNIGHT ST ,Michael Camardo,357,05-Jul-22,"Two-Way, Divided, Unprotected (painted>4feet) Medium",Dry,Daylight,Clear,Not a Collision Between Two Motor Vehicles in Transport,No,No Controls,3,1,Complains Of Pain,,41.81991,-71.42888
878927,2022-00054678,05-Jul-22,3:57:00 PM,Bicycle,,1,,,1,BUCKLIN ST,BELLEVUE AVE ,Raymond Criner,340,05-Jul-22,"Two-Way , Not Divided",Dry,Daylight,Cloudy,Not a Collision Between Two Motor Vehicles in Transport,No,Pavement Markings,3,1,Complains Of Pain,,41.80724,-71.42787
878869,2022-00053921,03-Jul-22,6:47:00 PM,Pedestrian,1,,,,1,ELMWOOD AVE,DABOLL ST ,Raymond Criner,340,03-Jul-22,"Two-Way , Not Divided",Dry,Daylight,Clear,Not a Collision Between Two Motor Vehicles in Transport,"Yes, M/V and Driver Left Scene",No Controls,3,1,Complains Of Pain,,41.80409,-71.42558
878930,2022-00053863,03-Jul-22,3:43:00 PM,Other,,,X,,2,CUSTOM HOUSE ST,DYER ST ,Luis Pelaez,336,05-Jul-22,One-Way Trafficway,Dry,Daylight,Clear,Not a Collision Between Two Motor Vehicles in Transport,"Yes, M/V and Driver Left Scene",No Controls,1,0,No Injury,1,41.82425,-71.40894
877794,2022-00053158,01-Jul-22,2:22:00 PM,Pedestrian,1,,,,1,HARTFORD AVE,HARTFORD AVE ,Luca Ragosta,116,01-Jul-22,"Two-Way, Divided, Unprotected (painted>4feet) Medium",Dry,Daylight,Clear,Not a Collision Between Two Motor Vehicles in Transport,No,No Controls,2,1,Complains Of Pain,,41.81889,-71.46093
877799,2022-00053225,01-Jul-22,6:15:00 PM,Pedestrian,1,,X,,1,DEXTER ST,SPRAGUE ST ,Ptlm. Castagliuolo,351,01-Jul-22,"Two-Way , Not Divided",Dry,Daylight,Clear,Not a Collision Between Two Motor Vehicles in Transport,No,No Controls,2,1,Complains Of Pain,,41.80987,-71.42838
877641,2022-00052088,28-Jun-22,11:36:00 AM,Pedestrian,3,,,,1,Atwells Ave,Valley St,James Annis,454,28-Jun-22,"Two-Way , Not Divided",Dry,Daylight,Clear,Not a Collision Between Two Motor Vehicles in Transport,No,Traffic Control Signal,6,1,Complains Of Pain,2,,
877627,2022-00051964,27-Jun-22,8:56:00 PM,Pedestrian,1,,,,1,CRANSTON ST,DEXTER ST ,Raymond Criner,340,27-Jun-22,"Two-Way , Not Divided",Wet,Dark - Lighted,Clear,Not a Collision Between Two Motor Vehicles in Transport,"Yes, M/V and Driver Left Scene",No Controls,1,1,Complains Of Pain,,41.81284,-71.42912
877546,2022-00051162,25-Jun-22,1:48:00 PM,Bicycle,,1,,,1,VALLEY STREET,NEWARK ST ,Gargar Grimes,323,25-Jun-22,"Two-Way, Divided, Unprotected (painted>4feet) Medium",Dry,Daylight,Clear,Not a Collision Between Two Motor Vehicles in Transport,"Yes, M/V and Driver Left Scene",No Controls,1,1,Complains Of Pain,,41.82531,-71.43927
877485,2022-00050662,24-Jun-22,1:41:00 AM,Pedestrian,1,,,,1,Steeple St,CANAL ST ,Rommy Morel,138,24-Jun-22,One-Way Trafficway,Dry,Dark - Lighted,Clear,Not a Collision Between Two Motor Vehicles in Transport,No,Traffic Control Signal,2,0,No Injury,,41.82715,-71.40997
877447,2022-00050451,23-Jun-22,11:12:00 AM,Bicycle,,1,,,1,Congress Ave,HAMILTON ST ,Michelle Chasse,264,23-Jun-22,"Two-Way , Not Divided",Dry,Daylight,Clear,Not a Collision Between Two Motor Vehicles in Transport,No,Stop Signs,2,1,Complains Of Pain,,41.79994,-71.42156
877418,2022-00050178,22-Jun-22,12:49:00 PM,Pedestrian,1,,,,1,81 WASHINGTON ST ,CLEMENCE ST ,Joshua Cascione,225,22-Jun-22,"Two-Way , Not Divided",Dry,Daylight,Clear,Not a Collision Between Two Motor Vehicles in Transport,"Yes, M/V and Driver Left Scene",Pavement Markings,1,1,Complains Of Pain,,41.82346,-71.4142
877362,2022-00049660,20-Jun-22,4:42:00 PM,Bicycle,,1,,,1,NORTH MAIN ST,EVERGREEN ST,Ptlm. Castagliuolo,351,20-Jun-22,"Two-Way , Not Divided",Dry,Daylight,Clear,Not a Collision Between Two Motor Vehicles in Transport,No,Pavement Markings,2,1,Non-Incapacitating,,41.84488,-71.40615
877364,2022-00049678,20-Jun-22,6:01:00 PM,Bicycle,,1,X,,1,HOPE ST,WILLIAMS ST ,Miguel Castillo,489,20-Jun-22,"Two-Way, Divided, Unprotected (painted>4feet) Medium",Dry,Daylight,Clear,Not a Collision Between Two Motor Vehicles in Transport,No,Stop Signs,3,1,Complains Of Pain,,41.82254,-71.39682
877136,2022-00047412,14-Jun-22,8:43:00 AM,Pedestrian,1,,,,1,CHALKSTONE AVENUE ,ACADEMY AVENUE ,Giuseppe Scarcello,485,14-Jun-22,"Two-Way , Not Divided",Dry,Daylight,Clear,Not a Collision Between Two Motor Vehicles in Transport,No,Traffic Control Signal,2,0,No Injury,,41.82422,-71.43364
877137,2022-00047452,14-Jun-22,11:30:00 AM,Pedestrian,1,,,,1,PLAIN ST,BLACKSTONE ST ,Cory Vingi,237,14-Jun-22,Unknown,Dry,Daylight,Clear,Not a Collision Between Two Motor Vehicles in Transport,No,No Controls,3,1,Non-Incapacitating,,41.80942,-71.41091
877144,2022-00047532,14-Jun-22,3:34:00 PM,Pedestrian,1,,,,1,HANNAH ST,ATWELLS AVE ,Michael Pesola,117,14-Jun-22,Unknown,Dry,Daylight,Clear,Other,"Yes, M/V and Driver Left Scene",No Controls,1,1,Complains Of Pain,,41.82506,-71.44863
877114,2022-00047286,13-Jun-22,7:35:00 PM,Bicycle,,1,,,1,NORTH AVE,BLACKSTONE BLVD ,Ralph Abenante,511,13-Jun-22,One-Way Trafficway,Dry,Daylight,Clear,Not a Collision Between Two Motor Vehicles in Transport,No,No Controls,4,1,Non-Incapacitating,,41.85415,-71.39026
877060,2022-00046776,12-Jun-22,9:48:00 AM,Pedestrian,1,,,,1,981 BROAD ST,SUMTER ST,Cory Vingi,237,12-Jun-22,"Two-Way , Not Divided",Dry,Daylight,Clear,Not a Collision Between Two Motor Vehicles in Transport,No,No Controls,2,1,Complains Of Pain,,41.79776,-71.41414
877069,2022-00046878,12-Jun-22,4:32:00 PM,Bicycle,,1,,,1,MURRAY ST,SIBYL ST ,Ptlm. Castagliuolo,351,12-Jun-22,"Two-Way , Not Divided",Dry,Daylight,Clear,Not a Collision Between Two Motor Vehicles in Transport,No,No Controls,2,1,Complains Of Pain,,41.80873,-71.45947
877034,2022-00046376,11-Jun-22,12:55:00 PM,Bicycle,,1,,,1,POINT ST,PRAIRIE AVE ,Joshua Cascione,225,11-Jun-22,One-Way Trafficway,Dry,Daylight,Clear,Not a Collision Between Two Motor Vehicles in Transport,"Yes, M/V and Driver Left Scene",No Controls,1,1,Complains Of Pain,,41.81457,-71.41507
876982,2022-00045903,10-Jun-22,6:38:00 AM,Pedestrian,1,,,,1,Broad ,Oxford,Matthew Sheridan,229,10-Jun-22,"Two-Way , Not Divided",Dry,Dawn,Clear,Not a Collision Between Two Motor Vehicles in Transport,No,No Controls,3,0,No Injury,,,
876998,2022-00046034,10-Jun-22,3:38:00 PM,Bicycle,,1,,,1,Smith and Canal St ,SMITH ST ,Mark Roman,120,10-Jun-22,"Two-Way , Not Divided",Dry,Daylight,Clear,Angle (Front - to - Side) Opposite Direction,No,No Controls,2,1,Non-Incapacitating,,41.83108,-71.4113
876943,2022-00045622,09-Jun-22,12:37:00 PM,Pedestrian,1,,X,,1,BROAD ST,VERNDALE ST ,Joshua Cascione,225,09-Jun-22,"Two-Way , Not Divided",Dry,Daylight,Clear,Not a Collision Between Two Motor Vehicles in Transport,No,No Controls,4,1,Complains Of Pain,,41.79158,-71.40644
876950,2022-00045653,09-Jun-22,2:04:00 PM,Pedestrian,1,,,,1,387 CHARLES ST ,SILVER SPRING ST ,Joshua Cascione,225,09-Jun-22,"Two-Way , Not Divided",Dry,Daylight,Clear,Not a Collision Between Two Motor Vehicles in Transport,No,No Controls,2,1,Complains Of Pain,,41.84371,-71.41835
876994,2022-00045734,09-Jun-22,6:14:00 PM,Other,,1,X,,1,CAMP ST,DOYLE AVE ,John Benros,481,10-Jun-22,"Two-Way , Not Divided",Dry,Daylight,Clear,Unknown,No,Stop Signs,2,1,Complains Of Pain,,41.83879,-71.4042
876918,2022-00045405,08-Jun-22,6:56:00 PM,Bicycle,,1,,,1,286 INDIANA AVE,VIRGINIA AVE ,Kristen Barth,247,08-Jun-22,"Two-Way , Not Divided",Dry,Dark - Lighted,Clear,Not a Collision Between Two Motor Vehicles in Transport,No,No Controls,3,1,Complains Of Pain,,41.7896,-71.401
876924,2022-00045397,08-Jun-22,6:26:00 PM,Bicycle,,1,,,1,NEBRASKA ST,EDDY ST ,Donald Castigliego,287,08-Jun-22,"Two-Way , Not Divided",Dry,Dusk,Clear,Not a Collision Between Two Motor Vehicles in Transport,No,No Controls,2,0,No Injury,,41.79829,-71.40538
876875,2022-00044897,07-Jun-22,7:50:00 AM,Bicycle,,1,,,1,CRANSTON ST,LINWOOD AVE ,Cory Vingi,237,07-Jun-22,"Two-Way , Not Divided",Dry,Daylight,Clear,Not a Collision Between Two Motor Vehicles in Transport,No,Traffic Control Signal,4,1,Complains Of Pain,,41.80701,-71.43571
876868,2022-00044690,06-Jun-22,2:58:00 PM,Other,,,X,,2,GREENWICH ST,ELMWOOD AVENUE,Marco Figueroa,110,06-Jun-22,"Two-Way , Not Divided",Dry,Daylight,Clear,Angle (Front - to - Side) Opposite Direction,"Yes, M/V and Driver Left Scene",Traffic Control Signal,1,0,No Injury,,41.80237,-71.42608
875762,2022-00043498,03-Jun-22,9:09:00 AM,Pedestrian,1,,,,1,736 BRANCH AVENUE,,Joseph Madeira,552,03-Jun-22,"Two-Way , Not Divided",Dry,Daylight,Cloudy,Other,No,No Controls,7,1,Complains Of Pain,,41.83582,-71.41572
875741,2022-00043319,02-Jun-22,4:32:00 PM,Pedestrian,1,,,,1,BROAD ST,THURBERS AVE ,Donald Castigliego,287,02-Jun-22,"Two-Way , Not Divided",Dry,Daylight,Clear,Not a Collision Between Two Motor Vehicles in Transport,No,Traffic Control Signal,3,1,Complains Of Pain,,41.79811,-71.41457
875655,2022-00042581,31-May-22,9:18:00 AM,Bicycle,,1,,,1,DOUGLAS AVE/RIVER AVE,DOUGLAS AVE ,Cory Vingi,237,31-May-22,"Two-Way , Not Divided",Dry,Daylight,Clear,Rear End(Front-to-Rear),No,No Controls,2,1,Complains Of Pain,,41.85275,-71.43714
875552,2022-00041214,27-May-22,2:55:00 PM,Bicycle,,1,X,,1,BENEFIT ST,ANGELL ST ,Ptlm. Castagliuolo,351,27-May-22,"Two-Way , Not Divided",Dry,Daylight,Clear,Not a Collision Between Two Motor Vehicles in Transport,No,Traffic Control Signal,3,1,Non-Incapacitating,,41.82751,-71.40765
875531,2022-00041009,26-May-22,8:45:00 PM,Bicycle,,1,,,1,PUBLIC ST,BROAD ST ,Ralph Abenante,511,26-May-22,"Two-Way, Divided, Unprotected (painted>4feet) Medium",Dry,Dark - Lighted,Clear,Angle (Front - to - Side) Same Direction,"Yes, Driver Left Scene",Traffic Control Signal,1,1,Complains Of Pain,,41.80441,-71.41937
875494,2022-00040641,25-May-22,5:43:00 PM,Bicycle,1,,,,1,BROADWAY,VINTON ST ,Ptlm. Castagliuolo,351,25-May-22,"Two-Way , Not Divided",Dry,Daylight,Clear,Not a Collision Between Two Motor Vehicles in Transport,"Yes, M/V and Driver Left Scene",Pavement Markings,1,1,Complains Of Pain,,41.82009,-71.4281
875423,2022-00039679,22-May-22,8:43:00 PM,Other,,1,,,1,VALLEY ST,HEMLOCK ST ,Ptlm Labutti,104,22-May-22,"Two-Way , Not Divided",Dry,Dark - Lighted,Clear,Not a Collision Between Two Motor Vehicles in Transport,"Yes, M/V and Driver Left Scene",No Controls,1,1,Non-Incapacitating,,41.82994,-71.43162
875346,2022-00039060,21-May-22,6:30:00 AM,Pedestrian,1,,,,1,CHAD BROWN ST,RUGGLES ST ,Cory Vingi,237,21-May-22,"Two-Way , Not Divided",Wet,Daylight,Clear,Not a Collision Between Two Motor Vehicles in Transport,"Yes, Driver Left Scene",No Controls,4,1,Incapacitating,,41.83874,-71.42738
875325,2022-00038899,20-May-22,8:18:00 PM,Bicycle,,1,,,1,DEAN ST,FEDERAL ST ,Ralph Abenante,511,20-May-22,"Two-Way , Not Divided",Dry,Dark - Lighted,Cloudy,"Sideswipe, Same Direction",No,Stop Signs,5,0,No Injury,,41.82228,-71.42327
875244,2022-00038258,18-May-22,4:55:00 PM,Pedestrian,1,,,,1,BELLEVUE AVE,CRANSTON ST ,Raymond Criner,340,18-May-22,"Two-Way , Not Divided",Dry,Daylight,Clear,Not a Collision Between Two Motor Vehicles in Transport,"Yes, M/V and Driver Left Scene",Stop Signs,2,1,Complains Of Pain,,41.80886,-71.43392
875172,2022-00037629,16-May-22,2:53:00 PM,Other,,,X,,1,CRANSTON ST,BENEDICT ST ,Donald Castigliego,287,16-May-22,"Two-Way , Not Divided",Dry,Daylight,Clear,Not a Collision Between Two Motor Vehicles in Transport,No,No Controls,2,0,No Injury,,41.80537,-71.43736
875098,2022-00036866,14-May-22,12:27:00 PM,Pedestrian,1,,,,1,ELMWOOD AVE,ADELAIDE AVE ,Cory Vingi,237,14-May-22,"Two-Way , Not Divided",Dry,Daylight,Clear,Not a Collision Between Two Motor Vehicles in Transport,No,No Controls,3,1,Non-Incapacitating,,41.79564,-71.42486
875057,2022-00036542,13-May-22,3:17:00 PM,Bicycle,,1,,,1,294 ADMIRAL ST,NEWCOMB ST ,Raymond Criner,340,13-May-22,"Two-Way , Not Divided",Dry,Daylight,Clear,Not a Collision Between Two Motor Vehicles in Transport,No,No Controls,2,1,Complains Of Pain,,41.84541,-71.42622
874956,2022-00036116,12-May-22,11:49:00 AM,Pedestrian,1,,,,1,BRANCH AVE,OLMSTEAD WAY ,Cassidy Simanski,132,12-May-22,Unknown,Dry,Daylight,Clear,Not a Collision Between Two Motor Vehicles in Transport,"Yes, M/V and Driver Left Scene",No Controls,1,1,Complains Of Pain,,41.85383,-71.42946
875000,2022-00036222,12-May-22,5:18:00 PM,Bicycle,,1,,,1,IRVING AVE,BLACKSTONE BLVD ,Raymond Criner,340,12-May-22,One-Way Trafficway,Dry,Daylight,Clear,Not a Collision Between Two Motor Vehicles in Transport,No,No Controls,2,1,Complains Of Pain,,41.83422,-71.38371
875046,2022-00036443,12-May-22,8:00:00 PM,Pedestrian,1,,,,1,ALDRICH ST,BROAD ST , Lane,109,13-May-22,"Two-Way , Not Divided",Dry,Dark - Lighted,Clear,Other,"Yes, M/V and Driver Left Scene",No Controls,1,1,Complains Of Pain,,41.79368,-71.40884
874900,2022-00035509,10-May-22,8:56:00 AM,Pedestrian,1,,,,1,WESTMINSTER ST,COLLEGE ST ,James Cryan,352,10-May-22,One-Way Trafficway,Dry,Daylight,Clear,Other,No,Traffic Control Signal,2,1,Complains Of Pain,,41.82528,-71.409
874883,2022-00035325,09-May-22,5:33:00 PM,Bicycle,,1,,,1,BROADWAY,RINGGOLD ST ,Ptlm. Castagliuolo,351,09-May-22,"Two-Way , Not Divided",Dry,Daylight,Clear,Not a Collision Between Two Motor Vehicles in Transport,No,Pavement Markings,2,1,Complains Of Pain,,41.82121,-71.42335
874859,2022-00035063,08-May-22,8:33:00 PM,Bicycle,,1,,,1,LONGFELLOW ST,ELMWOOD AVE ,Ralph Abenante,511,08-May-22,"Two-Way, Divided, Positive Median Barrier",Dry,Dark - Lighted,Cloudy,Angle (Front - to - Side) Opposite Direction,No,Stop Signs,2,1,Complains Of Pain,,41.79078,-71.42225
874862,2022-00035108,08-May-22,11:56:00 PM,Pedestrian,1,,,,1,BROAD STREET,THURBERS AVE ,John Palmer,101,09-May-22,"Two-Way , Not Divided",Dry,Dark - Lighted,Clear,Not a Collision Between Two Motor Vehicles in Transport,No,No Controls,6,1,Complains Of Pain,,41.79806,-71.4145
874644,2022-00033142,02-May-22,7:48:00 AM,Pedestrian,1,,,,1,354 MANTON AVE,OWEN ST ,Cory Vingi,237,02-May-22,"Two-Way , Not Divided",Dry,Daylight,Clear,Not a Collision Between Two Motor Vehicles in Transport,No,No Controls,5,1,Complains Of Pain,,41.82398,-71.45197
874626,2022-00032999,01-May-22,7:09:00 PM,Bicycle,,1,,,1,NELSON ST,Smith St,Jan Delle Johnson,529,01-May-22,"Two-Way, Divided, Unprotected (painted>4feet) Medium",Dry,Dusk,Clear,Not a Collision Between Two Motor Vehicles in Transport,"Yes, M/V and Driver Left Scene",Stop Signs,1,1,Complains Of Pain,,41.8423,-71.44422
874633,2022-00033061,01-May-22,9:59:00 PM,Pedestrian,2,,,,1,Manton Ave,SISSON ST ,Kristen Barth,247,01-May-22,"Two-Way , Not Divided",Dry,Dark - Lighted,Clear,Not a Collision Between Two Motor Vehicles in Transport,"Yes, M/V and Driver Left Scene",No Controls,3,2,Complains Of Pain,,41.82548,-71.45539
873588,2022-00032615,30-Apr-22,4:49:00 PM,Pedestrian,1,,,,1,UNION AVE EXIT,SERVICE RD NO. 1 ,Cory Vingi,237,30-Apr-22,One-Way Trafficway,Dry,Daylight,Clear,Not a Collision Between Two Motor Vehicles in Transport,"Yes, M/V and Driver Left Scene",Traffic Control Signal,4,1,Fatal,,41.80904,-71.44017
873494,2022-00031950,28-Apr-22,3:34:00 PM,Pedestrian,1,,,,1,HOPE ST,GEORGE ST ,Patrick Hourahan,243,28-Apr-22,"Two-Way , Not Divided",Dry,Daylight,Clear,Not a Collision Between Two Motor Vehicles in Transport,"Yes, M/V and Driver Left Scene",Stop Signs,3,1,Complains Of Pain,,41.82579,-71.3973
873496,2022-00031998,28-Apr-22,5:40:00 PM,Bicycle,,1,,,1,broadway,KNIGHT ST ,Michael Pesola,117,28-Apr-22,"Two-Way , Not Divided",Dry,Daylight,Clear,Angle (Front - to - Side) Same Direction,"Yes, M/V and Driver Left Scene",Flashing Traffic Control Signal,1,1,Complains Of Pain,,41.8198,-71.42936
873458,2022-00031764,27-Apr-22,9:16:00 PM,Bicycle,,1,,,1,CANAL ST,MILL ST ,Ptlm. Castagliuolo,351,27-Apr-22,"Two-Way, Divided, Positive Median Barrier",Dry,Dark - Lighted,Clear,Not a Collision Between Two Motor Vehicles in Transport,No,No Controls,2,1,Non-Incapacitating,,41.8323,-71.41095
873499,2022-00031782,27-Apr-22,10:56:00 PM,Pedestrian,1,,X,,1,ACADEMY AVE,SMITH ST ,Riggins Jones,542,28-Apr-22,"Two-Way , Not Divided",Dry,Dark - Unknown Lighting,Cloudy,"Sideswipe, Same Direction","Yes, M/V and Driver Left Scene",Traffic Control Signal,1,1,Non-Incapacitating,,41.84258,-71.44515
873266,2022-00030263,22-Apr-22,6:10:00 PM,Pedestrian,1,,,,1,ANGELL ST,THAYER ST ,Donald Castigliego,287,22-Apr-22,One-Way Trafficway,Dry,Daylight,Clear,Not a Collision Between Two Motor Vehicles in Transport,"Yes, M/V and Driver Left Scene",No Controls,4,1,Complains Of Pain,,41.82815,-71.40008
873121,2022-00029713,20-Apr-22,11:12:00 PM,Bicycle,,1,,,1,PARK ROW E,CANAL ST ,Gehu Sanssouci,136,21-Apr-22,One-Way Trafficway,Dry,Dark - Lighted,Clear,Angle (Front - to - Side) Right Angle (Includes Broadside),No,Traffic Control Signal,3,1,Complains Of Pain,,41.82847,-71.41069
873055,2022-00029291,19-Apr-22,11:58:00 AM,Pedestrian,1,,,,1,Chalkstone Avenue ,Van Ausdall Street,James Lanier,211,19-Apr-22,"Two-Way , Not Divided",Dry,Daylight,Clear,Not a Collision Between Two Motor Vehicles in Transport,No,No Controls,3,1,Complains Of Pain,1,,
873036,2022-00029164,18-Apr-22,8:53:00 PM,Pedestrian,1,,,,1,WASHINGTON ST,EXCHANGE ST ,Luis Pelaez,336,18-Apr-22,One-Way Trafficway,Dry,Dark - Lighted,Clear,Not a Collision Between Two Motor Vehicles in Transport,"Yes, M/V and Driver Left Scene",Traffic Control Signal,2,1,Complains Of Pain,,41.82571,-71.41103
872954,2022-00028504,16-Apr-22,12:20:00 PM,Pedestrian,1,,,,1,Potters Avenue,CRANSTON ST ,Abraham Lugo,525,16-Apr-22,"Two-Way, Divided, Unprotected (painted>4feet) Medium",Dry,Daylight,Clear,Not a Collision Between Two Motor Vehicles in Transport,No,No Controls,5,0,No Injury,,41.80497,-71.43756
872959,2022-00028575,16-Apr-22,4:59:00 PM,Pedestrian,1,,X,,1,Candace St,CHALKSTONE AVE ,Tyler Calandra,418,16-Apr-22,"Two-Way , Not Divided",Dry,Daylight,Clear,Other,No,No Controls,4,1,Complains Of Pain,,41.836,-71.42261
872915,2022-00028138,15-Apr-22,11:48:00 AM,Pedestrian,1,,,,1,CUSHING ST,HOPE ST ,George Pereira,421,15-Apr-22,"Two-Way , Not Divided",Dry,Daylight,Clear,Not a Collision Between Two Motor Vehicles in Transport,No,No Controls,5,1,Complains Of Pain,,41.83018,-71.39871
872936,2022-00028246,15-Apr-22,5:10:00 PM,Pedestrian,1,,,,1,COLE AVE,ROCHAMBEAU AVE ,Jessica Salmeron,356,15-Apr-22,"Two-Way , Not Divided",Dry,Daylight,Clear,Not a Collision Between Two Motor Vehicles in Transport,No,Stop Signs,2,1,Complains Of Pain,,41.8458,-71.38919
872909,2022-00027862,14-Apr-22,1:57:00 PM,Other,,1,X,,1,330 EDDY ST,SHIP ST,Jin O,147,15-Apr-22,"Two-Way , Not Divided",Dry,Daylight,Clear,Not a Collision Between Two Motor Vehicles in Transport,No,No Controls,3,1,Complains Of Pain,2,,
872804,2022-00027239,12-Apr-22,5:59:00 PM,Bicycle,,1,,,1,PUBLIC STREET,PRAIRIE AVE ,Wilkens Georges,548,12-Apr-22,"Two-Way, Divided, Unprotected (painted>4feet) Medium",Dry,Daylight,Clear,Not a Collision Between Two Motor Vehicles in Transport,No,No Controls,3,1,Complains Of Pain,,41.80547,-71.41519
872657,2022-00026375,09-Apr-22,4:15:00 PM,Pedestrian,1,,,,1,RANDALL SQ,RANDALL SQ ,Samantha Kawejsza,118,09-Apr-22,One-Way Trafficway,Dry,Daylight,Cloudy,Not a Collision Between Two Motor Vehicles in Transport,No,No Controls,2,1,Complains Of Pain,,41.83677,-71.40993
872593,2022-00025950,08-Apr-22,12:08:00 PM,Bicycle,,1,,,1,N MAIN ST,7TH ST ,Thiago Gomes,532,08-Apr-22,"Two-Way, Divided, Positive Median Barrier",Dry,Daylight,Clear,"Sidwswipe, Opposite Direction",No,No Controls,2,1,Non-Incapacitating,2,41.85357,-71.40087
872636,2022-00026082,08-Apr-22,8:03:00 PM,Pedestrian,1,,,,1,CRANSTON ST,HARRISON ST ,Cory Vingi,237,08-Apr-22,"Two-Way , Not Divided",Dry,Dark - Lighted,Clear,Not a Collision Between Two Motor Vehicles in Transport,"Yes, M/V and Driver Left Scene",Stop Signs,1,1,Complains Of Pain,,41.81308,-71.42864
873169,2022-00025690,07-Apr-22,4:28:00 AM,Pedestrian,1,,,,1,BORDEN,EDDY ,Francisco Furtado,635,22-Apr-22,Unknown,Dry,Daylight,Clear,Other,"Yes, M/V and Driver Left Scene",No Controls,1,1,Complains Of Pain,,41.81378,-71.41085
872453,2022-00025007,04-Apr-22,9:55:00 PM,Pedestrian,1,,,,1,Cranston St.,PARADE ST ,Jenna Heeder,557,04-Apr-22,"Two-Way , Not Divided",Dry,Dark - Lighted,Clear,Not a Collision Between Two Motor Vehicles in Transport,"Yes, M/V and Driver Left Scene",No Controls,1,1,Complains Of Pain,,41.81202,-71.43073
871168,2022-00023545,30-Mar-22,5:47:00 PM,Pedestrian,1,,,,1,BLACKSTONE BLVD,ROCHAMBEAU AVE ,Darlin Hernandez,148,30-Mar-22,"Two-Way , Not Divided",Dry,Daylight,Clear,Not a Collision Between Two Motor Vehicles in Transport,No,No Controls,3,1,Complains Of Pain,,41.84593,-71.38725
870919,2022-00022412,26-Mar-22,2:51:00 PM,Bicycle,,1,,,1,BROADWAY,VALLEY ST ,Ptlm. Castagliuolo,351,26-Mar-22,"Two-Way, Divided, Positive Median Barrier",Dry,Daylight,Cloudy,Not a Collision Between Two Motor Vehicles in Transport,No,No Controls,4,1,Complains Of Pain,,41.81683,-71.44101
870814,2022-00021885,24-Mar-22,12:22:00 PM,Pedestrian,1,,,,1,CLADRASH'S AVE,FLORAL AVE ,Joshua Cascione,225,24-Mar-22,"Two-Way , Not Divided",Wet,Daylight,Rain,Not a Collision Between Two Motor Vehicles in Transport,"Yes, M/V and Driver Left Scene",No Controls,1,1,Complains Of Pain,,41.78383,-71.4095
870741,2022-00021308,22-Mar-22,12:29:00 PM,Bicycle,,1,,,1,Prospect Street,MEETING ST ,Raymond King,633,22-Mar-22,"Two-Way , Not Divided",Dry,Daylight,Clear,"Sideswipe, Same Direction",No,No Controls,2,1,Complains Of Pain,2,41.82891,-71.40498
870717,2022-00021036,21-Mar-22,4:11:00 PM,Pedestrian,1,,,,1,PROSPECT ST,OLIVE ST ,Ralph Abenante,511,21-Mar-22,"Two-Way , Not Divided",Dry,Daylight,Cloudy,Not a Collision Between Two Motor Vehicles in Transport,"Yes, M/V and Driver Left Scene",Unknown,1,1,Complains Of Pain,,41.82816,-71.40487
870628,2022-00020529,20-Mar-22,12:48:00 AM,Pedestrian,1,,,,1,ELMWOOD AVE,HANOVER ST,John Palmer,101,20-Mar-22,"Two-Way , Not Divided",Wet,Dark - Lighted,Rain,Not a Collision Between Two Motor Vehicles in Transport,No,No Controls,4,1,Incapacitating,,41.80736,-71.42484
870227,2022-00018153,11-Mar-22,4:57:00 PM,Bicycle,,1,,,1,BROADWAY,VALLEY ST ,Donald Castigliego,287,11-Mar-22,"Two-Way , Not Divided",Dry,Dusk,Clear,Not a Collision Between Two Motor Vehicles in Transport,No,No Controls,3,1,Complains Of Pain,,41.81684,-71.441
870172,2022-00017747,10-Mar-22,10:30:00 AM,Pedestrian,1,,X,,1,PEACE ST,UPDIKE ST ,Michael Maycock,281,10-Mar-22,"Two-Way , Not Divided",Dry,Daylight,Clear,Not a Collision Between Two Motor Vehicles in Transport,No,Pavement Markings,3,1,Complains Of Pain,,41.80662,-71.42006
870140,2022-00017619,09-Mar-22,7:01:00 PM,Pedestrian,1,,,,1,NORTHUP AVE,SILVER SPRING ST ,NICHOLAS AYALA,122,09-Mar-22,"Two-Way, Divided, Unprotected (painted>4feet) Medium",Snow,Dark - Lighted,Snow,Not a Collision Between Two Motor Vehicles in Transport,"Yes, M/V and Driver Left Scene",Traffic Control Signal,1,1,Complains Of Pain,,41.85177,-71.41301
869986,2022-00017071,07-Mar-22,6:24:00 PM,Bicycle,,1,,,1,WASHINGTON ST,EMPIRE ST ,Ptlm. Castagliuolo,351,07-Mar-22,"Two-Way , Not Divided",Wet,Dark - Lighted,Rain,Head-On (Front - to - Front),No,Traffic Control Signal,3,1,Non-Incapacitating,,41.82182,-71.41645