CrashReportId,ReportNumber,CrashDate,CrashTime,Collision Type,CountPedestrian,CountBicycle,Scooter,Wheel Chair,NumberofVehicles,StreetOrHighway,NearestIntersection,Officer,Badge,ReportDate,TypeOfRoadway,RoadSurfaceCondition,LightCondition,WeatherCondition,MannerofImpact,HitAndRun,TrafficControl,PersonCount,InjuryCount,MostSeriousInjury,NumberOfLanes,Latitude,Longitude
861534,2021-00082836,18-Oct-21,1:05:00 PM,Pedestrian,1,,,X,1,ELMWOOD AVE,ROGER WILLIAMS AVE ,Joshua Cascione,225,18-Oct-21,"Two-Way, Divided, Positive Median Barrier",Dry,Daylight,Clear,Not a Collision Between Two Motor Vehicles in Transport,No,Traffic Control Signal,3,1,Complains Of Pain,,41.78878,-71.42116
861536,2021-00082863,18-Oct-21,2:24:00 PM,Bicycle,,1,,,1,ELMWOOD AVE,PRINCETON AVE ,Joshua Cascione,225,18-Oct-21,"Two-Way , Not Divided",Dry,Daylight,Clear,Not a Collision Between Two Motor Vehicles in Transport,No,No Controls,3,1,Complains Of Pain,,41.80556,-71.42517
861566,2021-00082908,18-Oct-21,6:01:00 PM,Pedestrian,1,,,,1,ROGER WILLIAMS AVE,ELMWOOD AVE ,Donald Castigliego,287,18-Oct-21,"Two-Way , Not Divided",Dry,Dusk,Clear,Not a Collision Between Two Motor Vehicles in Transport,"Yes, M/V and Driver Left Scene",Traffic Control Signal,1,1,Complains Of Pain,,41.78851,-71.42102
861508,2021-00082694,17-Oct-21,9:39:00 PM,Pedestrian,1,,,,1,Dexter Street,SPRAGUE ST ,John Najarian,417,17-Oct-21,"Two-Way , Not Divided",Dry,Dark - Lighted,Clear,Not a Collision Between Two Motor Vehicles in Transport,"Yes, M/V and Driver Left Scene",No Controls,1,1,Complains Of Pain,,41.80977,-71.42834
861449,2021-00082338,16-Oct-21,5:49:00 PM,Pedestrian,1,,,,1,74 CONCORD ST,CONCORD ST ,Ptlm. Castagliuolo,351,16-Oct-21,"Two-Way , Not Divided",Dry,Daylight,Cloudy,Not a Collision Between Two Motor Vehicles in Transport,No,No Controls,2,1,Non-Incapacitating,,41.85337,-71.40322
861388,2021-00081753,14-Oct-21,6:24:00 PM,Bicycle,,1,,,1,CRANSTON ST,WAVERLY ST ,Ptlm. Castagliuolo,351,14-Oct-21,"Two-Way , Not Divided",Dry,Dark - Lighted,Clear,Not a Collision Between Two Motor Vehicles in Transport,No,Pavement Markings,4,1,Non-Incapacitating,,41.80845,-71.43444
861308,2021-00081362,13-Oct-21,1:33:00 PM,Pedestrian,1,,,,1,WICKHAM ST,BROAD ST ,Joshua Cascione,225,13-Oct-21,"Two-Way , Not Divided",Dry,Daylight,Clear,Not a Collision Between Two Motor Vehicles in Transport,No,Stop Signs,3,1,Complains Of Pain,,41.81579,-71.41998
861328,2021-00081418,13-Oct-21,4:39:00 PM,Other,,1,X,,1,PUBLIC ST,TAYLOR ST ,Donald Castigliego,287,13-Oct-21,"Two-Way , Not Divided",Dry,Daylight,Clear,Not a Collision Between Two Motor Vehicles in Transport,No,No Controls,2,1,Complains Of Pain,,41.80503,-71.41708
861288,2021-00081181,12-Oct-21,7:02:00 PM,Pedestrian,1,,,,1,ELMWOOD AVE,DARTMOUTH AVE ,Donald Castigliego,287,12-Oct-21,"Two-Way , Not Divided",Dry,Dark - Lighted,Clear,Not a Collision Between Two Motor Vehicles in Transport,No,No Controls,2,0,No Injury,,41.80839,-71.42469
861146,2021-00079959,08-Oct-21,6:32:00 PM,Pedestrian,1,,X,,2,COLLEGE ST,SOUTH MAIN ST,Ptlm. Castagliuolo,351,08-Oct-21,"Two-Way , Not Divided",Dry,Daylight,Clear,"Sideswipe, Same Direction","Yes, M/V and Driver Left Scene",Pavement Markings,6,1,Non-Incapacitating,,41.82564,-71.40785
861020,2021-00079131,05-Oct-21,7:09:00 PM,Bicycle,,1,,,1,VALLEY ST,RIVER AVE ,Gargar Grimes,323,05-Oct-21,"Two-Way, Divided, Unprotected (painted>4feet) Medium",Dry,Dark - Lighted,Clear,Not a Collision Between Two Motor Vehicles in Transport,"Yes, M/V and Driver Left Scene",No Controls,1,1,Complains Of Pain,,41.82796,-71.43516
860857,2021-00078182,02-Oct-21,3:46:00 PM,Pedestrian,1,,,,1,DOUGLAS AVE,WHIPPLE ST ,Ptlm. Castagliuolo,351,02-Oct-21,"Two-Way , Not Divided",Dry,Daylight,Clear,Not a Collision Between Two Motor Vehicles in Transport,No,Pavement Markings,2,1,Non-Incapacitating,,41.83685,-71.42154
860829,2021-00077860,01-Oct-21,4:53:00 PM,Pedestrian,1,,,,1,FRANCIS ST,GASPEE ST ,Albert Deschamps,527,01-Oct-21,"Two-Way, Divided, Positive Median Barrier",Dry,Daylight,Clear,Not a Collision Between Two Motor Vehicles in Transport,No,Traffic Control Signal,2,0,No Injury,,41.82897,-71.4153
860830,2021-00077859,01-Oct-21,4:48:00 PM,Pedestrian,1,,,,1,EXIT 22A (RT ),FRANCIS ST ,Jeann Lugo,543,01-Oct-21,"Two-Way, Divided, Positive Median Barrier",Dry,Daylight,Clear,Not a Collision Between Two Motor Vehicles in Transport,"Yes, M/V and Driver Left Scene",Traffic Control Signal,1,1,Complains Of Pain,,41.82577,-71.41527
860837,2021-00077930,01-Oct-21,8:40:00 PM,Bicycle,,1,,,1,WESTMINSTER ST,BATTEY ST ,Donald Castigliego,287,01-Oct-21,"Two-Way , Not Divided",Dry,Dark - Lighted,Clear,Not a Collision Between Two Motor Vehicles in Transport,"Yes, M/V and Driver Left Scene",No Controls,2,1,Incapacitating,,41.81724,-71.42463
860842,2021-00077965,01-Oct-21,10:36:00 PM,Pedestrian,1,,,,1,Smith st,CHALKSTONE AVE ,Yesenia Caba,549,02-Oct-21,"Two-Way , Not Divided",Dry,Dark - Lighted,Clear,Not a Collision Between Two Motor Vehicles in Transport,No,Traffic Control Signal,2,1,Complains Of Pain,,41.83521,-71.42565
860540,2021-00076560,27-Sep-21,7:26:00 AM,Pedestrian,1,,,,1,ATWELLS AVE,BRADFORD ST ,Joshua Cascione,225,27-Sep-21,"Two-Way , Not Divided",Dry,Daylight,Clear,Not a Collision Between Two Motor Vehicles in Transport,No,Flashing Traffic Control Signal,4,1,Incapacitating,,41.82324,-71.42195
860604,2021-00076823,27-Sep-21,10:22:00 PM,Pedestrian,1,,,,1,Plain St,PUBLIC ST ,Anthony Moore,390,27-Sep-21,"Two-Way , Not Divided",Dry,Dark - Lighted,Clear,Unknown,"Yes, M/V and Driver Left Scene",Stop Signs,1,1,Non-Incapacitating,,41.80666,-71.40998
858444,2021-00075271,23-Sep-21,5:43:00 AM,Pedestrian,1,,,,1,Grosvenor Ave,Chalkstone Ave,Kristen Barth,247,23-Sep-21,"Two-Way , Not Divided",Dry,Dark - Lighted,Clear,Not a Collision Between Two Motor Vehicles in Transport,No,Stop Signs,3,1,Complains Of Pain,,41.83239,-71.43954
858324,2021-00074793,21-Sep-21,12:19:00 PM,Other,,,,,1,CHALKSTONE AVE,ROSEBANK AVE ,Joseph Lopes,227,21-Sep-21,"Two-Way , Not Divided",Dry,Daylight,Clear,Not a Collision Between Two Motor Vehicles in Transport,"Yes, M/V and Driver Left Scene",Stop Signs,3,1,Non-Incapacitating,,41.8339,-71.43335
858283,2021-00074624,20-Sep-21,7:16:00 PM,Pedestrian,1,,,,1,BROAD ST,COLFAX ST,Ptlm. Castagliuolo,351,20-Sep-21,"Two-Way , Not Divided",Dry,Daylight,Clear,Not a Collision Between Two Motor Vehicles in Transport,"Yes, M/V and Driver Left Scene",No Controls,1,1,Complains Of Pain,,41.79888,-71.4155
858210,2021-00074319,19-Sep-21,6:00:00 PM,Bicycle,,1,,,1,NORTH MAIN ST,DOYLE AVE ,Robert Carlin,309,19-Sep-21,"Two-Way, Divided, Positive Median Barrier",Dry,Daylight,Clear,Angle (Front - to - Side) Right Angle (Includes Broadside),No,Traffic Control Signal,9,1,Non-Incapacitating,,41.83835,-71.40923
858172,2021-00074012,18-Sep-21,9:15:00 PM,Bicycle,,1,,,1,THURBERS AVE,PRAIRIE AVE ,David Sepe,504,18-Sep-21,"Two-Way , Not Divided",Dry,Dark - Lighted,Clear,Angle (Front - to - Side) Right Angle (Includes Broadside),No,Traffic Control Signal,2,0,No Injury,,41.79873,-71.41191
858115,2021-00073384,16-Sep-21,11:32:00 PM,Bicycle,,1,,,1,BENEVOLENT ST,BROOK ST ,Dayshantell Ramirez,571,17-Sep-21,"Two-Way , Not Divided",Dry,Dark - Lighted,Clear,Not a Collision Between Two Motor Vehicles in Transport,"Yes, M/V and Driver Left Scene",Stop Signs,1,1,Complains Of Pain,,41.8249,-71.39892
858083,2021-00073048,15-Sep-21,6:42:00 PM,Pedestrian,1,,,,1,CHARLES ST,W RIVER ST ,Jose Deschamps,419,15-Sep-21,"Two-Way, Divided, Unprotected (painted>4feet) Medium",Dry,Dark - Lighted,Clear,Not a Collision Between Two Motor Vehicles in Transport,No,Stop Signs,5,1,Incapacitating,,41.83961,-71.4164
858208,2021-00072988,15-Sep-21,3:49:00 PM,Bicycle,,1,,,1,STEEPLE ST,CANAL ST ,Luis Pelaez,336,19-Sep-21,One-Way Trafficway,Dry,Daylight,Clear,Not a Collision Between Two Motor Vehicles in Transport,"Yes, M/V and Driver Left Scene",Traffic Control Signal,1,0,No Injury,,41.82718,-71.40991
858004,2021-00072509,13-Sep-21,9:57:00 PM,Pedestrian,1,,,,1,Douglas Ave,Fillmore St,Tyler Calandra,418,13-Sep-21,"Two-Way , Not Divided",Dry,Dark - Lighted,Clear,Other,No,No Controls,2,1,Complains Of Pain,,,
858005,2021-00072508,13-Sep-21,9:43:00 PM,Pedestrian,1,,,,1,N MAIN ST,CEMETERY ST ,Robert Gaudiana,579,13-Sep-21,"Two-Way, Divided, Positive Median Barrier",Dry,Dark - Lighted,Clear,Other,"Yes, M/V and Driver Left Scene",No Controls,1,1,Complains Of Pain,,41.84859,-71.40405
857938,2021-00072077,12-Sep-21,1:15:00 PM,Bicycle,,1,,,1,Killingly st,PLAINFIELD ST ,Juan Rodrigues,194,12-Sep-21,"Two-Way, Divided, Unprotected (painted>4feet) Medium",Dry,Daylight,Clear,Not a Collision Between Two Motor Vehicles in Transport,No,No Controls,2,1,Complains Of Pain,,41.81313,-71.45946
857942,2021-00072108,12-Sep-21,2:43:00 PM,Pedestrian,1,,,,1,1049 ATWELLS AVENUE,LYNCH ST ,Gargar Grimes,323,12-Sep-21,"Two-Way, Divided, Unprotected (painted>4feet) Medium",Dry,Daylight,Clear,Not a Collision Between Two Motor Vehicles in Transport,No,No Controls,3,1,Incapacitating,,41.82525,-71.45239
857914,2021-00071657,11-Sep-21,10:38:00 AM,Pedestrian,1,,,,1,ATWELLS AVE,EAGLE ST ,Ptlm. Elie,167,11-Sep-21,Unknown,Dry,Daylight,Clear,Other,"Yes, M/V and Driver Left Scene",No Controls,1,0,No Injury,,41.82446,-71.4355
857917,2021-00071742,11-Sep-21,4:36:00 PM,Pedestrian,1,,,,1,MEMORIAL BLVD,WASHINGTON ST ,Ralph Abenante,511,11-Sep-21,"Two-Way, Divided, Positive Median Barrier",Dry,Daylight,Clear,Other,No,Traffic Control Signal,3,1,Complains Of Pain,,41.82637,-71.41019
857830,2021-00070843,08-Sep-21,5:43:00 PM,Bicycle,,1,,,1,S WATER ST,,Miguel Castillo,489,08-Sep-21,One-Way Trafficway,Dry,Daylight,Clear,Angle - Direction Not Specified,No,Traffic Control Signal,2,1,Complains Of Pain,,41.81877,-71.4019
857672,2021-00069228,03-Sep-21,8:52:00 PM,Pedestrian,1,,X,,1,PLEASANT ST,PLEASANT CT ,Ptlm. Castagliuolo,351,03-Sep-21,One-Way Trafficway,Dry,Daylight,Clear,Not a Collision Between Two Motor Vehicles in Transport,"Yes, M/V and Driver Left Scene",Warning Signs,2,0,No Injury,,41.8396,-71.40514
857612,2021-00068792,02-Sep-21,11:07:00 AM,Other,,,,,1,391 CHARLES ST ,SILVER SPRING ST ,Joseph Lopes,227,02-Sep-21,"Two-Way , Not Divided",Dry,Daylight,Clear,Not a Collision Between Two Motor Vehicles in Transport,No,No Controls,4,1,Complains Of Pain,,41.84476,-71.41869
857498,2021-00068207,31-Aug-21,12:45:00 PM,Bicycle,,1,,,1,BOWDITCH PL,DEAN ST ,David Schiavulli,651,31-Aug-21,"Two-Way , Not Divided",Dry,Daylight,Clear,Other,No,No Controls,2,1,Complains Of Pain,2,41.81988,-71.4213
857475,2021-00067999,30-Aug-21,5:15:00 PM,Pedestrian,1,,,,1,HOPE STREET,4TH ST ,Jan Delle Johnson,529,30-Aug-21,"Two-Way , Not Divided",Dry,Daylight,Clear,Not a Collision Between Two Motor Vehicles in Transport,No,No Controls,3,1,Complains Of Pain,,41.84909,-71.39498
857480,2021-00068031,30-Aug-21,7:17:00 PM,Bicycle,,1,,,1,MEMORIAL BLVD,FRANCIS ST ,Ptlm. Castagliuolo,351,30-Aug-21,"Two-Way , Not Divided",Dry,Daylight,Clear,Not a Collision Between Two Motor Vehicles in Transport,No,Traffic Control Signal,2,1,Non-Incapacitating,,41.82577,-71.41527
857484,2021-00068064,30-Aug-21,9:28:00 PM,Bicycle,,1,,,1,Cranston Street,DEXTER ST ,John Najarian,417,30-Aug-21,"Two-Way , Not Divided",Dry,Dark - Lighted,Clear,Not a Collision Between Two Motor Vehicles in Transport,No,Traffic Control Signal,2,0,No Injury,,41.81257,-71.42965
857265,2021-00066517,26-Aug-21,6:33:00 AM,Pedestrian,1,,,,1,CHAPIN AVE,PARADE ST ,Kyle Endres,220,26-Aug-21,"Two-Way , Not Divided",Dry,Daylight,Clear,Not a Collision Between Two Motor Vehicles in Transport,No,Stop Signs,2,1,Non-Incapacitating,,41.81189,-71.43122
857301,2021-00066678,26-Aug-21,7:15:00 PM,Pedestrian,1,,,,1,BROAD ST,PARKIS AVE ,Donald Castigliego,287,26-Aug-21,"Two-Way , Not Divided",Dry,Dusk,Clear,Not a Collision Between Two Motor Vehicles in Transport,"Yes, M/V and Driver Left Scene",No Controls,1,1,Complains Of Pain,,41.80925,-71.42087
857149,2021-00065804,23-Aug-21,12:31:00 PM,Pedestrian,1,,,,1,274 BENEFIT ST ,GEORGE ST ,Joseph Lopes,227,23-Aug-21,"Two-Way , Not Divided",Dry,Daylight,Clear,Not a Collision Between Two Motor Vehicles in Transport,"Yes, M/V and Driver Left Scene",No Controls,2,1,Complains Of Pain,,41.8251,-71.40615
856941,2021-00064389,18-Aug-21,2:53:00 PM,Pedestrian,1,,,,1,ORMS ST,SMITH ST ,Ptlm. Castagliuolo,351,18-Aug-21,"Two-Way , Not Divided",Dry,Daylight,Clear,Not a Collision Between Two Motor Vehicles in Transport,No,Traffic Control Signal,4,1,Complains Of Pain,,41.83372,-71.42229
856892,2021-00064051,17-Aug-21,12:38:00 PM,Bicycle,,1,,,1,355 Reservoir Ave,PONTIAC AVE ,James Annis,454,17-Aug-21,"Two-Way , Not Divided",Dry,Daylight,Clear,Not a Collision Between Two Motor Vehicles in Transport,No,Traffic Control Signal,3,1,Complains Of Pain,3,41.78819,-71.43152
856893,2021-00064046,17-Aug-21,12:20:00 PM,Pedestrian,1,,X,,1,BARBARA LEONARD WAY,N MAIN ST ,Jin O,147,17-Aug-21,"Two-Way , Not Divided",Dry,Daylight,Clear,Not a Collision Between Two Motor Vehicles in Transport,No,Traffic Control Signal,4,0,No Injury,2,41.84063,-71.40879
856906,2021-00064198,17-Aug-21,9:58:00 PM,Bicycle,,1,,,1,BROAD ST,BAKER ST ,Cory Vingi,237,17-Aug-21,"Two-Way , Not Divided",Dry,Dark - Lighted,Clear,Not a Collision Between Two Motor Vehicles in Transport,"Yes, M/V and Driver Left Scene",Traffic Control Signal,4,1,Non-Incapacitating,,41.79275,-71.40789
856850,2021-00063842,16-Aug-21,4:05:00 PM,Bicycle,,1,,,1,BROAD ST,EARLY ST,Ptlm. Castagliuolo,351,16-Aug-21,"Two-Way , Not Divided",Dry,Daylight,Cloudy,Not a Collision Between Two Motor Vehicles in Transport,No,Pavement Markings,2,1,Complains Of Pain,,41.7955,-71.41131
856729,2021-00063031,14-Aug-21,1:53:00 AM,Pedestrian,1,,,,1,HAYES STREET,FRANCIS ST ,Sarita Fernandez,403,14-Aug-21,Unknown,Dry,Dark - Lighted,Clear,Not a Collision Between Two Motor Vehicles in Transport,"Yes, M/V and Driver Left Scene",No Controls,1,0,No Injury,2,41.82925,-71.41635
856789,2021-00063284,14-Aug-21,9:13:00 PM,Pedestrian,1,,,,1,CRANSTON ST,HANOVER ST ,Cory Vingi,237,14-Aug-21,"Two-Way , Not Divided",Dry,Dark - Lighted,Clear,Not a Collision Between Two Motor Vehicles in Transport,No,Pavement Markings,3,1,Complains Of Pain,,41.80947,-71.43356
856699,2021-00062786,13-Aug-21,10:00:00 AM,Pedestrian,1,,,,1,BROADWAY,VALLEY ST ,Juan Rodrigues,194,13-Aug-21,"Two-Way, Divided, Unprotected (painted>4feet) Medium",Dry,Daylight,Clear,Other,No,No Controls,2,1,Complains Of Pain,,41.81689,-71.44083
856630,2021-00062416,12-Aug-21,12:44:00 AM,Pedestrian,1,,,,1,NIANTIC AVE,,Damaris Sanchez,566,12-Aug-21,Unknown,Dry,Dark - Lighted,Clear,Other,No,No Controls,3,1,Complains Of Pain,,41.79468,-71.43867
856644,2021-00062484,12-Aug-21,10:37:00 AM,Bicycle,,1,,,1,Blackstone Bluv,Upton Ave,James Annis,454,12-Aug-21,"Two-Way , Not Divided",Dry,Daylight,Clear,Not a Collision Between Two Motor Vehicles in Transport,"Yes, M/V and Driver Left Scene",No Controls,2,1,Complains Of Pain,2,,
856661,2021-00062557,12-Aug-21,3:00:00 PM,Pedestrian,1,,,,2,CAMP ST,DOYLE AVE ,David Forte,518,12-Aug-21,"Two-Way , Not Divided",Dry,Daylight,Clear,Not a Collision Between Two Motor Vehicles in Transport,No,Stop Signs,4,0,No Injury,,41.83877,-71.4042
856619,2021-00062336,11-Aug-21,7:39:00 PM,Pedestrian,1,,,,1,MEMORIAL BLVD,FRACIS STREET,Donald Castigliego,287,11-Aug-21,"Two-Way, Divided, Positive Median Barrier",Dry,Dusk,Clear,Not a Collision Between Two Motor Vehicles in Transport,No,Traffic Control Signal,3,1,Non-Incapacitating,,41.82578,-71.41524
856622,2021-00062361,11-Aug-21,9:09:00 PM,Pedestrian,1,,,,1,ADELAIDE AVE,BROAD ST ,Donald Castigliego,287,11-Aug-21,"Two-Way , Not Divided",Dry,Dark - Lighted,Clear,Not a Collision Between Two Motor Vehicles in Transport,"Yes, M/V and Driver Left Scene",No Controls,2,1,Non-Incapacitating,,41.79871,-71.41591
856563,2021-00061952,10-Aug-21,1:46:00 PM,Pedestrian,1,,,,1,CUSHING ST,BROOK STREET,Raymond King,633,10-Aug-21,"Two-Way , Not Divided",Dry,Daylight,Clear,Head-On (Front - to - Front),No,Stop Signs,5,1,Complains Of Pain,2,41.83018,-71.39876
856518,2021-00061484,08-Aug-21,8:43:00 PM,Pedestrian,1,,,,1,24 MORNING STAR ROAD,,Donald Castigliego,287,08-Aug-21,"Two-Way , Not Divided",Dry,Dark - Lighted,Clear,Not a Collision Between Two Motor Vehicles in Transport,"Yes, M/V and Driver Left Scene",No Controls,1,1,Non-Incapacitating,,,
856479,2021-00061019,07-Aug-21,2:43:00 PM,Pedestrian,1,,,,1,N MAIN ST,DOYLE AVE ,Robert Gaudiana,579,07-Aug-21,"Two-Way, Divided, Positive Median Barrier",Dry,Daylight,Clear,Not a Collision Between Two Motor Vehicles in Transport,"Yes, M/V and Driver Left Scene",Traffic Control Signal,1,1,Complains Of Pain,,41.83823,-71.40925
856439,2021-00060624,06-Aug-21,9:38:00 AM,Pedestrian,1,,,,1,775 Cranston Street,,Thiago Gomes,532,06-Aug-21,Unknown,Dry,Daylight,Clear,Other,No,No Controls,3,1,Complains Of Pain,,,
856367,2021-00059961,03-Aug-21,5:04:00 PM,Bicycle,,1,,,1,Academy Ave,HEALTH AVE ,David Liu,318,03-Aug-21,"Two-Way , Not Divided",Dry,Daylight,Clear,Head-On (Front - to - Front),No,No Controls,4,1,Complains Of Pain,,41.82778,-71.4438
856314,2021-00059735,02-Aug-21,9:10:00 PM,Pedestrian,1,,,,1,BROAD ST,SACKETT ST ,Donald Castigliego,287,02-Aug-21,"Two-Way , Not Divided",Dry,Dark - Lighted,Clear,Not a Collision Between Two Motor Vehicles in Transport,No,Traffic Control Signal,4,1,Fatal,,41.79614,-71.4121
856204,2021-00058932,31-Jul-21,1:04:00 PM,Pedestrian,1,,,,1,FREMONT ST,IVES ST ,Joseph Lopes,227,31-Jul-21,"Two-Way , Not Divided",Dry,Daylight,Clear,Not a Collision Between Two Motor Vehicles in Transport,No,Other,3,1,Non-Incapacitating,,41.82231,-71.39212
856207,2021-00058973,31-Jul-21,4:09:00 PM,Other,,1,X,,1,LOCKWOOD ST,HAYWARD ST ,John Benros,481,31-Jul-21,Unknown,Dry,Daylight,Clear,Unknown,Unknown,Unknown,2,1,Complains Of Pain,,41.81473,-71.41935
856179,2021-00058708,30-Jul-21,8:55:00 PM,Pedestrian,1,,,,1,Broad Street,FRICKER ST ,John Najarian,417,30-Jul-21,"Two-Way , Not Divided",Dry,Dark - Lighted,Clear,Not a Collision Between Two Motor Vehicles in Transport,No,No Controls,3,1,Complains Of Pain,,41.81478,-71.42094
855959,2021-00057086,24-Jul-21,9:30:00 PM,Bicycle,,1,,,1,CHALKSTONE AVE,SMITH ST ,Andrew In,540,24-Jul-21,"Two-Way , Not Divided",Dry,Dark - Lighted,Clear,Not a Collision Between Two Motor Vehicles in Transport,"Yes, M/V and Driver Left Scene",Traffic Control Signal,1,0,No Injury,,41.83521,-71.42565
855913,2021-00056773,23-Jul-21,10:52:00 PM,Pedestrian,1,,,,1,HARTFORD AVE,BODELL AVE,Ibrahim Yousif,196,23-Jul-21,"Two-Way, Divided, Unprotected (painted>4feet) Medium",Wet,Dark - Lighted,Clear,Not a Collision Between Two Motor Vehicles in Transport,"Yes, M/V and Driver Left Scene",Traffic Control Signal,1,1,Complains Of Pain,,41.81768,-71.45395
855831,2021-00056008,21-Jul-21,2:36:00 PM,Bicycle,,1,,,1,Cranston St,POTTERS AVE ,Guillermo Vargas,404,21-Jul-21,"Two-Way, Divided, Positive Median Barrier",Dry,Daylight,Clear,Other,No,No Controls,5,1,Complains Of Pain,,41.80506,-71.43777
855728,2021-00055317,18-Jul-21,11:21:00 PM,Pedestrian,1,,,,1,451 SMITH ST,CHALKSTONE AVE ,Jose Deschamps,419,19-Jul-21,"Two-Way, Divided, Unprotected (painted>4feet) Medium",Dry,Dark - Lighted,Clear,Other,No,Traffic Control Signal,2,1,Fatal,,41.83531,-71.4259
855638,2021-00054477,16-Jul-21,1:29:00 PM,Pedestrian,1,,,,1,BRANCH AVE,OPPER ST ,Ybelis Gonzalez,376,16-Jul-21,"Two-Way, Divided, Unprotected (painted>4feet) Medium",Dry,Daylight,Clear,Not a Collision Between Two Motor Vehicles in Transport,No,Traffic Control Signal,2,1,Complains Of Pain,,41.85173,-71.42336
855639,2021-00054503,16-Jul-21,2:49:00 PM,Pedestrian,1,1,,,2,BROAD ST,PEARL ST ,Ptlm. Castagliuolo,351,16-Jul-21,"Two-Way , Not Divided",Dry,Daylight,Clear,Not a Collision Between Two Motor Vehicles in Transport,"Yes, M/V and Driver Left Scene",No Controls,3,2,Incapacitating,,41.81475,-71.42095
855689,2021-00054654,16-Jul-21,11:24:00 PM,Bicycle,,1,,,1,PLAINFIELD ST,WEBSTER AVE ,Cory Vingi,237,17-Jul-21,"Two-Way , Not Divided",Dry,Dark - Lighted,Clear,Angle (Front - to - Side) Right Angle (Includes Broadside),No,Traffic Control Signal,5,1,Fatal,,41.81366,-71.45082
855537,2021-00053909,14-Jul-21,3:44:00 PM,Pedestrian,1,,,,1,ARLINGTON AVE,IRVING AVE ,Donald Castigliego,287,14-Jul-21,"Two-Way , Not Divided",Dry,Daylight,Clear,Not a Collision Between Two Motor Vehicles in Transport,"Yes, M/V and Driver Left Scene",No Controls,4,1,Incapacitating,,41.83169,-71.39327
855554,2021-00054039,14-Jul-21,10:05:00 PM,Bicycle,,1,,,1,99 KENNEDY PLAZA,DORRANCE ST ,Cory Vingi,237,14-Jul-21,"Two-Way , Not Divided",Dry,Dark - Lighted,Clear,Unknown,"Yes, M/V and Driver Left Scene",No Controls,1,1,Complains Of Pain,,41.82428,-71.41216
855555,2021-00054045,14-Jul-21,10:50:00 PM,Bicycle,,1,,,1,CRANSTON ST,DEXTER ST ,Cory Vingi,237,14-Jul-21,"Two-Way , Not Divided",Dry,Dark - Lighted,Clear,Unknown,"Yes, M/V and Driver Left Scene",No Controls,1,1,Non-Incapacitating,,41.81264,-71.42951
855448,2021-00053426,12-Jul-21,8:36:00 PM,Bicycle,,1,,,1,Broad St,Potters Ave,Gerry Kue,393,12-Jul-21,"Two-Way , Not Divided",Dry,Dark - Lighted,Clear,Angle (Front - to - Side) Right Angle (Includes Broadside),No,Traffic Control Signal,2,1,Complains Of Pain,,41.80297,-71.41891
855449,2021-00053420,12-Jul-21,7:43:00 PM,Pedestrian,1,,,,1,BENEDICT ST,SORRENTO ST ,Ptlm. Castagliuolo,351,12-Jul-21,"Two-Way , Not Divided",Dry,Daylight,Cloudy,Not a Collision Between Two Motor Vehicles in Transport,"Yes, M/V and Driver Left Scene",No Controls,1,1,Complains Of Pain,,41.80607,-71.43881
855394,2021-00053018,11-Jul-21,9:28:00 AM,Bicycle,,1,,,1,LEDGE ST,CHARLES ST ,Joshua Cascione,225,11-Jul-21,"Two-Way , Not Divided",Dry,Daylight,Cloudy,Not a Collision Between Two Motor Vehicles in Transport,"Yes, M/V and Driver Left Scene",No Controls,2,1,Complains Of Pain,,41.85325,-71.41996
855348,2021-00052687,10-Jul-21,1:09:00 PM,Pedestrian,1,,,,1,CRANSTON ST,ALTHEA ST ,Jessica Leone,258,10-Jul-21,"Two-Way , Not Divided",Dry,Daylight,Clear,Not a Collision Between Two Motor Vehicles in Transport,No,No Controls,2,1,Complains Of Pain,,41.80773,-71.43508
855272,2021-00052224,08-Jul-21,6:50:00 PM,Pedestrian,1,,,,1,HAWKINS ST,BRANCH AVE ,Cory Vingi,237,08-Jul-21,"Two-Way , Not Divided",Wet,Dusk,Rain,Not a Collision Between Two Motor Vehicles in Transport,No,Traffic Control Signal,4,1,Incapacitating,,41.8509,-71.42142
855195,2021-00051736,07-Jul-21,1:06:00 AM,Pedestrian,1,,,,1,Hartford Ave,Olneyville Sq,Kristen Barth,247,07-Jul-21,One-Way Trafficway,Dry,Dark - Lighted,Clear,Not a Collision Between Two Motor Vehicles in Transport,"Yes, M/V and Driver Left Scene",No Controls,1,1,Complains Of Pain,,41.81673,-71.44427
855177,2021-00051579,06-Jul-21,3:04:00 PM,Bicycle,,1,,,1,CRANSTON ST,FRICKER ST ,Waldorf Pognon,501,06-Jul-21,"Two-Way , Not Divided",Dry,Daylight,Clear,Angle (Front - to - Side) Same Direction,No,No Controls,3,1,Complains Of Pain,2,41.81695,-71.4226
855180,2021-00051628,06-Jul-21,5:54:00 PM,Pedestrian,1,,,,1,ATWELLS AVE,JULIAN ST ,Ptlm. Castagliuolo,351,06-Jul-21,"Two-Way , Not Divided",Dry,Daylight,Cloudy,Not a Collision Between Two Motor Vehicles in Transport,No,No Controls,3,1,Non-Incapacitating,,41.82484,-71.44448
854967,2021-00049820,30-Jun-21,4:59:00 PM,Pedestrian,2,,X,,1,ATWELLS AVE,WEEDEN ST ,Ptlm. Castagliuolo,351,30-Jun-21,"Two-Way , Not Divided",Dry,Daylight,Clear,Not a Collision Between Two Motor Vehicles in Transport,"Yes, M/V and Driver Left Scene",No Controls,3,1,Non-Incapacitating,,41.8234,-71.42431