CrashReportId,ReportNumber,CrashDate,CrashTime,Collision Type,CountPedestrian,CountBicycle,Scooter,Wheel Chair,NumberofVehicles,StreetOrHighway,NearestIntersection,Officer,Badge,ReportDate,TypeOfRoadway,RoadSurfaceCondition,LightCondition,WeatherCondition,MannerofImpact,HitAndRun,TrafficControl,PersonCount,InjuryCount,MostSeriousInjury,NumberOfLanes,Latitude,Longitude
854911,2021-00049628,29-Jun-21,10:44:00 PM,Bicycle,,1,,,1,Smith Street,Chalkstone Ave,Kristen Barth,247,29-Jun-21,"Two-Way , Not Divided",Dry,Dark - Lighted,Clear,Not a Collision Between Two Motor Vehicles in Transport,"Yes, M/V and Driver Left Scene",Traffic Control Signal,1,1,Complains Of Pain,,41.83521,-71.42565
854829,2021-00049173,28-Jun-21,10:53:00 AM,Bicycle,,1,,,2,LENOX AVE,NIAGARA ST ,Joseph Lopes,227,28-Jun-21,"Two-Way , Not Divided",Dry,Daylight,Clear,Not a Collision Between Two Motor Vehicles in Transport,No,Stop Signs,4,2,Incapacitating,,41.79732,-71.41793
854775,2021-00048689,27-Jun-21,1:00:00 AM,Pedestrian,1,,,,1,POWER ST,POWER ST ,Shaolin Herr,556,27-Jun-21,One-Way Trafficway,Dry,Dark - Lighted,Clear,Not a Collision Between Two Motor Vehicles in Transport,"Yes, M/V and Driver Left Scene",No Controls,3,0,Unknown,,41.82266,-71.40536
854647,2021-00047794,24-Jun-21,1:21:00 PM,Pedestrian,1,,,,1,POTTERS AVE,BROAD ST ,Joseph Lopes,227,24-Jun-21,"Two-Way , Not Divided",Dry,Daylight,Clear,Not a Collision Between Two Motor Vehicles in Transport,No,Traffic Control Signal,4,1,Non-Incapacitating,,41.80297,-71.41891
854579,2021-00047465,23-Jun-21,10:41:00 AM,Bicycle,,1,,,1,IRVING AVE,BLACKSTONE BLVD ,Joseph Lopes,227,23-Jun-21,"Two-Way, Divided, Positive Median Barrier",Dry,Daylight,Clear,Not a Collision Between Two Motor Vehicles in Transport,No,Pavement Markings,4,1,Incapacitating,,41.83413,-71.38419
854584,2021-00047491,23-Jun-21,12:45:00 PM,Pedestrian,1,,,,1,POTTERS AVE,ELMWOOD AVE ,Michael Maycock,281,23-Jun-21,"Two-Way , Not Divided",Dry,Daylight,Clear,Not a Collision Between Two Motor Vehicles in Transport,No,Traffic Control Signal,3,1,Incapacitating,,41.80151,-71.42635
854527,2021-00047173,22-Jun-21,6:27:00 AM,Pedestrian,1,,,,1,PROMENADE ST,KINSLEY AVE ,Kyle Endres,220,22-Jun-21,"Two-Way , Not Divided",Dry,Daylight,Clear,Not a Collision Between Two Motor Vehicles in Transport,No,Stop Signs,2,1,Complains Of Pain,,41.82937,-71.4241
854593,2021-00047264,22-Jun-21,2:03:00 PM,Pedestrian,1,,,,1,ABBOTT ST,ROYAL ST,Kyana Williams,426,23-Jun-21,One-Way Trafficway,Wet,Daylight,Rain,Not a Collision Between Two Motor Vehicles in Transport,No,No Controls,2,1,Complains Of Pain,,41.81911,-71.3893
854337,2021-00045787,18-Jun-21,2:10:00 AM,Pedestrian,1,,,,1,51 Silver Spring Street,Charles Street,Kristen Barth,247,18-Jun-21,Unknown,Dry,Dark - Lighted,Clear,Not a Collision Between Two Motor Vehicles in Transport,"Yes, M/V and Driver Left Scene",No Controls,1,1,Incapacitating,,41.84501,-71.41842
854356,2021-00045997,18-Jun-21,8:06:00 PM,Pedestrian,1,,,,1,FRANCIS ST,AMERICAN EXPRESS PLZ ,Jonathyn Pirolli,385,18-Jun-21,"Two-Way , Not Divided",Dry,Dark - Lighted,Clear,Head-On (Front - to - Front),"Yes, M/V and Driver Left Scene",No Controls,1,1,Complains Of Pain,,41.82745,-71.41541
854362,2021-00046060,18-Jun-21,11:05:00 PM,Pedestrian,1,,,,1,Broad Street,Fricker Street,Kristen Barth,247,18-Jun-21,"Two-Way , Not Divided",Dry,Dark - Lighted,Clear,Not a Collision Between Two Motor Vehicles in Transport,"Yes, M/V and Driver Left Scene",No Controls,1,1,Complains Of Pain,,41.81528,-71.42066
854220,2021-00044667,14-Jun-21,3:06:00 PM,Pedestrian,1,,,,1,River Ave.,Smith St.,Harrison Northup,232,14-Jun-21,"Two-Way , Not Divided",Wet,Daylight,Rain,Not a Collision Between Two Motor Vehicles in Transport,No,Traffic Control Signal,2,1,Complains Of Pain,,41.84058,-71.44055
854148,2021-00044142,12-Jun-21,10:48:00 PM,Pedestrian,1,,,,1,Broad Street,Stewart Street,Kristen Barth,247,12-Jun-21,"Two-Way , Not Divided",Dry,Dark - Lighted,Clear,Not a Collision Between Two Motor Vehicles in Transport,"Yes, M/V and Driver Left Scene",Traffic Control Signal,1,1,Complains Of Pain,,41.81692,-71.41795
853952,2021-00042900,08-Jun-21,7:13:00 PM,Bicycle,,1,,,1,CHAFFEE ST,BAILEY CT ,Cory Vingi,237,08-Jun-21,"Two-Way , Not Divided",Dry,Daylight,Clear,Not a Collision Between Two Motor Vehicles in Transport,No,No Controls,2,1,Non-Incapacitating,,41.81931,-71.44445
853801,2021-00042061,06-Jun-21,1:53:00 AM,Pedestrian,1,,,,1,SILVER SPRING ST,CHARLES ST ,Daviniel Urizar,555,06-Jun-21,"Two-Way, Not Divided With a Continuous Left Turn Lane",Dry,Dark - Lighted,Clear,Not a Collision Between Two Motor Vehicles in Transport,"Yes, M/V and Driver Left Scene",Traffic Control Signal,3,1,Complains Of Pain,,41.84501,-71.41842
853749,2021-00041681,05-Jun-21,6:29:00 AM,Pedestrian,2,,,,1,CRANSTON ST,POTTERS AVE ,Victor Tavarez,564,05-Jun-21,"Two-Way, Divided, Unprotected (painted>4feet) Medium",Dry,Daylight,Clear,Not a Collision Between Two Motor Vehicles in Transport,"Yes, Driver Left Scene",No Controls,3,2,Incapacitating,2,41.80471,-71.43816
853666,2021-00041147,03-Jun-21,6:36:00 PM,Pedestrian,1,,,,1,ROSEDALE ST,MESSER ST ,Kyle Endres,220,03-Jun-21,"Two-Way , Not Divided",Dry,Daylight,Clear,Not a Collision Between Two Motor Vehicles in Transport,No,No Controls,4,0,No Injury,,41.81038,-71.4356
853631,2021-00040764,02-Jun-21,2:26:00 PM,Pedestrian,1,,,X,1,MANTON AVE,OLNEYVILLE SQ ,Donald Castigliego,287,02-Jun-21,"Two-Way, Divided, Positive Median Barrier",Dry,Daylight,Clear,Not a Collision Between Two Motor Vehicles in Transport,"Yes, M/V and Driver Left Scene",Pavement Markings,2,1,Complains Of Pain,,41.81677,-71.44322
853644,2021-00040792,02-Jun-21,4:31:00 PM,Bicycle,,1,,,1,BROADWAY,WESTMINSTER ST ,Ryan Malloy,311,02-Jun-21,"Two-Way , Not Divided",Dry,Daylight,Clear,"Sideswipe, Same Direction",No,No Controls,2,1,Complains Of Pain,,41.81663,-71.44201
853479,2021-00039819,30-May-21,12:19:00 AM,Pedestrian,1,,,,1,Francis Street,Fountain Street,Kristen Barth,247,30-May-21,"Two-Way , Not Divided",Wet,Dark - Lighted,Clear,Not a Collision Between Two Motor Vehicles in Transport,"Yes, M/V and Driver Left Scene",Traffic Control Signal,2,1,Incapacitating,,41.82492,-71.41462
853375,2021-00038994,27-May-21,10:44:00 AM,Pedestrian,1,,,,1,SMITH ST,ORMS ST ,Dormica Waters,427,27-May-21,"Two-Way , Not Divided",Dry,Daylight,Clear,Other,No,Traffic Control Signal,3,1,Complains Of Pain,,41.8338,-71.42207
853381,2021-00038964,27-May-21,9:08:00 AM,Bicycle,,1,,,1,Ledge St,Silver Spring St,James Annis,454,27-May-21,"Two-Way , Not Divided",Dry,Daylight,Clear,Not a Collision Between Two Motor Vehicles in Transport,No,Stop Signs,5,1,Complains Of Pain,2,,
853318,2021-00038522,25-May-21,4:07:00 PM,Pedestrian,1,,,,1,WASHINGTON ST,EDDY ST ,Ptlm. Castagliuolo,351,25-May-21,"Two-Way , Not Divided",Dry,Daylight,Clear,Not a Collision Between Two Motor Vehicles in Transport,No,Pavement Markings,2,1,Non-Incapacitating,,41.82401,-71.4134
853281,2021-00038230,24-May-21,2:41:00 PM,Bicycle,,1,,,1,CAMP ST,DOYLE AVE ,Ptlm. Castagliuolo,351,24-May-21,"Two-Way , Not Divided",Dry,Daylight,Clear,Not a Collision Between Two Motor Vehicles in Transport,No,Stop Signs,2,1,Complains Of Pain,,41.8388,-71.40419
853283,2021-00038255,24-May-21,4:23:00 PM,Pedestrian,1,,X,,1,N MAIN ST,DOYLE AVE ,Robert Gaudiana,579,24-May-21,"Two-Way , Not Divided",Dry,Daylight,Clear,Not a Collision Between Two Motor Vehicles in Transport,No,Traffic Control Signal,2,1,Complains Of Pain,,41.83835,-71.40923
853093,2021-00036782,20-May-21,2:56:00 PM,Pedestrian,1,,,,1,CLARENCE ST,WEBSTER AVE ,Ptlm. Castagliuolo,351,20-May-21,"Two-Way , Not Divided",Dry,Daylight,Clear,Not a Collision Between Two Motor Vehicles in Transport,No,Pavement Markings,3,1,Complains Of Pain,,41.80999,-71.44906
853135,2021-00036868,20-May-21,7:54:00 PM,Pedestrian,1,,,,1,Houghton St,Veazie St,Ptlm. Castagliuolo,351,20-May-21,"Two-Way , Not Divided",Dry,Daylight,Clear,Not a Collision Between Two Motor Vehicles in Transport,"Yes, M/V and Driver Left Scene",No Controls,1,1,Non-Incapacitating,,41.85651,-71.43483
852911,2021-00035510,16-May-21,1:14:00 PM,Pedestrian,1,,,,1,325 VALLEY ST,TURNER ST ,Joshua Cascione,225,16-May-21,"Two-Way , Not Divided",Dry,Daylight,Cloudy,Not a Collision Between Two Motor Vehicles in Transport,No,No Controls,3,1,Complains Of Pain,,41.82588,-71.43896
852927,2021-00035227,15-May-21,7:44:00 PM,Pedestrian,1,,,,1,Lowell Ave,NYE ST ,Larissa Vadney,401,16-May-21,"Two-Way , Not Divided",Dry,Dark - Lighted,Clear,Not a Collision Between Two Motor Vehicles in Transport,"Yes, M/V and Driver Left Scene",No Controls,2,0,No Injury,,41.81648,-71.46019
851670,2021-00034218,12-May-21,3:26:00 PM,Bicycle,,1,,,1,Manton ave,TANYARD LN ,Jan Delle Johnson,529,12-May-21,"Two-Way, Divided, Unprotected (painted>4feet) Medium",Dry,Daylight,Clear,"Sideswipe, Same Direction",No,No Controls,3,1,Complains Of Pain,,41.81729,-71.44379
851603,2021-00033945,11-May-21,3:58:00 PM,Pedestrian,1,,,X,1,SORRENTO ST,WADSWORTH ST ,Abraham Lugo,525,11-May-21,"Two-Way , Not Divided",Dry,Daylight,Clear,Not a Collision Between Two Motor Vehicles in Transport,No,No Controls,2,1,Complains Of Pain,,41.80663,-71.43846
851513,2021-00033659,10-May-21,2:07:00 PM,Pedestrian,1,,,,1,POTTERS AVE,BROAD ST ,Joshua Cascione,225,10-May-21,"Two-Way , Not Divided",Dry,Daylight,Clear,Not a Collision Between Two Motor Vehicles in Transport,No,Traffic Control Signal,2,0,No Injury,,41.80297,-71.41891
851564,2021-00033844,10-May-21,5:00:00 PM,Bicycle,1,,,,1,MERINO ST,EASTWOOD AVE ,Ivan Tavarez,204,11-May-21,"Two-Way , Not Divided",Dry,Daylight,Clear,Angle (Front - to - Side) Right Angle (Includes Broadside),"Yes, M/V and Driver Left Scene",No Controls,2,1,Complains Of Pain,,41.81504,-71.45787
851493,2021-00033569,09-May-21,11:00:00 PM,Pedestrian,2,,,,1,160 Benedict St,CRANSTON ST ,Louis Prete,522,10-May-21,Unknown,Wet,Dark - Lighted,Rain,Not a Collision Between Two Motor Vehicles in Transport,"Yes, M/V and Driver Left Scene",No Controls,2,2,Complains Of Pain,,41.80585,-71.43835
851187,2021-00032379,06-May-21,8:12:00 AM,Other,,,X,,1,POCASSET AVE,LOWELL AVE ,Joseph Lopes,227,06-May-21,"Two-Way , Not Divided",Dry,Daylight,Clear,Not a Collision Between Two Motor Vehicles in Transport,No,Stop Signs,2,1,Non-Incapacitating,,41.80976,-71.45478
851151,2021-00032256,05-May-21,5:10:00 PM,Pedestrian,1,,,,1,BROADWAY,EMPIRE ST ,Ptlm. Castagliuolo,351,05-May-21,"Two-Way , Not Divided",Wet,Daylight,Rain,Not a Collision Between Two Motor Vehicles in Transport,No,Pavement Markings,2,1,Complains Of Pain,,41.82257,-71.41747
851034,2021-00031881,04-May-21,9:13:00 AM,Pedestrian,1,,,,1,35 TERMINAL RD,,Joshua Cascione,225,04-May-21,"Two-Way , Not Divided",Wet,Daylight,Rain,Not a Collision Between Two Motor Vehicles in Transport,No,No Controls,2,1,Complains Of Pain,,,
851049,2021-00031943,04-May-21,1:28:00 PM,Pedestrian,1,,,,1,601 N Main St,,James Annis,454,04-May-21,"Two-Way , Not Divided",Dry,Daylight,Cloudy,Not a Collision Between Two Motor Vehicles in Transport,"Yes, M/V and Driver Left Scene",No Controls,1,1,Complains Of Pain,,,
851095,2021-00032064,04-May-21,8:59:00 PM,Pedestrian,1,,,,1,ATWELLS AVE AT DEAN ST,DEAN ST ,Kyle Endres,220,04-May-21,"Two-Way , Not Divided",Dry,Dark - Lighted,Clear,Not a Collision Between Two Motor Vehicles in Transport,No,Traffic Control Signal,3,1,Incapacitating,,41.82339,-71.4242
850500,2021-00029967,27-Apr-21,2:24:00 PM,Bicycle,,1,,,1,VALLEY ST,HEMLOCK ST ,Ptlm.  Elie,167,27-Apr-21,"Two-Way , Not Divided",Dry,Daylight,Clear,Angle (Front - to - Side) Right Angle (Includes Broadside),No,Stop Signs,3,1,Complains Of Pain,,41.83044,-71.43051
850317,2021-00029143,24-Apr-21,2:30:00 PM,Pedestrian,2,,,,1,WAVERLY ST,KENWOOD ST ,Thiago Gomes,532,24-Apr-21,"Two-Way , Not Divided",Dry,Daylight,Clear,Not a Collision Between Two Motor Vehicles in Transport,No,No Controls,4,1,Non-Incapacitating,2,41.80888,-71.43569
850258,2021-00028524,22-Apr-21,12:39:00 PM,Pedestrian,1,,,,1,LISI LN,LANGDON ST ,Robert Gaudiana,579,22-Apr-21,"Two-Way , Not Divided",Dry,Daylight,Clear,Not a Collision Between Two Motor Vehicles in Transport,No,No Controls,3,1,Complains Of Pain,,41.85832,-71.42405
850109,2021-00028029,20-Apr-21,2:43:00 PM,Pedestrian,1,,,,1,DEXTER ST,CRANSTON ST ,Ptlm. Castagliuolo,351,20-Apr-21,"Two-Way , Not Divided",Dry,Daylight,Clear,Not a Collision Between Two Motor Vehicles in Transport,No,No Controls,2,1,Non-Incapacitating,,41.81267,-71.42962
850123,2021-00027994,20-Apr-21,12:19:00 PM,Bicycle,,1,,,1,5 BRANCH AVE,DRYDEN LN ,Jin O,147,20-Apr-21,"Two-Way , Not Divided",Dry,Daylight,Clear,Not a Collision Between Two Motor Vehicles in Transport,No,No Controls,3,0,No Injury,2,41.84252,-71.4083
849775,2021-00026593,15-Apr-21,11:25:00 AM,Pedestrian,1,,,,1,BLACKSTONE ST,EDDY ST ,Erick Fernandez,228,15-Apr-21,"Two-Way , Not Divided",Dry,Daylight,Cloudy,Not a Collision Between Two Motor Vehicles in Transport,No,No Controls,2,1,Complains Of Pain,,41.81013,-71.40722
849821,2021-00266511,15-Apr-21,3:25:00 PM,Pedestrian,1,,,,1,PUBLIC ST,BROAD ST ,Erick Fernandez,228,16-Apr-21,"Two-Way , Not Divided",Dry,Daylight,Cloudy,Not a Collision Between Two Motor Vehicles in Transport,"Yes, M/V and Driver Left Scene",No Controls,1,1,Complains Of Pain,,41.80442,-71.41935
849748,2021-00026388,14-Apr-21,4:05:00 PM,Bicycle,,1,,,1,CLEVELAND ST,LAUREL HILL AVE ,Ptlm. Castagliuolo,351,14-Apr-21,"Two-Way , Not Divided",Dry,Daylight,Clear,Not a Collision Between Two Motor Vehicles in Transport,No,No Controls,2,1,Non-Incapacitating,,41.81587,-71.45588
849752,2021-00026429,14-Apr-21,6:07:00 PM,Bicycle,,1,,,1,VANDEWATER ST,BRANCH AVE ,Donald Castigliego,287,14-Apr-21,"Two-Way , Not Divided",Dry,Daylight,Clear,Not a Collision Between Two Motor Vehicles in Transport,No,No Controls,4,1,Complains Of Pain,,41.85367,-71.42883
849644,2021-00025843,12-Apr-21,2:57:00 PM,Bicycle,,1,,,1,BROAD ST,BROAD ST ,Ptlm. Castagliuolo,351,12-Apr-21,"Two-Way , Not Divided",Dry,Daylight,Clear,Not a Collision Between Two Motor Vehicles in Transport,No,Pavement Markings,3,0,No Injury,,41.79929,-71.41603
849507,2021-00024636,08-Apr-21,5:21:00 PM,Bicycle,,1,,,1,FLORAL AVE,CLADRASH'S AVE ,Jason Cotugno,173,08-Apr-21,"Two-Way , Not Divided",Dry,Daylight,Clear,Not a Collision Between Two Motor Vehicles in Transport,"Yes, M/V and Driver Left Scene",No Controls,2,1,Non-Incapacitating,2,41.78419,-71.40703
849419,2021-00024374,07-Apr-21,5:38:00 PM,Bicycle,,1,,,1,NORTH MAIN STREET,CHURCH ST ,Donald Castigliego,287,07-Apr-21,One-Way Trafficway,Dry,Daylight,Clear,Not a Collision Between Two Motor Vehicles in Transport,No,No Controls,6,1,Non-Incapacitating,,41.83071,-71.41035
849334,2021-00023979,06-Apr-21,11:49:00 AM,Bicycle,,1,,,1,VALLEY ST ,HAROLD ST ,Joseph Lopes,227,06-Apr-21,"Two-Way , Not Divided",Dry,Daylight,Clear,Not a Collision Between Two Motor Vehicles in Transport,No,Stop Signs,2,1,Non-Incapacitating,,41.8269,-71.43756
849373,2021-00024109,06-Apr-21,8:00:00 PM,Bicycle,,1,,,1,72 Goddard St,CANDACE ST ,Kyle Endres,220,06-Apr-21,"Two-Way , Not Divided",Dry,Dark - Lighted,Clear,Not a Collision Between Two Motor Vehicles in Transport,No,No Controls,3,1,Incapacitating,,41.83463,-71.42069
849381,2021-00024127,06-Apr-21,8:52:00 PM,Pedestrian,1,,X,,1,BROAD ST,FRICKER ST ,Christopher Castagliuolo,351,06-Apr-21,"Two-Way , Not Divided",Dry,Dark - Lighted,Clear,Not a Collision Between Two Motor Vehicles in Transport,No,Pavement Markings,2,1,Non-Incapacitating,,41.81528,-71.42066
849204,2021-00023539,04-Apr-21,4:35:00 PM,Pedestrian,1,,,,1,ACADEMY AVENUE,NEWARK ST ,Gargar Grimes,323,04-Apr-21,"Two-Way, Divided, Unprotected (painted>4feet) Medium",Dry,Daylight,Clear,Not a Collision Between Two Motor Vehicles in Transport,No,No Controls,2,1,Complains Of Pain,,41.82544,-71.4434
848959,2021-00022443,31-Mar-21,3:04:00 PM,Bicycle,,1,,,1,BROOK ST,WILLIAMS ST ,SERGEANT MICHAEL R. TROIA / PATROL BUREAU,60,31-Mar-21,"Two-Way , Not Divided",Dry,Daylight,Clear,Angle (Front - to - Side) Right Angle (Includes Broadside),No,Stop Signs,3,1,Complains Of Pain,2,41.82248,-71.3986
848969,2021-00022522,31-Mar-21,7:57:00 PM,Pedestrian,1,,,,1,PLAINFIELD ST,WEBSTER AVE ,William Sherrill,363,31-Mar-21,"Two-Way, Divided, Unprotected (painted>4feet) Medium",Wet,Dark - Lighted,Rain,Head-On (Front - to - Front),"Yes, M/V and Driver Left Scene",Traffic Control Signal,1,1,Complains Of Pain,,41.81366,-71.45081
848788,2021-00021816,29-Mar-21,12:54:00 PM,Pedestrian,1,,,,1,WASHINGTON ST,DAVE GAVITT WAY,Joshua Cascione,225,29-Mar-21,"Two-Way , Not Divided",Dry,Daylight,Clear,Not a Collision Between Two Motor Vehicles in Transport,No,Traffic Control Signal,3,1,Complains Of Pain,,41.82022,-71.41883
848792,2021-00021818,29-Mar-21,12:56:00 PM,Pedestrian,1,,,,1,ORMS ST,SMITH ST ,Kaitlin Coogan,234,29-Mar-21,"Two-Way , Not Divided",Dry,Daylight,Clear,Not a Collision Between Two Motor Vehicles in Transport,"Yes, M/V and Driver Left Scene",No Controls,1,1,Complains Of Pain,,41.83376,-71.422
848640,2021-00021229,27-Mar-21,11:53:00 AM,Pedestrian,1,,,,1,850 Manton Ave ,MANTON CT ,James Annis,454,27-Mar-21,"Two-Way , Not Divided",Dry,Daylight,Clear,Not a Collision Between Two Motor Vehicles in Transport,"Yes, M/V and Driver Left Scene",Unknown,1,1,Complains Of Pain,2,41.83358,-71.46604
848583,2021-00021065,26-Mar-21,8:30:00 PM,Pedestrian,1,,,,1,W RIVER ST,BRANCH AVE ,Cory Vingi,237,26-Mar-21,"Two-Way , Not Divided",Dry,Dark - Lighted,Clear,Not a Collision Between Two Motor Vehicles in Transport,"Yes, M/V and Driver Left Scene",No Controls,1,1,Complains Of Pain,,41.84598,-71.41326
848492,2021-00020770,25-Mar-21,8:47:00 PM,Pedestrian,1,,,,1,MEMORIAL BLVD,FRANCIS ST ,Christopher Castagliuolo,351,25-Mar-21,"Two-Way , Not Divided",Dry,Dark - Lighted,Clear,Not a Collision Between Two Motor Vehicles in Transport,No,Traffic Control Signal,3,1,Complains Of Pain,,41.82577,-71.41527
848391,2021-00020078,23-Mar-21,2:19:00 PM,Other,,1,,,1,N MAIN STREET,7TH ST ,Dormica Waters,427,24-Mar-21,"Two-Way, Divided, Positive Median Barrier",Dry,Daylight,Clear,Not a Collision Between Two Motor Vehicles in Transport,No,No Controls,2,0,No Injury,,41.85416,-71.40056
848292,2021-00019839,22-Mar-21,4:02:00 PM,Pedestrian,1,,,,1,CANAL ST,SMITH ST ,Robert Gaudiana,579,22-Mar-21,One-Way Trafficway,Dry,Daylight,Clear,Not a Collision Between Two Motor Vehicles in Transport,No,No Controls,2,0,No Injury,,41.83185,-71.41131
848228,2021-00019548,21-Mar-21,3:20:00 PM,Bicycle,,1,,,1,BAKER ST,OCONNOR ST ,Christopher Castagliuolo,351,21-Mar-21,"Two-Way , Not Divided",Dry,Daylight,Clear,Not a Collision Between Two Motor Vehicles in Transport,"Yes, M/V and Driver Left Scene",No Controls,1,1,Non-Incapacitating,,41.79266,-71.40576
848085,2021-00018998,19-Mar-21,4:49:00 PM,Pedestrian,1,,,,1,165 Windmill St,Smart ST ,Christopher Castagliuolo,351,19-Mar-21,"Two-Way , Not Divided",Dry,Daylight,Clear,Not a Collision Between Two Motor Vehicles in Transport,No,Stop Signs,3,1,Non-Incapacitating,,41.85799,-71.41766
845577,2021-00017084,12-Mar-21,3:10:00 PM,Pedestrian,1,,,,1,257 THAYER ST,EUCLID AVE ,Cameron Clift,524,12-Mar-21,One-Way Trafficway,Dry,Daylight,Clear,Not a Collision Between Two Motor Vehicles in Transport,No,No Controls,2,0,No Injury,1,41.82868,-71.40073
845231,2021-00015912,08-Mar-21,12:28:00 PM,Pedestrian,2,,,,1,MANTON AVE,ALEPPO ST ,Joseph Lopes,227,08-Mar-21,"Two-Way , Not Divided",Dry,Daylight,Clear,Not a Collision Between Two Motor Vehicles in Transport,"Yes, M/V and Driver Left Scene",No Controls,2,1,Incapacitating,,41.81932,-71.4462
845096,2021-00015458,06-Mar-21,5:56:00 PM,Pedestrian,1,,,,1,BROAD ST,CAHIR ST ,Christopher Castagliuolo,351,06-Mar-21,"Two-Way , Not Divided",Dry,Dark - Lighted,Clear,Not a Collision Between Two Motor Vehicles in Transport,"Yes, M/V and Driver Left Scene",Traffic Control Signal,1,1,Non-Incapacitating,,41.81692,-71.41795
844829,2021-00014769,04-Mar-21,8:25:00 AM,Pedestrian,1,,,,1,BRANCH AVE,TOURO ST ,Joshua Cascione,225,04-Mar-21,"Two-Way , Not Divided",Dry,Daylight,Clear,Not a Collision Between Two Motor Vehicles in Transport,No,No Controls,3,1,Complains Of Pain,,41.84999,-71.41935
844862,2021-00014873,04-Mar-21,4:02:00 PM,Pedestrian,1,,,,1,Waldo Street,CRANSTON ST ,John Najarian,417,04-Mar-21,"Two-Way , Not Divided",Dry,Daylight,Clear,Other,No,No Controls,6,1,Complains Of Pain,,41.80635,-71.43632
844867,2021-00013551,04-Mar-21,4:58:00 PM,Pedestrian,1,,,,1,ANGELL ST,WAYLAND AVE ,Robert Carlin,309,04-Mar-21,"Two-Way , Not Divided",Dry,Daylight,Clear,Head-On (Front - to - Front),"Yes, M/V and Driver Left Scene",Traffic Control Signal,1,1,Complains Of Pain,,41.83015,-71.38792
844784,2021-00014611,03-Mar-21,3:23:00 PM,Pedestrian,1,,,,1,BLACKSTONE ST,CULVER ST ,Christopher Castagliuolo,351,03-Mar-21,"Two-Way , Not Divided",Dry,Daylight,Clear,Not a Collision Between Two Motor Vehicles in Transport,No,Stop Signs,2,1,Complains Of Pain,,41.80993,-71.4085
844644,2021-00014244,02-Mar-21,6:32:00 AM,Pedestrian,1,,,,1,West River St,CHARLES ST ,Lucas Ramalho,507,02-Mar-21,"Two-Way , Not Divided",Dry,Daylight,Clear,Not a Collision Between Two Motor Vehicles in Transport,No,No Controls,3,1,Complains Of Pain,,41.8399,-71.41617
844595,2021-00014074,01-Mar-21,6:44:00 PM,Pedestrian,1,,,,1,SMITH ST,NELSON ST ,Christopher Castagliuolo,351,01-Mar-21,"Two-Way , Not Divided",Dry,Dark - Lighted,Clear,Not a Collision Between Two Motor Vehicles in Transport,No,Pavement Markings,4,1,Non-Incapacitating,,41.84214,-71.44412
844466,2021-00013482,27-Feb-21,12:44:00 PM,Pedestrian,1,,,,1,ACADEMY AVE,HEALTH AVE ,Joshua Cascione,225,27-Feb-21,"Two-Way , Not Divided",Wet,Daylight,Rain,Not a Collision Between Two Motor Vehicles in Transport,"Yes, M/V and Driver Left Scene",No Controls,2,1,Complains Of Pain,,41.82753,-71.44376
844485,2021-00013540,27-Feb-21,5:04:00 PM,Pedestrian,1,,,,1,WESTMINSTER ST,CAHIR ST ,Donald Castigliego,287,27-Feb-21,"Two-Way , Not Divided",Wet,Daylight,Cloudy,Not a Collision Between Two Motor Vehicles in Transport,No,Traffic Control Signal,3,1,Complains Of Pain,,41.81822,-71.42018
844417,2021-00013130,26-Feb-21,10:02:00 AM,Pedestrian,1,,,,1,PLAINFIELD ST,MERINO ST ,Joshua Cascione,225,26-Feb-21,"Two-Way , Not Divided",Dry,Daylight,Clear,Not a Collision Between Two Motor Vehicles in Transport,No,No Controls,3,1,Incapacitating,,41.81294,-71.45733
844423,2021-00013154,26-Feb-21,12:34:00 PM,Pedestrian,2,,,,1,Bridgham St,Westminster St,James Annis,454,26-Feb-21,"Two-Way , Not Divided",Dry,Daylight,Clear,Not a Collision Between Two Motor Vehicles in Transport,"Yes, M/V and Driver Left Scene",Traffic Control Signal,3,2,Complains Of Pain,2,,
844340,2021-00012715,24-Feb-21,6:58:00 PM,Pedestrian,1,,,,1,WESTMINSTER ST,HAMMOND ST ,Cory Vingi,237,24-Feb-21,"Two-Way , Not Divided",Dry,Dark - Lighted,Clear,Not a Collision Between Two Motor Vehicles in Transport,No,No Controls,2,1,Non-Incapacitating,,41.81681,-71.42939
841122,2021-00009239,09-Feb-21,8:03:00 PM,Pedestrian,1,,,,1,CHARLES ST,CHARLES ST ,Donald Castigliego,287,09-Feb-21,One-Way Trafficway,Wet,Dark - Lighted,"Sleet, Hail (Freezing Rain or Drizzle)",Not a Collision Between Two Motor Vehicles in Transport,"Yes, M/V and Driver Left Scene",No Controls,1,1,Complains Of Pain,,41.83673,-71.41283