CrashReportId,ReportNumber,CrashDate,CrashTime,Collision Type,CountPedestrian,CountBicycle,Scooter,Wheel Chair,NumberofVehicles,StreetOrHighway,NearestIntersection,Officer,Badge,ReportDate,TypeOfRoadway,RoadSurfaceCondition,LightCondition,WeatherCondition,MannerofImpact,HitAndRun,TrafficControl,PersonCount,InjuryCount,MostSeriousInjury,NumberOfLanes,Latitude,Longitude
839740,2021-00008060,04-Feb-21,5:46:00 PM,Pedestrian,1,,,,1,Broadway,KNIGHT ST ,Christopher Castagliuolo,351,04-Feb-21,"Two-Way , Not Divided",Dry,Dark - Lighted,Clear,Not a Collision Between Two Motor Vehicles in Transport,"Yes, M/V and Driver Left Scene",Traffic Control Signal,3,1,Incapacitating,,41.8198,-71.42936
839700,2021-00007839,03-Feb-21,7:21:00 PM,Pedestrian,1,,,,1,WESTMINSTER ST,WESTMINSTER ST EXIT ,Donald Castigliego,287,03-Feb-21,"Two-Way , Not Divided",Sand,Dark - Not Lighted,Cloudy,Not a Collision Between Two Motor Vehicles in Transport,No,No Controls,2,1,Non-Incapacitating,,41.81598,-71.43959
839629,2021-00007609,02-Feb-21,6:02:00 PM,Pedestrian,1,,,,1,CYR ST,BROAD STREET,Donald Castigliego,287,02-Feb-21,"Two-Way , Not Divided",Dry,Dark - Lighted,Cloudy,Not a Collision Between Two Motor Vehicles in Transport,"Yes, M/V and Driver Left Scene",No Controls,1,0,No Injury,,41.78697,-71.40245
839631,2021-00007630,02-Feb-21,7:54:00 PM,Pedestrian,1,,,,1,BRIDGHAM ST,ELMWOOD AVE ,Deanna Johnson,408,02-Feb-21,"Two-Way, Not Divided With a Continuous Left Turn Lane",Dry,Dark - Lighted,Clear,Not a Collision Between Two Motor Vehicles in Transport,"Yes, M/V and Driver Left Scene",Traffic Control Signal,2,1,Complains Of Pain,,41.81277,-71.42219
838746,2021-00004475,20-Jan-21,4:11:00 PM,Pedestrian,1,,,,1,CUSTOM HOUSE ST,DYER ST ,Vincent Lopez,219,21-Jan-21,"Two-Way , Not Divided",Dry,Daylight,Clear,Not a Collision Between Two Motor Vehicles in Transport,No,No Controls,3,0,No Injury,,41.8242,-71.40843
838622,2021-00004229,19-Jan-21,2:28:00 PM,Pedestrian,1,,,,1,BROAD ST,HARVARD AVE ,Donald Castigliego,287,19-Jan-21,"Two-Way , Not Divided",Dry,Daylight,Clear,Not a Collision Between Two Motor Vehicles in Transport,No,No Controls,3,1,Complains Of Pain,,41.80856,-71.42067
838630,2021-00004272,19-Jan-21,5:55:00 PM,Pedestrian,1,,,,1,BROAD ST,CHESTNUT ST ,Donald Castigliego,287,19-Jan-21,"Two-Way , Not Divided",Wet,Dark - Lighted,Cloudy,Not a Collision Between Two Motor Vehicles in Transport,No,Traffic Control Signal,6,1,Complains Of Pain,,41.82003,-71.41432
838538,2021-00003937,18-Jan-21,3:12:00 AM,Pedestrian,1,,,,1,Pocasset ave,PLAINFIELD ST ,Andrew Calle,574,18-Jan-21,Unknown,Dry,Dark - Lighted,Clear,Other,"Yes, M/V and Driver Left Scene",No Controls,1,1,Complains Of Pain,,41.8137,-71.44794
837289,2021-00002805,13-Jan-21,11:48:00 AM,Pedestrian,1,,,X,1,ELMWOOD AVE,LENOX AVE ,Albert Deschamps,527,13-Jan-21,"Two-Way, Divided, Positive Median Barrier",Dry,Daylight,Clear,Not a Collision Between Two Motor Vehicles in Transport,No,Stop Signs,3,1,Non-Incapacitating,,41.7952,-71.42474
837006,2021-00001721,08-Jan-21,8:19:00 PM,Bicycle,,,,,2,BROADWAY,VINTON ST ,Joseph Lopes,227,08-Jan-21,"Two-Way , Not Divided",Dry,Dark - Lighted,Clear,Angle (Front - to - Side) Same Direction,No,No Controls,4,1,Non-Incapacitating,,41.82007,-71.42819
836659,2021-00000541,03-Jan-21,1:36:00 PM,Pedestrian,1,,,X,1,Glenbridge Ave,MANTON AVE ,Juan Rodrigues,194,03-Jan-21,"Two-Way, Divided, Unprotected (painted>4feet) Medium",Dry,Daylight,Clear,Angle (Front - to - Side) Right Angle (Includes Broadside),No,Traffic Control Signal,3,1,Complains Of Pain,,41.8259,-71.45828
836212,2020-00103454,24-Dec-20,6:47:00 AM,Pedestrian,1,,,,1,DIKE ST,TROY ST ,Joshua Cascione,225,24-Dec-20,"Two-Way , Not Divided",Dry,Daylight,Clear,Not a Collision Between Two Motor Vehicles in Transport,"Yes, M/V and Driver Left Scene",No Controls,1,1,Complains Of Pain,,41.81565,-71.44175
836068,2020-00102818,21-Dec-20,12:47:00 PM,Pedestrian,1,,,,1,spruce st,ACORN ST ,David Schiavulli,651,21-Dec-20,"Two-Way , Not Divided",Dry,Daylight,Clear,Other,No,No Controls,3,1,Complains Of Pain,,41.82438,-71.42796
835571,2020-00101418,15-Dec-20,9:26:00 AM,Pedestrian,1,,,,1,OLNEYVILLE SQ,MANTON AVE ,Luis Taveras,399,15-Dec-20,"Two-Way, Divided, Unprotected (painted>4feet) Medium",Dry,Daylight,Clear,Head-On (Front - to - Front),"Yes, M/V and Driver Left Scene",No Controls,1,1,Complains Of Pain,,41.81698,-71.44358
835508,2020-00101314,14-Dec-20,5:38:00 PM,Pedestrian,1,,,,1,broad st,BROAD ST ,Ptlw. Levesque,248,14-Dec-20,"Two-Way , Not Divided",Wet,Daylight,Rain,Not a Collision Between Two Motor Vehicles in Transport,"Yes, M/V and Driver Left Scene",No Controls,1,1,Complains Of Pain,,41.79944,-71.4162
837114,2020-00100649,11-Dec-20,9:06:00 PM,Pedestrian,1,,,,1,CARTER ST,ELMWOOD AVE ,Irvin Torres,346,10-Jan-21,"Two-Way , Not Divided",Dry,Dark - Lighted,Clear,Other,No,No Controls,2,1,Complains Of Pain,,41.8002,-71.42657
835309,2020-00100271,10-Dec-20,12:29:00 PM,Pedestrian,1,,,,1,395 Admiral St,,James Annis,454,10-Dec-20,"Two-Way , Not Divided",Dry,Daylight,Clear,Not a Collision Between Two Motor Vehicles in Transport,No,No Controls,3,1,Complains Of Pain,,,
835132,2020-00099619,07-Dec-20,1:42:00 PM,Pedestrian,1,,,,1,BUTLER AVE,ORIOLE AVE ,Joshua Cascione,225,07-Dec-20,"Two-Way , Not Divided",Dry,Daylight,Clear,Not a Collision Between Two Motor Vehicles in Transport,No,No Controls,2,1,Complains Of Pain,,41.83158,-71.38433
835065,2020-00099143,05-Dec-20,6:11:00 AM,Pedestrian,1,,,,1,HUNTINGTON AVE,CRANSTON ST ,Joshua Cascione,225,05-Dec-20,"Two-Way, Divided, Positive Median Barrier",Wet,Dawn,Rain,Not a Collision Between Two Motor Vehicles in Transport,"Yes, M/V and Driver Left Scene",Traffic Control Signal,1,1,Non-Incapacitating,,41.80374,-71.43907
835102,2020-00099266,05-Dec-20,5:00:00 PM,Pedestrian,1,,,,1,Angell St,Gano St,Noel Field,260,05-Dec-20,"Two-Way , Not Divided",Slush,Dark - Lighted,"Sleet, Hail (Freezing Rain or Drizzle)",Not a Collision Between Two Motor Vehicles in Transport,"Yes, M/V and Driver Left Scene",Traffic Control Signal,2,1,Complains Of Pain,2,,
835050,2020-00099087,04-Dec-20,11:21:00 PM,Pedestrian,1,,,,1,DOUGLAS AVE,DOUGLAS AVE ,Cory Vingi,237,04-Dec-20,"Two-Way , Not Divided",Wet,Dark - Lighted,Rain,Not a Collision Between Two Motor Vehicles in Transport,"Yes, M/V and Driver Left Scene",No Controls,1,0,Unknown,,41.84183,-71.42751
834888,2020-00098378,02-Dec-20,8:26:00 AM,Pedestrian,1,,,,1,CHALKSTONE AVE,ACADEMY AVE ,Jose Deschamps,419,02-Dec-20,"Two-Way, Divided, Unprotected (painted>4feet) Medium",Dry,Daylight,Clear,Not a Collision Between Two Motor Vehicles in Transport,No,Traffic Control Signal,3,0,No Injury,,41.83245,-71.44453
834726,2020-00097746,29-Nov-20,3:36:00 PM,Pedestrian,1,,,,1,BROAD STREET,,Donald Castigliego,287,29-Nov-20,"Two-Way , Not Divided",Dry,Daylight,Clear,Not a Collision Between Two Motor Vehicles in Transport,"Yes, M/V and Driver Left Scene",No Controls,3,1,Incapacitating,,41.81455,-71.42107
834503,2020-00096760,25-Nov-20,4:54:00 PM,Bicycle,,1,,,1,CAMBRIDGE ST,ACADEMY AVE ,Joseph Lopes,227,25-Nov-20,"Two-Way , Not Divided",Wet,Dark - Lighted,Rain,Not a Collision Between Two Motor Vehicles in Transport,"Yes, M/V and Driver Left Scene",Stop Signs,2,1,Complains Of Pain,,41.8255,-71.44342
835002,2020-00096764,25-Nov-20,4:59:00 PM,Pedestrian,1,,,,1,EATON ST,SMITH ST ,David Liu,318,04-Dec-20,"Two-Way , Not Divided",Wet,Dark - Not Lighted,Cloudy,Not a Collision Between Two Motor Vehicles in Transport,No,No Controls,2,0,No Injury,,41.84365,-71.44758
834470,2020-00096557,24-Nov-20,4:56:00 PM,Pedestrian,1,,,,1,ORMS ST,JEFFERSON ST ,Darrin Anderson,550,24-Nov-20,"Two-Way , Not Divided",Dry,Dark - Lighted,Clear,Not a Collision Between Two Motor Vehicles in Transport,"Yes, M/V and Driver Left Scene",No Controls,3,1,Complains Of Pain,2,41.83446,-71.41748
834347,2020-00096219,23-Nov-20,6:57:00 AM,Pedestrian,1,,,,1,DUDLEY ST,PRAIRIE AVE ,Erick Fernandez,228,23-Nov-20,"Two-Way , Not Divided",Wet,Daylight,Rain,Not a Collision Between Two Motor Vehicles in Transport,No,No Controls,2,1,Complains Of Pain,,41.80993,-71.41532
834334,2020-00096130,22-Nov-20,4:50:00 PM,Bicycle,,1,,,1,CHARLESFIELD ST,HOPE ST ,Cory Vingi,237,22-Nov-20,"Two-Way , Not Divided",Dry,Dark - Lighted,Clear,Angle (Front - to - Side) Right Angle (Includes Broadside),No,Stop Signs,3,1,Non-Incapacitating,,41.82414,-71.3972
834229,2020-00095548,20-Nov-20,3:02:00 PM,Other,,,X,,1,ANGELL ST,BUTLER AVE ,Donald Castigliego,287,20-Nov-20,"Two-Way , Not Divided",Dry,Daylight,Clear,Not a Collision Between Two Motor Vehicles in Transport,No,Stop Signs,3,0,Unknown,,41.8308,-71.38459
834147,2020-00095234,19-Nov-20,5:43:00 AM,Pedestrian,1,,,,1,460 Smith St,CHALKSTONE AVE ,Casey Correia,521,19-Nov-20,Unknown,Dry,Dawn,Clear,Not a Collision Between Two Motor Vehicles in Transport,"Yes, M/V and Driver Left Scene",No Controls,1,0,No Injury,,41.83521,-71.42565
834055,2020-00094768,17-Nov-20,7:16:00 AM,Pedestrian,1,,,,1,820 HOPE ST,4TH ST ,Joshua Cascione,225,17-Nov-20,"Two-Way , Not Divided",Dry,Daylight,Clear,Not a Collision Between Two Motor Vehicles in Transport,No,No Controls,2,1,Complains Of Pain,,41.84949,-71.39479
834062,2020-00094777,17-Nov-20,8:40:00 AM,Pedestrian,1,,,,1,WASHINGTON ST,DORRANCE ST ,Joshua Cascione,225,17-Nov-20,"Two-Way , Not Divided",Dry,Daylight,Clear,Not a Collision Between Two Motor Vehicles in Transport,"Yes, M/V and Driver Left Scene",Flashing Traffic Control Signal,1,1,Complains Of Pain,,41.82445,-71.41277
834072,2020-00094809,17-Nov-20,11:32:00 AM,Pedestrian,1,,,,1,ADMIRAL ST,CHAD BROWN ST ,Joshua Cascione,225,17-Nov-20,"Two-Way , Not Divided",Dry,Daylight,Clear,Not a Collision Between Two Motor Vehicles in Transport,No,Person,4,1,Incapacitating,,41.84202,-71.42125
834089,2020-00094902,17-Nov-20,5:51:00 PM,Pedestrian,1,,X,,1,WATERMAN ST,PROSPECT ST ,Cameron Clift,524,17-Nov-20,"Two-Way , Not Divided",Dry,Dark - Lighted,Clear,"Sidwswipe, Opposite Direction",No,Traffic Control Signal,4,1,Complains Of Pain,2,41.82691,-71.40472
833975,2020-00094463,15-Nov-20,7:54:00 PM,Pedestrian,1,,,,1,280 BROAD STREET,,Donald Castigliego,287,15-Nov-20,"Two-Way , Not Divided",Wet,Dark - Lighted,Rain,Not a Collision Between Two Motor Vehicles in Transport,No,No Controls,3,1,Complains Of Pain,,,
833750,2020-00093681,12-Nov-20,4:04:00 PM,Bicycle,,1,,,1,Manton Ave,FRUIT HILL AVE ,Christopher Castagliuolo,351,12-Nov-20,"Two-Way , Not Divided",Dry,Daylight,Clear,Not a Collision Between Two Motor Vehicles in Transport,No,Traffic Control Signal,3,1,Complains Of Pain,,41.83388,-71.46783
833364,2020-00092404,07-Nov-20,7:45:00 PM,Pedestrian,1,,,,1,Broad Street ,OXFORD ST ,Alex Schneider,411,07-Nov-20,"Two-Way , Not Divided",Dry,Dark - Lighted,Clear,Not a Collision Between Two Motor Vehicles in Transport,No,Traffic Control Signal,3,1,Complains Of Pain,,41.80038,-71.41736
833322,2020-00092041,06-Nov-20,6:31:00 PM,Pedestrian,1,,,,1,Academy Ave,NEWARK ST ,David Liu,318,06-Nov-20,"Two-Way , Not Divided",Dry,Dark - Lighted,Clear,Not a Collision Between Two Motor Vehicles in Transport,No,No Controls,2,1,Complains Of Pain,,41.82544,-71.4434
833102,2020-00091368,04-Nov-20,7:29:00 AM,Pedestrian,1,,,,1,ONEIL ST,DOUGLAS AVE ,Joshua Cascione,225,04-Nov-20,"Two-Way , Not Divided",Dry,Daylight,Clear,Not a Collision Between Two Motor Vehicles in Transport,No,Pavement Markings,2,1,Complains Of Pain,,41.85282,-71.4367
833155,2020-00091489,04-Nov-20,4:05:00 PM,Pedestrian,1,,,,1,CRANSTON ST,BRIDGHAM ST ,Donald Castigliego,287,04-Nov-20,"Two-Way , Not Divided",Dry,Daylight,Clear,Not a Collision Between Two Motor Vehicles in Transport,No,No Controls,3,1,Complains Of Pain,,41.81419,-71.42649
832761,2020-00090327,31-Oct-20,5:35:00 AM,Pedestrian,1,,,,1,UNION AVE,WEBSTER AVE ,Andrew Calle,574,31-Oct-20,Unknown,Ice/Frost,Dark - Lighted,Clear,Unknown,"Yes, M/V and Driver Left Scene",Traffic Control Signal,1,1,Complains Of Pain,,41.80683,-71.44755
832779,2020-00090373,31-Oct-20,10:24:00 AM,Pedestrian,1,,,,1,SMITH STREET,PINEHURST AVE ,Taft Manzotti,377,31-Oct-20,"Two-Way , Not Divided",Wet,Daylight,Clear,Not a Collision Between Two Motor Vehicles in Transport,No,No Controls,2,1,Complains Of Pain,,41.8374,-71.43311
832735,2020-00090181,30-Oct-20,6:17:00 PM,Pedestrian,1,,,,1,CATHERDAL AVE,SMITH ST,Jose Deschamps,419,30-Oct-20,"Two-Way , Not Divided",Wet,Dark - Lighted,Clear,Other,No,No Controls,3,1,Non-Incapacitating,,41.8132,-71.45548
832641,2020-00089981,29-Oct-20,7:56:00 PM,Pedestrian,1,,,,1,609 ELMWOOD AVE,LENOX AVE ,Jose Deschamps,419,29-Oct-20,"Two-Way, Divided, Positive Median Barrier",Wet,Dark - Lighted,Rain,"Sidwswipe, Opposite Direction",No,No Controls,2,1,Incapacitating,,41.79545,-71.42488
832371,2020-00088884,25-Oct-20,2:02:00 PM,Bicycle,,1,,,1,207 Wickenden St.,TRAVERSE ST ,Frank Moody,328,25-Oct-20,"Two-Way , Not Divided",Dry,Daylight,Clear,Not a Collision Between Two Motor Vehicles in Transport,No,No Controls,2,1,Complains Of Pain,,41.81943,-71.39905
832302,2020-00088411,24-Oct-20,12:43:00 AM,Pedestrian,1,,,,1,133 PEMBROKE AVE ,EATON ST ,Joseph Lopes,227,24-Oct-20,"Two-Way , Not Divided",Dry,Dark - Lighted,Clear,Not a Collision Between Two Motor Vehicles in Transport,"Yes, M/V and Driver Left Scene",No Controls,2,1,Non-Incapacitating,,41.8403,-71.42975
832157,2020-00087718,22-Oct-20,11:22:00 PM,Bicycle,,,,,1,GANO ST,I 195 E ,Andrew In,540,22-Oct-20,"Two-Way , Not Divided",Dry,Dark - Lighted,Clear,Not a Collision Between Two Motor Vehicles in Transport,No,No Controls,2,0,Unknown,,41.81904,-71.38931
832181,2020-00087856,22-Oct-20,1:00:00 PM,Bicycle,,1,,,1,SOUTH WATER ST,,Thomas Rose,465,22-Oct-20,One-Way Trafficway,Dry,Daylight,Clear,"Sideswipe, Same Direction",No,No Controls,2,1,Non-Incapacitating,,41.81771,-71.40083
831971,2020-00087105,19-Oct-20,3:00:00 PM,Bicycle,,1,,,1,ANGELL ST,BROWN ST ,Miguel Castillo,489,19-Oct-20,One-Way Trafficway,Dry,Daylight,Clear,Head-On (Front - to - Front),No,Stop Signs,3,1,Non-Incapacitating,1,41.8279,-71.40283
831949,2020-00086896,18-Oct-20,5:50:00 PM,Other,,,X,,2,ELMWOOD AVE,BISSELL ST ,Jose Deschamps,419,18-Oct-20,"Two-Way, Divided, Positive Median Barrier",Dry,Daylight,Clear,Other,No,No Controls,4,2,Incapacitating,,41.77744,-71.42118
831798,2020-00086467,17-Oct-20,1:15:00 PM,Other,,1,X,,1,Corinth St,Broad St,James Annis,454,17-Oct-20,"Two-Way , Not Divided",Dry,Daylight,Clear,Not a Collision Between Two Motor Vehicles in Transport,No,Stop Signs,2,0,No Injury,1,,
831806,2020-00086480,17-Oct-20,2:11:00 PM,Bicycle,,1,,,1,stokes st,WESTMINSTER ST ,Michael Camardo,357,17-Oct-20,"Two-Way , Not Divided",Dry,Daylight,Clear,Not a Collision Between Two Motor Vehicles in Transport,No,No Controls,2,1,Non-Incapacitating,,41.81673,-71.44282
831486,2020-00085616,14-Oct-20,12:08:00 PM,Pedestrian,1,,,,1,WASHINGTON ST,EMPIRE ST ,Rosemarie Chin,494,14-Oct-20,"Two-Way , Not Divided",Dry,Daylight,Clear,Other,No,No Controls,2,1,Incapacitating,,41.82182,-71.41645
831148,2020-00084570,10-Oct-20,3:02:00 PM,Bicycle,,1,,,1,GANO ST ,PITMAN ST ,Joseph Lopes,227,10-Oct-20,"Two-Way , Not Divided",Dry,Daylight,Clear,Not a Collision Between Two Motor Vehicles in Transport,No,Traffic Control Signal,4,1,Non-Incapacitating,,41.82648,-71.3905
831007,2020-00083370,09-Oct-20,8:37:00 AM,Other,,,X,,2,Elmwood Ave,Bellevue Ave,James Annis,454,09-Oct-20,"Two-Way , Not Divided",Dry,Daylight,Clear,Angle (Front - to - Side) Right Angle (Includes Broadside),No,Traffic Control Signal,2,0,No Injury,2,,
831103,2020-00084387,09-Oct-20,10:38:00 PM,Pedestrian,1,,,,1,575 Broad Street,Dartmouth Ave,Kristen Barth,247,09-Oct-20,"Two-Way , Not Divided",Dry,Dark - Lighted,Clear,Not a Collision Between Two Motor Vehicles in Transport,"Yes, M/V and Driver Left Scene",No Controls,2,1,Incapacitating,,41.80844,-71.42063
830902,2020-00083935,08-Oct-20,10:29:00 AM,Bicycle,,1,,,1,HEATH ST,EASTWOOD AVE ,Joshua Cascione,225,08-Oct-20,"Two-Way , Not Divided",Dry,Daylight,Clear,Not a Collision Between Two Motor Vehicles in Transport,No,No Controls,3,1,Complains Of Pain,,41.8158,-71.45011
831123,2020-00083948,08-Oct-20,11:00:00 AM,Bicycle,,1,,,1,53 Governor St,ARNOLD ST ,Frank Moody,328,10-Oct-20,"Two-Way , Not Divided",Dry,Daylight,Clear,Not a Collision Between Two Motor Vehicles in Transport,No,No Controls,2,1,Complains Of Pain,,41.82195,-71.39393
830802,2020-00083512,06-Oct-20,5:48:00 PM,Pedestrian,1,,,,1,WESTMINSTER ST,MESSER ST ,Donald Castigliego,287,06-Oct-20,"Two-Way , Not Divided",Dry,Daylight,Clear,Not a Collision Between Two Motor Vehicles in Transport,No,No Controls,3,1,Complains Of Pain,,41.81581,-71.43767
830812,2020-00083523,06-Oct-20,6:33:00 PM,Pedestrian,1,,,,1,sackett st,HAMILTON ST ,Ptlw. Levesque,248,06-Oct-20,"Two-Way , Not Divided",Dry,Dark - Lighted,Clear,Not a Collision Between Two Motor Vehicles in Transport,No,No Controls,7,1,Non-Incapacitating,,41.7943,-71.41808
830409,2020-00082621,03-Oct-20,8:40:00 PM,Pedestrian,1,,,,1,Broad Street,Gallup Street,Cory Vingi,237,03-Oct-20,"Two-Way , Not Divided",Dry,Dark - Lighted,Clear,Not a Collision Between Two Motor Vehicles in Transport,"Yes, M/V and Driver Left Scene",No Controls,2,1,Complains Of Pain,,41.79929,-71.41603
830210,2020-00081817,01-Oct-20,9:24:00 AM,Pedestrian,1,,,,1,314 BROAD ST,BROAD ST ,Joshua Cascione,225,01-Oct-20,"Two-Way , Not Divided",Dry,Daylight,Clear,Not a Collision Between Two Motor Vehicles in Transport,No,No Controls,2,1,Complains Of Pain,,41.81443,-71.42115
830241,2020-00081933,01-Oct-20,5:22:00 PM,Other,,,X,,2,502 HARTFORD AVE,MELISSA ST ,Wayne Mann,563,01-Oct-20,"Two-Way , Not Divided",Dry,Dusk,Clear,Rear End(Front-to-Rear),No,Pavement Markings,3,1,Non-Incapacitating,2,41.80864,-71.44081
830080,2020-00081319,29-Sep-20,7:21:00 PM,Pedestrian,1,,,,1,MEMORIAL BLVD,STEEPLE ST ,Anthony Moore,390,29-Sep-20,"Two-Way, Divided, Unprotected (painted>4feet) Medium",Dry,Dark - Lighted,Clear,Not a Collision Between Two Motor Vehicles in Transport,No,Traffic Control Signal,4,1,Complains Of Pain,,41.82677,-71.41063
829968,2020-00080792,28-Sep-20,7:26:00 AM,Bicycle,,1,,,1,HOPE ST,BLACKSTONE BLVD,Jin O,147,28-Sep-20,One-Way Trafficway,Dry,Daylight,Clear,Not a Collision Between Two Motor Vehicles in Transport,No,Stop Signs,3,1,Complains Of Pain,,41.85605,-71.39132
830022,2020-00081011,28-Sep-20,7:31:00 PM,Pedestrian,1,,,,1,MESSER ST,CRANSTON ST ,Cory Vingi,237,28-Sep-20,"Two-Way , Not Divided",Dry,Dark - Lighted,Clear,Not a Collision Between Two Motor Vehicles in Transport,No,No Controls,2,1,Complains Of Pain,,41.80963,-71.43345
829916,2020-00080653,27-Sep-20,7:32:00 PM,Pedestrian,1,,,,1,ACADEMY AVE ,HEALTH AVE ,Joseph Lopes,227,27-Sep-20,"Two-Way , Not Divided",Dry,Dark - Lighted,Clear,Not a Collision Between Two Motor Vehicles in Transport,No,No Controls,3,1,Incapacitating,,41.82759,-71.44377
829771,2020-00079936,25-Sep-20,7:31:00 PM,Pedestrian,1,,,,1,ORMS ST,BATH ST ,Irvin Torres,346,25-Sep-20,"Two-Way , Not Divided",Dry,Dark - Lighted,Clear,Head-On (Front - to - Front),No,Stop Signs,2,0,No Injury,,41.83322,-71.42549
829781,2020-00080007,25-Sep-20,10:45:00 PM,Bicycle,,1,,,1,CARPENTER ST,KNIGHT ST ,Kyle Endres,220,25-Sep-20,"Two-Way , Not Divided",Dry,Dark - Lighted,Clear,Not a Collision Between Two Motor Vehicles in Transport,No,Stop Signs,3,1,Incapacitating,,41.81825,-71.42752
829638,2020-00079493,24-Sep-20,12:40:00 PM,Pedestrian,1,,,,1,Hope St,Rochambeau Ave,James Annis,454,24-Sep-20,"Two-Way , Not Divided",Dry,Daylight,Clear,Not a Collision Between Two Motor Vehicles in Transport,No,Traffic Control Signal,2,1,Complains Of Pain,2,,
829641,2020-00079510,24-Sep-20,1:27:00 PM,Pedestrian,1,,,,1,WHITMARSH ST,UPDIKE ST ,Joshua Cascione,225,24-Sep-20,"Two-Way , Not Divided",Dry,Daylight,Clear,Not a Collision Between Two Motor Vehicles in Transport,"Yes, M/V and Driver Left Scene",No Controls,1,1,Complains Of Pain,,41.80605,-71.42101
829095,2020-00077997,18-Sep-20,11:29:00 PM,Pedestrian,1,,,,1,GAY ST,DUDLEY ST ,Louis Prete,522,18-Sep-20,"Two-Way , Not Divided",Dry,Dark - Lighted,Clear,Not a Collision Between Two Motor Vehicles in Transport,"Yes, M/V and Driver Left Scene",Pavement Markings,1,1,Complains Of Pain,,41.81006,-71.4129
829010,2020-00077483,17-Sep-20,12:13:00 PM,Pedestrian,1,,,,1,JILLSON ST,EDDY ST ,Joshua Cascione,225,17-Sep-20,"Two-Way , Not Divided",Dry,Daylight,Clear,Not a Collision Between Two Motor Vehicles in Transport,"Yes, M/V and Driver Left Scene",No Controls,1,1,Complains Of Pain,,41.79132,-71.40397
828976,2020-00077282,16-Sep-20,5:14:00 PM,Bicycle,,1,,,1,DEXTER ST ,WALDO ST ,Joseph Lopes,227,16-Sep-20,"Two-Way , Not Divided",Dry,Daylight,Clear,Not a Collision Between Two Motor Vehicles in Transport,No,No Controls,3,1,Complains Of Pain,,41.80434,-71.43004
828565,2020-00075935,12-Sep-20,7:00:00 AM,Pedestrian,1,,,,1,CHALKSTONE AVE,GENEVA ST ,Joshua Cascione,225,12-Sep-20,"Two-Way , Not Divided",Dry,Daylight,Clear,Not a Collision Between Two Motor Vehicles in Transport,No,No Controls,2,1,Incapacitating,,41.83228,-71.44069
828467,2020-00075569,11-Sep-20,6:40:00 AM,Bicycle,,1,,,1,N MAIN ST,5TH ST ,Joshua Cascione,225,11-Sep-20,"Two-Way , Not Divided",Dry,Daylight,Cloudy,Not a Collision Between Two Motor Vehicles in Transport,No,No Controls,3,1,Complains Of Pain,,41.85224,-71.4017
828392,2020-00075292,10-Sep-20,8:38:00 AM,Pedestrian,1,,,,1,621 Academy Ave,SMITH ST ,James Annis,454,10-Sep-20,"Two-Way , Not Divided",Dry,Daylight,Clear,Not a Collision Between Two Motor Vehicles in Transport,No,Other,3,1,Complains Of Pain,1,41.84185,-71.44512
828143,2020-00074448,07-Sep-20,3:22:00 AM,Pedestrian,1,,,,1,NARRAGANSETT BLVD,WASHINGTON AVE ,Jose Deschamps,419,07-Sep-20,"Two-Way, Divided, Unprotected (painted>4feet) Medium",Dry,Dark - Lighted,Clear,Not a Collision Between Two Motor Vehicles in Transport,"Yes, M/V and Driver Left Scene",No Controls,1,1,Fatal,,41.78818,-71.39572
828056,2020-00074094,06-Sep-20,2:43:00 AM,Pedestrian,1,,,,1,BROAD ST,CENTRAL ST ,John Najarian,417,06-Sep-20,"Two-Way , Not Divided",Dry,Dark - Lighted,Clear,Not a Collision Between Two Motor Vehicles in Transport,No,No Controls,3,1,Complains Of Pain,,41.81323,-71.42189
827893,2020-00073375,04-Sep-20,10:25:00 AM,Pedestrian,1,,,,1,BROAD ST,FRICKER ST ,Christopher Benoit,206,04-Sep-20,"Two-Way , Not Divided",Dry,Daylight,Clear,Not a Collision Between Two Motor Vehicles in Transport,"Yes, M/V and Driver Left Scene",No Controls,1,1,Complains Of Pain,,41.81528,-71.42066
827952,2020-00073566,04-Sep-20,9:28:00 PM,Bicycle,,1,,,1,271 RESERVOIR AVE,271 RESERVOIR AVE ,Jose Buten,322,04-Sep-20,"Two-Way, Divided, Unprotected (painted>4feet) Medium",Dry,Dark - Lighted,Clear,Not a Collision Between Two Motor Vehicles in Transport,"Yes, M/V and Driver Left Scene",No Controls,1,1,Complains Of Pain,,41.79216,-71.42783
827821,2020-00073127,03-Sep-20,2:18:00 PM,Pedestrian,1,,,,1,CANDACE ST,GODDARD ST ,Fernando Lopez,156,03-Sep-20,"Two-Way , Not Divided",Dry,Daylight,Clear,Not a Collision Between Two Motor Vehicles in Transport,"Yes, M/V and Driver Left Scene",No Controls,2,1,Complains Of Pain,,41.83426,-71.42205
827875,2020-00073105,03-Sep-20,1:15:00 PM,Pedestrian,1,,,,1,Penn Street ,Vinton Street ,Michael Caraccia,624,04-Sep-20,"Two-Way , Not Divided",Dry,Daylight,Clear,Other,No,No Controls,3,0,No Injury,1,41.82188,-71.42977