CrashReportId,ReportNumber,CrashDate,CrashTime,Collision Type,CountPedestrian,CountBicycle,Scooter,Wheel Chair,NumberofVehicles,StreetOrHighway,NearestIntersection,Officer,Badge,ReportDate,TypeOfRoadway,RoadSurfaceCondition,LightCondition,WeatherCondition,MannerofImpact,HitAndRun,TrafficControl,PersonCount,InjuryCount,MostSeriousInjury,NumberOfLanes,Latitude,Longitude
827769,2020-00072850,02-Sep-20,3:12:00 PM,Pedestrian,1,,,,1,CHARLES ST,CORLISS ST ,Erik Breault,226,02-Sep-20,"Two-Way, Divided, Unprotected (painted>4feet) Medium",Wet,Daylight,Rain,Not a Collision Between Two Motor Vehicles in Transport,No,Stop Signs,2,1,Complains Of Pain,,41.83806,-71.41452
827692,2020-00072665,01-Sep-20,11:17:00 PM,Pedestrian,2,,,,1,129 BURNS ST,MANILA ST ,Kyle Endres,220,02-Sep-20,"Two-Way , Not Divided",Dry,Dark - Lighted,Clear,Not a Collision Between Two Motor Vehicles in Transport,"Yes, M/V and Driver Left Scene",No Controls,2,1,Complains Of Pain,,41.8539,-71.44466
826106,2020-00070672,26-Aug-20,7:38:00 PM,Bicycle,,1,,,1,GLENHAM ST,PRAIRIE AVE ,Patrick Hourahan,243,26-Aug-20,"Two-Way , Not Divided",Dry,Dusk,Clear,Not a Collision Between Two Motor Vehicles in Transport,"Yes, M/V and Driver Left Scene",No Controls,1,1,Complains Of Pain,,41.80605,-71.41525
825814,2020-00069409,22-Aug-20,9:40:00 PM,Pedestrian,1,,,,1,BODELL AVE,ETNA ST ,Cory Vingi,237,22-Aug-20,"Two-Way , Not Divided",Dry,Dark - Lighted,Clear,Not a Collision Between Two Motor Vehicles in Transport,No,No Controls,3,1,Complains Of Pain,,41.81655,-71.45152
825482,2020-00068374,19-Aug-20,5:52:00 PM,Pedestrian,1,,,,1,51 MANTON AVENUE,,Donald Castigliego,287,19-Aug-20,"Two-Way , Not Divided",Dry,Daylight,Clear,Not a Collision Between Two Motor Vehicles in Transport,No,No Controls,3,1,Complains Of Pain,,,
825518,2020-00068342,19-Aug-20,3:46:00 PM,Bicycle,,1,,,1,Potters Ave,SEABURY ST ,Guillermo Vargas,404,19-Aug-20,"Two-Way, Divided, Positive Median Barrier",Dry,Daylight,Clear,Angle (Front - to - Side) Opposite Direction,"Yes, M/V and Driver Left Scene",No Controls,1,1,Complains Of Pain,,41.80318,-71.43255
825398,2020-00068115,18-Aug-20,8:30:00 PM,Bicycle,,1,,,1,TRENTON ST,IVES ST ,Cory Vingi,237,18-Aug-20,"Two-Way , Not Divided",Dry,Dark - Lighted,Clear,Not a Collision Between Two Motor Vehicles in Transport,No,Stop Signs,2,1,Incapacitating,,41.82095,-71.39197
825415,2020-00068184,18-Aug-20,11:21:00 PM,Other,,,X,,2,PLAINFIELD ST,ON RAMP TO RT 6 EAST,Jose Deschamps,419,19-Aug-20,"Two-Way, Divided, Unprotected (painted>4feet) Medium",Dry,Daylight,Clear,Other,No,No Controls,3,2,Incapacitating,,41.81541,-71.44589
825127,2020-00066987,15-Aug-20,10:42:00 AM,Pedestrian,1,,,,1,60 KOSSUTH ST,,Fernando Lopez,156,15-Aug-20,"Two-Way , Not Divided",Dry,Daylight,Clear,Not a Collision Between Two Motor Vehicles in Transport,"Yes, M/V and Driver Left Scene",No Controls,1,0,Unknown,,,
825128,2020-00067019,15-Aug-20,1:33:00 PM,Pedestrian,1,,X,,1,FRUIT HILL AVE,HUBER AVE ,Fernando Lopez,156,15-Aug-20,"Two-Way , Not Divided",Dry,Daylight,Clear,Not a Collision Between Two Motor Vehicles in Transport,No,No Controls,3,1,Complains Of Pain,,41.83429,-71.46798
825143,2020-00067023,15-Aug-20,1:44:00 PM,Pedestrian,2,,,,1,HUMES ST,CRESCENT ST ,Joshua Cascione,225,15-Aug-20,"Two-Way , Not Divided",Dry,Daylight,Clear,Not a Collision Between Two Motor Vehicles in Transport,No,No Controls,6,2,Complains Of Pain,,41.79218,-71.42871
825107,2020-00066797,14-Aug-20,9:32:00 PM,Pedestrian,1,,,,1,BROADWAY,SERVICE ROAD 7 ,Irvin Torres,346,14-Aug-20,"Two-Way , Not Divided",Dry,Dark - Not Lighted,Clear,Head-On (Front - to - Front),No,Traffic Control Signal,2,1,Complains Of Pain,,41.82177,-71.42083
824854,2020-00065750,11-Aug-20,11:00:00 AM,Bicycle,,1,,,1,336 Admiral Street ,336 Admiral Street,Michele Tella,668,11-Aug-20,"Two-Way , Not Divided",Dry,Daylight,Clear,Other,No,No Controls,2,1,Complains Of Pain,,41.83616,-71.42824
824815,2020-00065582,10-Aug-20,7:30:00 PM,Pedestrian,1,,,,1,GANO ST,,Alexandre Santos,502,10-Aug-20,"Two-Way , Not Divided",Dry,Daylight,Clear,Not a Collision Between Two Motor Vehicles in Transport,No,No Controls,2,2,Non-Incapacitating,,41.81876,-71.38931
824824,2020-00065643,10-Aug-20,11:40:00 PM,Bicycle,,1,,,1,BROAD ST,PARKSIDE CIR ,Cory Vingi,237,11-Aug-20,"Two-Way , Not Divided",Dry,Dark - Lighted,Clear,Not a Collision Between Two Motor Vehicles in Transport,No,Stop Signs,3,1,Complains Of Pain,,41.78589,-71.40166
825498,2020-00065536,10-Aug-20,4:49:00 PM,Bicycle,,1,,,1,VALLEY ST,DEAN ST ,Gargar Grimes,323,19-Aug-20,One-Way Trafficway,Dry,Daylight,Clear,Not a Collision Between Two Motor Vehicles in Transport,No,No Controls,2,1,Complains Of Pain,,41.83139,-71.42848
824716,2020-00065039,09-Aug-20,1:56:00 AM,Pedestrian,1,,,,1,OAKLAND AVE,CHAD BROWN ST ,Daviniel Urizar,555,09-Aug-20,"Two-Way , Not Divided",Dry,Dark - Lighted,Clear,Not a Collision Between Two Motor Vehicles in Transport,"Yes, M/V and Driver Left Scene",Stop Signs,1,1,Incapacitating,,41.8389,-71.42936
824749,2020-00065184,09-Aug-20,11:19:00 AM,Pedestrian,2,,,,1,W RIVER ST,CHARLES ST ,Ybelis Gonzalez,376,09-Aug-20,"Two-Way , Not Divided",Dry,Daylight,Clear,Not a Collision Between Two Motor Vehicles in Transport,No,Stop Signs,3,1,Complains Of Pain,,41.83972,-71.4163
824782,2020-00065336,09-Aug-20,10:11:00 PM,Pedestrian,1,,,,1,Atwells ave,DE PASQUALE AVE ,Jan Delle Johnson,529,09-Aug-20,"Two-Way, Divided, Unprotected (painted>4feet) Medium",Dry,Dark - Lighted,Clear,Not a Collision Between Two Motor Vehicles in Transport,No,Traffic Control Signal,3,1,Complains Of Pain,,41.8236,-71.42708
824791,2020-00065286,09-Aug-20,7:09:00 PM,Pedestrian,1,,,,1,SMITH ST,CHALKSTONE AVE ,Raymond Criner,340,10-Aug-20,"Two-Way , Not Divided",Dry,Daylight,Clear,Not a Collision Between Two Motor Vehicles in Transport,No,Traffic Control Signal,2,1,Complains Of Pain,,41.83522,-71.42567
824536,2020-00064157,06-Aug-20,7:39:00 AM,Bicycle,,1,,,1,MUTUAL PL,ROCHAMBEAU AVE ,Joshua Cascione,225,06-Aug-20,"Two-Way , Not Divided",Dry,Daylight,Clear,Not a Collision Between Two Motor Vehicles in Transport,"Yes, M/V and Driver Left Scene",No Controls,1,0,No Injury,,41.84706,-71.39487
824563,2020-00064284,06-Aug-20,4:04:00 PM,Bicycle,,1,,,1,INDIA STREET,,Donald Castigliego,287,06-Aug-20,"Two-Way , Not Divided",Dry,Daylight,Clear,Not a Collision Between Two Motor Vehicles in Transport,"Yes, M/V and Driver Left Scene",No Controls,2,1,Complains Of Pain,,41.81823,-71.39259
824576,2020-00064367,06-Aug-20,9:00:00 PM,Bicycle,,1,,,1,F C GREENE MEMORIAL BLVD,F C GREENE MEMORIAL BLVD ,Matthew Fadale,214,06-Aug-20,"Two-Way , Not Divided",Dry,Dark - Not Lighted,Clear,Not a Collision Between Two Motor Vehicles in Transport,No,No Controls,2,1,Complains Of Pain,,41.77945,-71.41418
824225,2020-00063147,03-Aug-20,8:44:00 AM,Bicycle,,1,,,1,GANO ST EXIT,GANO ST ,Joshua Cascione,225,03-Aug-20,One-Way Trafficway,Dry,Daylight,Clear,Not a Collision Between Two Motor Vehicles in Transport,No,Traffic Control Signal,2,0,No Injury,,41.82113,-71.38944
824206,2020-00062921,02-Aug-20,12:28:00 PM,Other,,1,X,,1,DOYLE AVE,N MAIN ST ,Joshua Cascione,225,02-Aug-20,"Two-Way , Not Divided",Dry,Daylight,Clear,Not a Collision Between Two Motor Vehicles in Transport,No,No Controls,3,1,Complains Of Pain,,41.83835,-71.40896
824083,2020-00062305,31-Jul-20,6:36:00 PM,Pedestrian,1,,,,1,61 AMERICA ST,FEDERAL ST ,Deanna Johnson,408,31-Jul-20,One-Way Trafficway,Dry,Daylight,Clear,Not a Collision Between Two Motor Vehicles in Transport,No,Traffic Control Signal,3,1,Complains Of Pain,,41.82203,-71.42738
824041,2020-00062209,31-Jul-20,12:49:00 PM,Bicycle,,1,,,1,DOUGLAS AVENUE,ADMIRAL STREET,Ybelis Gonzalez,376,31-Jul-20,"Two-Way , Not Divided",Dry,Daylight,Clear,Angle (Front - to - Side) Right Angle (Includes Broadside),No,Traffic Control Signal,2,1,Complains Of Pain,,41.84605,-71.429
823950,2020-00061891,30-Jul-20,12:08:00 PM,Pedestrian,1,,,,1,343 BROAD ST,343 BROAD ST ,Jose Buten,322,30-Jul-20,"Two-Way, Divided, Unprotected (painted>4feet) Medium",Dry,Daylight,Cloudy,Not a Collision Between Two Motor Vehicles in Transport,"Yes, M/V and Driver Left Scene",No Controls,1,1,Complains Of Pain,,41.81415,-71.4213
823580,2020-00060848,26-Jul-20,7:24:00 PM,Bicycle,,1,,,1,PLAINFIELD ST,LABAN ST ,Donald Castigliego,287,26-Jul-20,"Two-Way , Not Divided",Dry,Dusk,Clear,Not a Collision Between Two Motor Vehicles in Transport,No,No Controls,3,0,No Injury,,41.81501,-71.44633
823477,2020-00060268,25-Jul-20,12:05:00 AM,Bicycle,,1,,,1,CRANSTON ST,ALTHEA ST ,Cory Vingi,237,25-Jul-20,"Two-Way , Not Divided",Dry,Dark - Lighted,Clear,Not a Collision Between Two Motor Vehicles in Transport,No,No Controls,2,1,Complains Of Pain,,41.80773,-71.43508
823463,2020-00060144,24-Jul-20,4:56:00 PM,Bicycle,,1,,,1,VALLEY ST ,RIVER AVE ,Joseph Lopes,227,24-Jul-20,"Two-Way , Not Divided",Dry,Daylight,Clear,Not a Collision Between Two Motor Vehicles in Transport,No,Traffic Control Signal,4,1,Complains Of Pain,,41.82796,-71.43516
823326,2020-00059577,22-Jul-20,4:03:00 PM,Pedestrian,1,,,,1,BODELL AVE,WHELAN RD ,Raymond Hull,094,22-Jul-20,Unknown,Dry,Daylight,Clear,"Sidwswipe, Opposite Direction",No,No Controls,4,1,Complains Of Pain,,41.81789,-71.45408
823236,2020-00059290,21-Jul-20,3:33:00 PM,Bicycle,,1,,,1,CHARLES ST ,CANAL ST ,Joseph Lopes,227,21-Jul-20,"Two-Way , Not Divided",Dry,Daylight,Clear,Not a Collision Between Two Motor Vehicles in Transport,No,No Controls,3,1,Complains Of Pain,,41.83329,-71.41136
823312,2020-00059367,21-Jul-20,8:12:00 PM,Pedestrian,1,,,,1,DOUGLAS AVE,WHIPPLE ST ,Joseph Lopes,227,22-Jul-20,"Two-Way , Not Divided",Dry,Dark - Lighted,Clear,Not a Collision Between Two Motor Vehicles in Transport,"Yes, M/V and Driver Left Scene",No Controls,1,1,Complains Of Pain,,41.83686,-71.42156
827532,2020-00058971,20-Jul-20,2:26:00 PM,Pedestrian,1,,,,1,UNION AVE,WEBSTER AVE ,Alex Diaz,420,31-Aug-20,"Two-Way , Not Divided",Dry,Daylight,Clear,"Sidwswipe, Opposite Direction",No,No Controls,2,1,Complains Of Pain,,41.80697,-71.44703
823018,2020-00058108,18-Jul-20,1:40:00 AM,Pedestrian,2,,,,1,BROAD ST,SACKETT ST ,Cory Vingi,237,18-Jul-20,"Two-Way , Not Divided",Dry,Dark - Lighted,Clear,Not a Collision Between Two Motor Vehicles in Transport,"Yes, M/V and Driver Left Scene",No Controls,2,2,Incapacitating,,41.79589,-71.41179
823036,2020-00058203,18-Jul-20,10:43:00 AM,Pedestrian,2,,,,1,WILLARD AVE,BROAD ST ,Erick Fernandez,228,18-Jul-20,"Two-Way , Not Divided",Dry,Daylight,Clear,Not a Collision Between Two Motor Vehicles in Transport,No,No Controls,3,1,Complains Of Pain,,41.80717,-71.41967
822757,2020-00057253,15-Jul-20,11:39:00 AM,Pedestrian,1,,,,1,ATWELLS AVE,VALLEY ST ,Joshua Cascione,225,15-Jul-20,"Two-Way , Not Divided",Dry,Daylight,Clear,Not a Collision Between Two Motor Vehicles in Transport,"Yes, M/V and Driver Left Scene",No Controls,1,1,Complains Of Pain,,41.82456,-71.43948
822802,2020-00057325,15-Jul-20,3:58:00 PM,Bicycle,,1,,,1,PARKIS AVE,BROAD ST ,Wilkens Georges,548,15-Jul-20,"Two-Way, Divided, Unprotected (painted>4feet) Medium",Dry,Daylight,Clear,Not a Collision Between Two Motor Vehicles in Transport,"Yes, M/V and Driver Left Scene",Traffic Control Signal,1,1,Complains Of Pain,,41.80915,-71.42088
822723,2020-00057029,14-Jul-20,1:34:00 PM,Bicycle,,1,,,1,HARRIS AVE,ACORN ST ,Joshua Cascione,225,14-Jul-20,"Two-Way , Not Divided",Dry,Daylight,Clear,Not a Collision Between Two Motor Vehicles in Transport,No,No Controls,3,0,No Injury,,41.82636,-71.42768
822636,2020-00056734,13-Jul-20,1:43:00 PM,Pedestrian,1,,,,1,GOVERNOR ST,POWER ST ,Joshua Cascione,225,13-Jul-20,"Two-Way , Not Divided",Dry,Daylight,Clear,Not a Collision Between Two Motor Vehicles in Transport,No,Other,6,1,Incapacitating,,41.82373,-71.39412
822390,2020-00055429,09-Jul-20,1:58:00 PM,Pedestrian,1,,,,1,HOPE ST ,4TH ST ,Kyana Williams,426,10-Jul-20,"Two-Way , Not Divided",Dry,Daylight,Clear,Not a Collision Between Two Motor Vehicles in Transport,No,No Controls,4,1,Complains Of Pain,,41.84929,-71.39488
822281,2020-00055182,08-Jul-20,6:19:00 PM,Bicycle,,1,,,1,ADELAIDE AVE,RESERVOIR AVE ,Jose Buten,322,08-Jul-20,"Two-Way, Divided, Unprotected (painted>4feet) Medium",Dry,Daylight,Clear,Not a Collision Between Two Motor Vehicles in Transport,No,Traffic Control Signal,4,1,Incapacitating,,41.79275,-71.42748
822283,2020-00055176,08-Jul-20,5:52:00 PM,Pedestrian,1,,,,1,31 Croyland Road ,POTTERS AVE ,Alex Schneider,411,08-Jul-20,"Two-Way , Not Divided",Dry,Daylight,Clear,Not a Collision Between Two Motor Vehicles in Transport,"Yes, M/V and Driver Left Scene",No Controls,3,1,Complains Of Pain,,41.80342,-71.41471
822339,2020-00055227,08-Jul-20,8:56:00 PM,Pedestrian,1,,,,1,EXCHANGE TER,MEMORIAL BLVD ,ENDRES,220,08-Jul-20,"Two-Way , Not Divided",Dry,Dark - Lighted,Clear,Other,No,Traffic Control Signal,2,1,Non-Incapacitating,,41.82669,-71.41075
822102,2020-00054491,06-Jul-20,3:03:00 PM,Pedestrian,1,,,,1,Charles St,W River St,Shaun Marmas,216,06-Jul-20,"Two-Way, Divided, Unprotected (painted>4feet) Medium",Dry,Daylight,Clear,Not a Collision Between Two Motor Vehicles in Transport,No,No Controls,2,1,Complains Of Pain,,41.83961,-71.41638
822165,2020-00054604,06-Jul-20,9:20:00 PM,Pedestrian,1,,,,1,73 AYRAULT ST,CHALKSTONE AVE ,Joseph Lopes,227,06-Jul-20,One-Way Trafficway,Dry,Dark - Lighted,Clear,Not a Collision Between Two Motor Vehicles in Transport,"Yes, M/V and Driver Left Scene",No Controls,2,1,Incapacitating,,41.8336,-71.42903
821951,2020-00053927,05-Jul-20,12:02:00 AM,Pedestrian,1,,,,1,GROSVENOR AVE,CHALKSTONE AVE ,Robert Savage,238,05-Jul-20,"Two-Way, Divided, Unprotected (painted>4feet) Medium",Dry,Dark - Lighted,Clear,Not a Collision Between Two Motor Vehicles in Transport,No,No Controls,6,1,Non-Incapacitating,,41.83377,-71.43953
821625,2020-00052654,01-Jul-20,7:30:00 PM,Bicycle,,1,,,1,ADMIRAL ST,HAWKINS ST ,Cory Vingi,237,01-Jul-20,"Two-Way , Not Divided",Dry,Daylight,Clear,Not a Collision Between Two Motor Vehicles in Transport,No,No Controls,2,1,Complains Of Pain,,41.84592,-71.42839
821406,2020-00051656,28-Jun-20,5:33:00 PM,Bicycle,,1,,,1,COLFAX ST,OCEAN ST ,John Benros,481,28-Jun-20,"Two-Way , Not Divided",Dry,Daylight,Clear,Other,"Yes, M/V and Driver Left Scene",No Controls,1,0,Unknown,,41.80006,-71.40956
821414,2020-00051729,28-Jun-20,9:17:00 PM,Pedestrian,1,,,,1,FLORA ST,ASHTON ST ,Taft Manzotti,377,28-Jun-20,"Two-Way , Not Divided",Wet,Dark - Lighted,Rain,"Sideswipe, Same Direction","Yes, M/V and Driver Left Scene",No Controls,1,1,Complains Of Pain,,41.84931,-71.41545
821420,2020-00051770,28-Jun-20,10:56:00 PM,Pedestrian,1,,,,1,Thayer Street,Bowen Street,Kristen Barth,247,28-Jun-20,One-Way Trafficway,Wet,Dark - Lighted,Clear,Not a Collision Between Two Motor Vehicles in Transport,No,Stop Signs,3,1,Complains Of Pain,,41.83084,-71.401
821292,2020-00051186,27-Jun-20,12:09:00 PM,Bicycle,,1,,,1,Valley Street ,Hemlock Street ,James Lanier,211,27-Jun-20,"Two-Way, Divided, Unprotected (painted>4feet) Medium",Dry,Daylight,Clear,Not a Collision Between Two Motor Vehicles in Transport,No,Stop Signs,2,0,No Injury,1,,
821321,2020-00051242,27-Jun-20,3:25:00 PM,Bicycle,,1,,,1,GALLATIN ST,EMERSON ST ,John Benros,481,27-Jun-20,"Two-Way , Not Divided",Wet,Daylight,Rain,Other,No,No Controls,2,0,No Injury,,41.79717,-71.41358
821347,2020-00051394,27-Jun-20,11:16:00 PM,Pedestrian,1,,,,1,315 BROAD STREET,,Donald Castigliego,287,28-Jun-20,"Two-Way , Not Divided",Other,Dark - Lighted,Cloudy,Not a Collision Between Two Motor Vehicles in Transport,No,No Controls,3,1,Incapacitating,,41.81433,-71.4212
821352,2020-00051389,27-Jun-20,11:07:00 PM,Pedestrian,1,,,,1,Webster Ave,Dora Street,Kristen Barth,247,28-Jun-20,"Two-Way , Not Divided",Wet,Dark - Lighted,Rain,Rear End(Front-to-Rear),No,No Controls,3,1,Incapacitating,,41.8081,-71.44815
821230,2020-00050715,26-Jun-20,3:09:00 AM,Pedestrian,1,,,,1,CASS ST,BROAD ST,Matthew Fadale,214,26-Jun-20,"Two-Way , Not Divided",Dry,Dark - Not Lighted,Clear,Not a Collision Between Two Motor Vehicles in Transport,"Yes, M/V and Driver Left Scene",No Controls,1,1,Incapacitating,,41.79331,-71.40795
821099,2020-00050156,24-Jun-20,3:12:00 PM,Pedestrian,1,,,,1,BORDEN ST,PLAIN ST ,Joseph Lopes,227,24-Jun-20,"Two-Way , Not Divided",Dry,Daylight,Clear,Not a Collision Between Two Motor Vehicles in Transport,No,No Controls,2,1,Complains Of Pain,,41.81331,-71.412
820799,2020-00048792,20-Jun-20,6:29:00 PM,Bicycle,,1,,,1,LLOYD AVE,ELMGROVE AVE ,Noel Field,260,20-Jun-20,"Two-Way , Not Divided",Dry,Daylight,Clear,Not a Collision Between Two Motor Vehicles in Transport,No,Stop Signs,6,1,Incapacitating,2,41.83416,-71.3908
820567,2020-00047944,18-Jun-20,3:29:00 AM,Pedestrian,1,,,,1,SORRENTO ST,WADSWORTH ST ,Ryan Fedo,,18-Jun-20,Unknown,Dry,Dark - Lighted,Clear,Not a Collision Between Two Motor Vehicles in Transport,"Yes, M/V and Driver Left Scene",Unknown,1,1,Non-Incapacitating,,41.80679,-71.43831
820509,2020-00047710,17-Jun-20,1:03:00 PM,Pedestrian,1,,X,,1,501 SILVER SPRING STREET,SMITHFIELD AVE ,Gargar Grimes,323,17-Jun-20,"Two-Way, Divided, Unprotected (painted>4feet) Medium",Dry,Daylight,Clear,Not a Collision Between Two Motor Vehicles in Transport,No,No Controls,3,1,Complains Of Pain,,41.85619,-71.41091
820583,2020-00047698,17-Jun-20,12:23:00 PM,Other,1,,X,,1,1271 Broad St,BROAD ST ,Michelle Chasse,264,18-Jun-20,"Two-Way , Not Divided",Dry,Daylight,Clear,Not a Collision Between Two Motor Vehicles in Transport,"Yes, M/V and Driver Left Scene",No Controls,2,1,Complains Of Pain,,41.79195,-71.4069
820596,2020-00047778,17-Jun-20,4:30:00 PM,Bicycle,,1,,,1,POTTERS AVE,BROAD ST ,Nicholas Manfredi,343,18-Jun-20,"Two-Way , Not Divided",Dry,Daylight,Clear,Not a Collision Between Two Motor Vehicles in Transport,"Yes, M/V and Driver Left Scene",No Controls,1,1,Complains Of Pain,,41.80297,-71.41891
820249,2020-00046492,13-Jun-20,5:55:00 PM,Bicycle,,1,,,1,CHARLES ST,CORLISS ST ,Donald Castigliego,287,13-Jun-20,One-Way Trafficway,Dry,Daylight,Clear,Not a Collision Between Two Motor Vehicles in Transport,No,No Controls,4,1,Complains Of Pain,,41.83867,-71.41526
820038,2020-00045058,09-Jun-20,2:25:00 AM,Pedestrian,1,,,,1,JEWETT ST,CALVERLY ST ,Kyle Endres,220,09-Jun-20,"Two-Way , Not Divided",Dry,Dark - Lighted,Clear,Not a Collision Between Two Motor Vehicles in Transport,"Yes, M/V and Driver Left Scene",No Controls,2,1,Complains Of Pain,,41.83279,-71.4214
819963,2020-00044519,07-Jun-20,1:12:00 PM,Bicycle,,1,,,1,BROAD ST,ALDRICH ST ,Joshua Cascione,225,07-Jun-20,"Two-Way , Not Divided",Dry,Daylight,Clear,Not a Collision Between Two Motor Vehicles in Transport,No,No Controls,2,0,No Injury,,41.79362,-71.40898
819863,2020-00043918,05-Jun-20,2:28:00 PM,Bicycle,,1,,,1,OPPER STREET,SOCIAL STREET,Joseph Madeira,552,05-Jun-20,"Two-Way , Not Divided",Dry,Daylight,Clear,Angle (Front - to - Side) Right Angle (Includes Broadside),No,Stop Signs,3,0,No Injury,,41.83465,-71.41632
819873,2020-00044022,05-Jun-20,9:00:00 PM,Pedestrian,1,,,,1,ROCHAMBEAU AVE,HOPE ST ,Jessica Salmeron,356,05-Jun-20,"Two-Way, Not Divided With a Continuous Left Turn Lane",Wet,Dusk,Clear,Not a Collision Between Two Motor Vehicles in Transport,"Yes, Driver Left Scene",Traffic Control Signal,2,1,Complains Of Pain,,41.84691,-71.39608
819708,2020-00043075,02-Jun-20,9:25:00 PM,Pedestrian,1,,,,1,EDDY ST,BROOM ST ,Joshua Cascione,225,02-Jun-20,"Two-Way , Not Divided",Dry,Dark - Lighted,Clear,Not a Collision Between Two Motor Vehicles in Transport,"Yes, M/V and Driver Left Scene",No Controls,4,1,Complains Of Pain,,41.79061,-71.40323
819705,2020-00042710,01-Jun-20,11:30:00 PM,Pedestrian,1,,,,1,77 Union Ave,SORRENTO ST ,Cory Vingi,237,02-Jun-20,"Two-Way , Not Divided",Dry,Dark - Lighted,Clear,Not a Collision Between Two Motor Vehicles in Transport,No,No Controls,2,1,Incapacitating,,41.80984,-71.43621
819586,2020-00042174,31-May-20,10:48:00 AM,Pedestrian,1,,,,1,CRANSTON ST,DEXTER ST ,Fernando Lopez,156,31-May-20,"Two-Way , Not Divided",Dry,Daylight,Clear,Not a Collision Between Two Motor Vehicles in Transport,No,Pavement Markings,2,1,Complains Of Pain,,41.81264,-71.42952
819423,2020-00041156,28-May-20,4:38:00 PM,Bicycle,,1,,,1,BROOK ST,WILLIAMS ST ,Miguel Castillo,489,28-May-20,"Two-Way , Not Divided",Dry,Daylight,Cloudy,Angle (Front - to - Side) Right Angle (Includes Broadside),No,Stop Signs,3,1,Complains Of Pain,2,41.82248,-71.3986
819369,2020-00040794,27-May-20,4:29:00 PM,Pedestrian,1,,,,1,CHARLES ST,HAWKINS ST ,Jose Deschamps,419,27-May-20,"Two-Way, Divided, Unprotected (painted>4feet) Medium",Dry,Daylight,Clear,Not a Collision Between Two Motor Vehicles in Transport,No,No Controls,2,1,Incapacitating,,41.8514,-71.42016
819314,2020-00040496,26-May-20,7:21:00 PM,Pedestrian,1,,,,1,SMITH ST,RUGGLES ST ,Donald Castigliego,287,26-May-20,"Two-Way , Not Divided",Dry,Dusk,Clear,Not a Collision Between Two Motor Vehicles in Transport,No,No Controls,5,1,Complains Of Pain,,41.83616,-71.42831
819216,2020-00040030,25-May-20,4:20:00 PM,Bicycle,,1,,,1,DOVER ST,PEMBERTON ST ,Donald Castigliego,287,25-May-20,"Two-Way , Not Divided",Dry,Daylight,Cloudy,Not a Collision Between Two Motor Vehicles in Transport,No,No Controls,2,0,No Injury,,41.82991,-71.44564
819160,2020-00039731,24-May-20,4:52:00 PM,Bicycle,,1,,,1,PLAINFIELD ST,GIFFORD ST,Joseph Lopes,227,24-May-20,"Two-Way , Not Divided",Dry,Daylight,Clear,Not a Collision Between Two Motor Vehicles in Transport,No,Other,2,1,Complains Of Pain,,41.81378,-71.4485
818685,2020-00037715,17-May-20,2:00:00 PM,Bicycle,,1,,,2,CAROLINA AVE,VIRGINIA AVE ,Fernando Lopez,156,17-May-20,"Two-Way , Not Divided",Dry,Daylight,Clear,Angle (Front - to - Side) Right Angle (Includes Broadside),No,No Controls,4,3,Complains Of Pain,,41.79101,-71.39991
818498,2020-00036423,13-May-20,8:58:00 AM,Pedestrian,1,,,,1,460 SMITH ST,CHALKSTONE AVE ,Jose Deschamps,419,13-May-20,"Two-Way, Divided, Unprotected (painted>4feet) Medium",Dry,Daylight,Clear,Not a Collision Between Two Motor Vehicles in Transport,"Yes, M/V and Driver Left Scene",No Controls,3,1,Non-Incapacitating,,41.83524,-71.42571
818165,2020-00034664,05-May-20,1:46:00 PM,Pedestrian,1,,,,1,REGENT AVE,ACADEMY AVE ,Fernando Lopez,156,05-May-20,"Two-Way , Not Divided",Dry,Daylight,Clear,Not a Collision Between Two Motor Vehicles in Transport,No,No Controls,2,1,Complains Of Pain,,41.82929,-71.44397
818021,2020-00034114,03-May-20,1:17:00 PM,Pedestrian,1,,,,1,PRESIDENT AVE,ELMGROVE AVE ,George Pereira,421,03-May-20,"Two-Way , Not Divided",Dry,Daylight,Clear,Not a Collision Between Two Motor Vehicles in Transport,No,Stop Signs,2,1,Complains Of Pain,,41.83523,-71.39117
818037,2020-00034313,03-May-20,9:15:00 PM,Pedestrian,1,,,,1,CRANSTON ST,BRIDGHAM ST ,Joshua Cascione,225,03-May-20,"Two-Way , Not Divided",Dry,Dark - Lighted,Clear,Not a Collision Between Two Motor Vehicles in Transport,"Yes, M/V and Driver Left Scene",Traffic Control Signal,3,1,Incapacitating,,41.81396,-71.42694
817956,2020-00033445,01-May-20,8:33:00 AM,Pedestrian,2,,,,1,CAMP ST,DOYLE AVE ,Jose Deschamps,419,01-May-20,"Two-Way , Not Divided",Wet,Daylight,"Sleet, Hail (Freezing Rain or Drizzle)",Not a Collision Between Two Motor Vehicles in Transport,"Yes, Driver Left Scene",Stop Signs,8,2,Incapacitating,,41.8388,-71.40419