CrashReportId,ReportNumber,CrashDate,CrashTime,Collision Type,CountPedestrian,CountBicycle,Scooter,Wheel Chair,NumberofVehicles,StreetOrHighway,NearestIntersection,Officer,Badge,ReportDate,TypeOfRoadway,RoadSurfaceCondition,LightCondition,WeatherCondition,MannerofImpact,HitAndRun,TrafficControl,PersonCount,InjuryCount,MostSeriousInjury,NumberOfLanes,Latitude,Longitude
816558,2020-00032214,25-Apr-20,12:21:00 AM,Pedestrian,1,,,,1,BROAD ST,BROAD ST ,Kyle Endres,220,25-Apr-20,"Two-Way , Not Divided",Dry,Dark - Lighted,Clear,Not a Collision Between Two Motor Vehicles in Transport,"Yes, M/V and Driver Left Scene",No Controls,1,0,No Injury,,41.81606,-71.41988
817611,2020-00032454,25-Apr-20,8:38:00 PM,Pedestrian,1,,,,1,ELMWOOD AVENUE,PARKIS AVE ,Kirsten Doldoorian,221,25-Apr-20,"Two-Way , Not Divided",Dry,Dark - Lighted,Clear,Not a Collision Between Two Motor Vehicles in Transport,No,No Controls,2,1,Incapacitating,,41.80892,-71.42459
816329,2020-00031586,21-Apr-20,5:00:00 PM,Pedestrian,1,,,,1,broad street,SACKETT ST ,Ptlw. Levesque,248,21-Apr-20,"Two-Way , Not Divided",Wet,Daylight,Rain,Not a Collision Between Two Motor Vehicles in Transport,"Yes, M/V and Driver Left Scene",No Controls,1,1,Complains Of Pain,,41.79614,-71.4121
816246,2020-00031003,18-Apr-20,9:59:00 AM,Pedestrian,1,,,,1,NORTH MAIN ST,RANDALL ST ,Fernando Lopez,156,18-Apr-20,"Two-Way, Divided, Positive Median Barrier",Wet,Daylight,Snow,Not a Collision Between Two Motor Vehicles in Transport,No,Pavement Markings,2,1,Complains Of Pain,,41.83666,-71.40959
816215,2020-00030401,14-Apr-20,9:17:00 PM,Pedestrian,1,,,,1,CRANSTON STREET,HANOVER ST ,Donald Castigliego,287,14-Apr-20,"Two-Way , Not Divided",Dry,Dark - Lighted,Clear,Not a Collision Between Two Motor Vehicles in Transport,"Yes, M/V and Driver Left Scene",No Controls,1,1,Non-Incapacitating,,41.80933,-71.43368
816204,2020-00030159,13-Apr-20,2:10:00 PM,Bicycle,,1,,,1,WESTMINSTER ST,BOUGH ST ,Jason Andrade,200,14-Apr-20,"Two-Way, Divided, Positive Median Barrier",Dry,Daylight,Rain,Head-On (Front - to - Front),"Yes, M/V and Driver Left Scene",No Controls,2,1,Complains Of Pain,,41.81656,-71.44159
816148,2020-00029830,11-Apr-20,1:06:00 PM,Bicycle,,1,,,1,NORTH MAIN ST,WHITE ST ,Fernando Lopez,156,11-Apr-20,"Two-Way , Not Divided",Dry,Daylight,Clear,Not a Collision Between Two Motor Vehicles in Transport,No,Traffic Control Signal,4,1,Complains Of Pain,,41.85548,-71.40015
816124,2020-00029609,10-Apr-20,7:30:00 AM,Bicycle,,1,,,1,ORMS ST,SMITH ST ,Alex Diaz,420,10-Apr-20,"Two-Way, Divided, Positive Median Barrier",Dry,Daylight,Clear,Not a Collision Between Two Motor Vehicles in Transport,No,Traffic Control Signal,2,0,No Injury,,41.83377,-71.42198
816135,2020-00029258,08-Apr-20,1:26:00 AM,Pedestrian,1,,,,1,ATLANTIC AVE,Broad Street,Kristen Barth,247,10-Apr-20,"Two-Way , Not Divided",Dry,Dark - Lighted,Clear,Not a Collision Between Two Motor Vehicles in Transport,"Yes, M/V and Driver Left Scene",No Controls,1,1,Complains Of Pain,,41.79934,-71.41632
816052,2020-00029129,07-Apr-20,11:32:00 AM,Pedestrian,1,,,,1,110 LOCKWOOD ST,,Fernando Lopez,156,07-Apr-20,Unknown,Dry,Daylight,Clear,Not a Collision Between Two Motor Vehicles in Transport,No,No Controls,4,1,Complains Of Pain,,,
816048,2020-00029041,06-Apr-20,8:10:00 PM,Bicycle,,1,,,1,PLAINFIELD ST EXIT,PLAINFIELD ST ,Cory Vingi,237,06-Apr-20,"Two-Way , Not Divided",Dry,Dark - Lighted,Clear,Not a Collision Between Two Motor Vehicles in Transport,No,Pavement Markings,3,1,Complains Of Pain,,41.81539,-71.44587
816018,2020-00028541,03-Apr-20,8:30:00 PM,Pedestrian,1,,,,1,GLENBRIDGE AVE,LARK ST ,Cory Vingi,237,03-Apr-20,"Two-Way , Not Divided",Wet,Dark - Lighted,Rain,Not a Collision Between Two Motor Vehicles in Transport,No,No Controls,2,1,Complains Of Pain,,41.82556,-71.45854
815989,2020-00028357,02-Apr-20,5:06:00 PM,Pedestrian,1,,,,1,ATWELLS AVE,BRADFORD ST ,Joshua Cascione,225,02-Apr-20,"Two-Way , Not Divided",Dry,Daylight,Cloudy,Not a Collision Between Two Motor Vehicles in Transport,No,Pavement Markings,3,1,Complains Of Pain,,41.82323,-71.42183
815897,2020-00027564,28-Mar-20,11:51:00 AM,Bicycle,,1,,,1,POCASSET AVE,LAUREL HILL AVE ,Ivan Tavarez,204,28-Mar-20,"Two-Way, Divided, Unprotected (painted>4feet) Medium",Dry,Daylight,Clear,Angle (Front - to - Side) Right Angle (Includes Broadside),No,Traffic Control Signal,2,0,No Injury,,41.81072,-71.4541
815849,2020-00026917,24-Mar-20,5:12:00 PM,Pedestrian,1,,,,1,POCASSET AVE,MERCY ST ,Joshua Cascione,225,24-Mar-20,"Two-Way , Not Divided",Dry,Daylight,Cloudy,Not a Collision Between Two Motor Vehicles in Transport,"Yes, M/V and Driver Left Scene",No Controls,2,1,Complains Of Pain,,41.80862,-71.45557
815744,2020-00026112,20-Mar-20,6:02:00 AM,Pedestrian,1,,,,1,N. Main Street ,Eight Street ,James Lanier,211,20-Mar-20,"Two-Way, Divided, Positive Median Barrier",Dry,Dawn,Clear,Not a Collision Between Two Motor Vehicles in Transport,No,No Controls,2,1,Complains Of Pain,2,,
815752,2020-00026179,20-Mar-20,3:07:00 PM,Pedestrian,1,,,,1,BROAD STREET,MARLBOROUGH AVE,Donald Castigliego,287,20-Mar-20,"Two-Way , Not Divided",Dry,Daylight,Clear,Not a Collision Between Two Motor Vehicles in Transport,No,No Controls,3,1,Complains Of Pain,,41.80572,-71.41978
815736,2020-00026047,19-Mar-20,6:08:00 PM,Pedestrian,2,,,,1,MANTON AVE,SHERIDAN ST ,Joseph Lopes,227,19-Mar-20,"Two-Way , Not Divided",Wet,Daylight,Cloudy,Not a Collision Between Two Motor Vehicles in Transport,No,No Controls,5,2,Non-Incapacitating,,41.8237,-71.45158
815612,2020-00025443,16-Mar-20,4:18:00 AM,Pedestrian,1,,,,1,EAST DR,MIDDLE DR ,David Forte,518,16-Mar-20,"Two-Way , Not Divided",Dry,Dark - Lighted,Clear,Not a Collision Between Two Motor Vehicles in Transport,"Yes, M/V and Driver Left Scene",No Controls,2,1,Non-Incapacitating,,41.85234,-71.44313
815629,2020-00025468,16-Mar-20,8:06:00 AM,Bicycle,,1,,,1,Manton Avenue ,Chaffee Street,James Lanier,211,16-Mar-20,"Two-Way, Divided, Unprotected (painted>4feet) Medium",Dry,Daylight,Clear,Not a Collision Between Two Motor Vehicles in Transport,No,Pavement Markings,3,1,Incapacitating,1,,
815555,2020-00025048,14-Mar-20,9:11:00 PM,Bicycle,,1,,,1,MEMORIAL BLVD,FRANCIS ST ,Donald Castigliego,287,14-Mar-20,"Two-Way, Divided, Positive Median Barrier",Dry,Dark - Lighted,Clear,Not a Collision Between Two Motor Vehicles in Transport,No,Traffic Control Signal,3,1,Complains Of Pain,,41.8259,-71.41535
815433,2020-00024525,13-Mar-20,7:05:00 AM,Pedestrian,1,,,,1,STEUBEN ST,ATWELLS AVE ,Fernando Lopez,156,13-Mar-20,"Two-Way , Not Divided",Wet,Daylight,Rain,Not a Collision Between Two Motor Vehicles in Transport,No,Pavement Markings,5,1,Complains Of Pain,,41.82504,-71.44935
815401,2020-00024342,12-Mar-20,4:39:00 PM,Pedestrian,1,,,,1,MANTON AVE ,POPE ST ,Joseph Lopes,227,12-Mar-20,"Two-Way , Not Divided",Dry,Daylight,Clear,Not a Collision Between Two Motor Vehicles in Transport,"Yes, M/V and Driver Left Scene",No Controls,1,1,Complains Of Pain,,41.82186,-71.44906
815306,2020-00023941,11-Mar-20,2:42:00 PM,Pedestrian,1,,,,1,BRANCH AVE,VANDEWATER ST ,Tyler Calandra,418,11-Mar-20,"Two-Way, Divided, Unprotected (painted>4feet) Medium",Dry,Daylight,Clear,Other,"Yes, M/V and Driver Left Scene",No Controls,1,1,Complains Of Pain,,41.85364,-71.42871
815226,2020-00023508,10-Mar-20,10:15:00 AM,Pedestrian,1,,,,1,WASHINGTON ST,SERVICE ROAD 8 ,Thomas Rose,465,10-Mar-20,"Two-Way , Not Divided",Dry,Daylight,Clear,Angle (Front - to - Side) Right Angle (Includes Broadside),No,No Controls,2,1,Complains Of Pain,,41.82021,-71.41885
815261,2020-00023736,10-Mar-20,8:12:00 PM,Pedestrian,1,,,,1,PITMAN ST,BUTLER AVE ,Joshua Cascione,225,10-Mar-20,"Two-Way , Not Divided",Dry,Dark - Lighted,Cloudy,Not a Collision Between Two Motor Vehicles in Transport,No,Pavement Markings,5,1,Fatal,,41.8268,-71.38713
815171,2020-00023189,09-Mar-20,1:28:00 PM,Pedestrian,1,,,,1,ROGER WILLIAMS CT,ELMWOOD AVE ,Albert Deschamps,527,09-Mar-20,"Two-Way, Divided, Positive Median Barrier",Dry,Daylight,Clear,Not a Collision Between Two Motor Vehicles in Transport,No,No Controls,2,1,Non-Incapacitating,,41.78912,-71.42138
815181,2020-00023209,09-Mar-20,2:41:00 PM,Bicycle,,1,,,1,FOUNTAIN ST,DORRANCE ST ,Donald Castigliego,287,09-Mar-20,One-Way Trafficway,Dry,Daylight,Clear,Not a Collision Between Two Motor Vehicles in Transport,No,Traffic Control Signal,3,1,Complains Of Pain,,41.82482,-71.41422
815196,2020-00023255,09-Mar-20,5:02:00 PM,Pedestrian,1,,,,1,ACADEMY AVENUE,ARMINGTON AVE ,Gargar Grimes,323,09-Mar-20,"Two-Way, Divided, Unprotected (painted>4feet) Medium",Dry,Daylight,Clear,Not a Collision Between Two Motor Vehicles in Transport,No,No Controls,3,1,Complains Of Pain,,41.8274,-71.44374
815092,2020-00022894,08-Mar-20,3:02:00 PM,Pedestrian,1,,,,1,BROAD ST,ADELAIDE AVE ,Donald Castigliego,287,08-Mar-20,"Two-Way , Not Divided",Dry,Daylight,Clear,Not a Collision Between Two Motor Vehicles in Transport,No,No Controls,2,1,Complains Of Pain,,41.79837,-71.41488
815010,2020-00022610,07-Mar-20,4:25:00 PM,Pedestrian,1,,,,1,Angell St,Hope St,Noel Field,260,07-Mar-20,One-Way Trafficway,Dry,Daylight,Clear,Not a Collision Between Two Motor Vehicles in Transport,No,Traffic Control Signal,4,1,Complains Of Pain,,41.8284,-71.39751
814758,2020-00021834,05-Mar-20,1:42:00 PM,Pedestrian,1,,,,1,UNION ST,WASHINGTON ST ,Fernando Lopez,156,05-Mar-20,"Two-Way , Not Divided",Dry,Daylight,Clear,Not a Collision Between Two Motor Vehicles in Transport,"Yes, M/V and Driver Left Scene",No Controls,1,1,Complains Of Pain,,41.82357,-71.41395
815286,2020-00021125,03-Mar-20,8:30:00 AM,Pedestrian,1,,,,1,CRANSTON ST,FRICKER ST ,Christopher Brown,259,11-Mar-20,"Two-Way , Not Divided",Dry,Daylight,Clear,Not a Collision Between Two Motor Vehicles in Transport,"Yes, M/V and Driver Left Scene",Traffic Control Signal,1,1,Complains Of Pain,,41.81709,-71.4224
814513,2020-00020714,02-Mar-20,9:20:00 AM,Pedestrian,1,,,,1,GEORGE ST,BENEFIT ST ,Fernando Lopez,156,02-Mar-20,"Two-Way , Not Divided",Dry,Daylight,Clear,Not a Collision Between Two Motor Vehicles in Transport,No,Pavement Markings,2,1,Complains Of Pain,,41.82517,-71.40609
814563,2020-00020835,02-Mar-20,4:03:00 PM,Pedestrian,1,,,,1,George St,Brown St,Noel Field,260,02-Mar-20,"Two-Way , Not Divided",Dry,Daylight,Clear,Not a Collision Between Two Motor Vehicles in Transport,No,Pavement Markings,4,1,Complains Of Pain,2,41.82535,-71.40276
814571,2020-00020841,02-Mar-20,4:19:00 PM,Pedestrian,1,,,,1,BARRY RD,BARRY RD ,Ryan Malloy,311,02-Mar-20,"Two-Way , Not Divided",Dry,Daylight,Clear,Not a Collision Between Two Motor Vehicles in Transport,"Yes, M/V and Driver Left Scene",No Controls,2,1,Incapacitating,,41.81821,-71.4504
813409,2020-00020203,29-Feb-20,6:40:00 PM,Bicycle,,1,,,1,MEMORIAL BLVD,FRANCIS ST ,Kristen Barth,247,29-Feb-20,One-Way Trafficway,Dry,Dark - Lighted,Clear,Not a Collision Between Two Motor Vehicles in Transport,No,Traffic Control Signal,4,1,Complains Of Pain,,41.8259,-71.41535
813355,2020-00019787,28-Feb-20,4:12:00 PM,Pedestrian,1,,,,1,douglas ave,DOUGLAS AVE ,Thomas Savard,335,28-Feb-20,"Two-Way , Not Divided",Dry,Daylight,Clear,Not a Collision Between Two Motor Vehicles in Transport,No,No Controls,2,1,Complains Of Pain,,41.83605,-71.41962
813232,2020-00019293,27-Feb-20,9:11:00 AM,Pedestrian,1,,,,1,RUGGLES ST,Smith Street,Ybelis Gonzalez,376,27-Feb-20,"Two-Way , Not Divided",Wet,Daylight,Rain,Not a Collision Between Two Motor Vehicles in Transport,No,Stop Signs,3,1,Complains Of Pain,,41.83624,-71.42825
813256,2020-00019495,27-Feb-20,7:25:00 PM,Pedestrian,1,,,,1,4TH ST,HIGHLAND AVE ,Cory Vingi,237,27-Feb-20,"Two-Way , Not Divided",Dry,Dark - Lighted,Clear,Not a Collision Between Two Motor Vehicles in Transport,No,Stop Signs,2,0,No Injury,,41.85116,-71.4001
813200,2020-00019176,26-Feb-20,8:26:00 PM,Pedestrian,1,,,,1,LIEGE ST,DOUGLAS AVE ,Erik Breault,226,26-Feb-20,"Two-Way, Divided, Unprotected (painted>4feet) Medium",Wet,Dark - Lighted,Clear,Unknown,No,No Controls,5,1,Complains Of Pain,,41.84161,-71.42747
812899,2020-00017903,23-Feb-20,12:15:00 AM,Pedestrian,1,,,,1,987 NORTH MAIN ST ,DEXTERDALE RD,Joseph Lopes,227,23-Feb-20,"Two-Way, Divided, Positive Median Barrier",Dry,Dark - Lighted,Clear,Not a Collision Between Two Motor Vehicles in Transport,No,No Controls,3,1,Non-Incapacitating,,41.84849,-71.40412
812906,2020-00017949,23-Feb-20,2:19:00 AM,Pedestrian,1,,,,1,Broad Street ,Detroit Avenue ,James Lanier,211,23-Feb-20,"Two-Way , Not Divided",Dry,Dark - Lighted,Clear,Not a Collision Between Two Motor Vehicles in Transport,"Yes, M/V and Driver Left Scene",No Controls,2,1,Non-Incapacitating,1,,
812957,2020-00018184,23-Feb-20,9:11:00 PM,Pedestrian,1,,,,1,BROAD ST,BROAD ST ,Joshua Cascione,225,23-Feb-20,"Two-Way , Not Divided",Dry,Daylight,Clear,Not a Collision Between Two Motor Vehicles in Transport,No,No Controls,2,1,Complains Of Pain,,41.81434,-71.42119
812856,2020-00017407,21-Feb-20,4:00:00 PM,Bicycle,,1,,,1,SERVICE ROAD 3,WESTMINSTER ST ,Shawn Kennedy,547,22-Feb-20,"Two-Way , Not Divided",Dry,Daylight,Clear,"Sidwswipe, Opposite Direction","Yes, M/V and Driver Left Scene",No Controls,1,1,Complains Of Pain,,41.81632,-71.44059
812757,2020-00017150,20-Feb-20,6:49:00 PM,Pedestrian,1,,,,1,Wayland Ave,Waterman St,Noel Field,260,20-Feb-20,"Two-Way , Not Divided",Dry,Dark - Lighted,Clear,Not a Collision Between Two Motor Vehicles in Transport,No,Traffic Control Signal,4,1,Complains Of Pain,2,41.8286,-71.38838
812675,2020-00016781,19-Feb-20,3:49:00 PM,Pedestrian,1,,,,1,ROCHAMBEAU AVE,HOPE ST ,Joseph Lopes,227,19-Feb-20,"Two-Way , Not Divided",Dry,Daylight,Clear,Not a Collision Between Two Motor Vehicles in Transport,No,Traffic Control Signal,2,1,Complains Of Pain,,41.84691,-71.39599
812530,2020-00016248,17-Feb-20,11:50:00 PM,Pedestrian,1,,,,1,,CRANSTON ST ,Kristen Barth,247,17-Feb-20,"Two-Way , Not Divided",Dry,Dark - Lighted,Clear,Not a Collision Between Two Motor Vehicles in Transport,"Yes, M/V and Driver Left Scene",Traffic Control Signal,1,1,Complains Of Pain,,41.80316,-71.43987
812169,2020-00014614,13-Feb-20,6:32:00 AM,Pedestrian,1,,,,1,Plain Street,Lockwood Street,Kristen Barth,247,13-Feb-20,"Two-Way , Not Divided",Wet,Dark - Unknown Lighting,Rain,Not a Collision Between Two Motor Vehicles in Transport,No,No Controls,3,1,Incapacitating,,41.81238,-71.41199
812260,2020-00014851,13-Feb-20,9:09:00 PM,Pedestrian,1,,,,1,Smith St,Orms St,Kyle Richards,209,13-Feb-20,"Two-Way, Divided, Unprotected (painted>4feet) Medium",Wet,Dark - Lighted,Cloudy,Not a Collision Between Two Motor Vehicles in Transport,"Yes, M/V and Driver Left Scene",No Controls,1,1,Complains Of Pain,,41.83377,-71.42198
812012,2020-00013920,11-Feb-20,7:56:00 AM,Pedestrian,1,,,,1,Sabin Street ,West Exchange Street ,James Lanier,211,11-Feb-20,One-Way Trafficway,Wet,Daylight,Rain,Not a Collision Between Two Motor Vehicles in Transport,No,No Controls,4,1,Complains Of Pain,1,,
812015,2020-00013921,11-Feb-20,8:13:00 AM,Pedestrian,1,,,,1,BROAD ST ,ADELAIDE AVE ,Fernando Lopez,156,11-Feb-20,"Two-Way , Not Divided",Wet,Daylight,Rain,Not a Collision Between Two Motor Vehicles in Transport,No,Pavement Markings,3,1,Complains Of Pain,,41.79891,-71.41554
812072,2020-00014091,11-Feb-20,7:05:00 PM,Pedestrian,1,,,,1,FRANCIS ST,FINANCE WAY,Joseph Lopes,227,11-Feb-20,"Two-Way , Not Divided",Wet,Dark - Lighted,Rain,Not a Collision Between Two Motor Vehicles in Transport,No,Traffic Control Signal,3,1,Incapacitating,,41.82754,-71.41539
811713,2020-00011875,05-Feb-20,9:19:00 AM,Pedestrian,1,,,,1,100 Butler Drive,100 Butler Drive,James Lanier,211,05-Feb-20,"Two-Way , Not Divided",Dry,Daylight,Clear,Not a Collision Between Two Motor Vehicles in Transport,No,No Controls,3,1,Complains Of Pain,1,,
811700,2020-00011752,04-Feb-20,11:05:00 PM,Pedestrian,1,,,X,2,460 SMITH ST,CHALKSTONE AVE ,Casey Correia,521,05-Feb-20,"Two-Way , Not Divided",Wet,Dark - Lighted,Rain,Rear End(Front-to-Rear),No,No Controls,4,1,Complains Of Pain,,41.83541,-71.42612
811518,2020-00010550,01-Feb-20,10:24:00 AM,Pedestrian,1,,,,1,CHALKSTONE AVE,FALLON AVE ,Fernando Lopez,156,01-Feb-20,"Two-Way , Not Divided",Dry,Daylight,Clear,Not a Collision Between Two Motor Vehicles in Transport,"Yes, M/V and Driver Left Scene",Pavement Markings,1,1,Complains Of Pain,,41.83234,-71.44342
811556,2020-00010706,01-Feb-20,7:20:00 PM,Bicycle,,1,,,1,CRANSTON ST,HUNTINGTON AVE ,Cory Vingi,237,01-Feb-20,"Two-Way , Not Divided",Dry,Dark - Lighted,Clear,Not a Collision Between Two Motor Vehicles in Transport,No,Traffic Control Signal,2,0,No Injury,,41.80406,-71.43888
811324,2020-00009590,29-Jan-20,6:37:00 PM,Pedestrian,1,,,,1,SERVICE ROAD 7,BROAD ST ,Southavout Im,382,29-Jan-20,One-Way Trafficway,Dry,Dark - Lighted,Clear,Other,"Yes, M/V and Driver Left Scene",Traffic Control Signal,1,1,Complains Of Pain,,41.81737,-71.41698
811272,2020-00008756,27-Jan-20,8:32:00 AM,Pedestrian,1,,,,1,EXCHANGE TER,EXCHANGE ST ,Gary Slater,365,28-Jan-20,One-Way Trafficway,Dry,Daylight,Cloudy,Not a Collision Between Two Motor Vehicles in Transport,No,Stop Signs,3,1,Complains Of Pain,,41.82611,-71.4116
811190,2020-00008561,26-Jan-20,3:34:00 PM,Pedestrian,1,,,,1,WHIPPLE ST,ADMIRAL ST ,Donald Castigliego,287,26-Jan-20,"Two-Way , Not Divided",Dry,Daylight,Clear,Not a Collision Between Two Motor Vehicles in Transport,No,Traffic Control Signal,7,1,Incapacitating,,41.84068,-71.41897
811153,2020-00008264,25-Jan-20,6:04:00 PM,Pedestrian,1,,,,1,NARRAGANSETT BLVD,OHIO AVE ,Nicholas Manfredi,343,25-Jan-20,"Two-Way , Not Divided",Wet,Dark - Lighted,Rain,Not a Collision Between Two Motor Vehicles in Transport,No,No Controls,3,1,Incapacitating,,41.78986,-71.39628
811069,2020-00007820,24-Jan-20,3:59:00 PM,Pedestrian,1,,,,1,ELMWOOD AVE,POTTERS AVE ,Joshua Cascione,225,24-Jan-20,"Two-Way , Not Divided",Dry,Daylight,Clear,Not a Collision Between Two Motor Vehicles in Transport,"Yes, M/V and Driver Left Scene",Traffic Control Signal,2,1,Complains Of Pain,2,41.80121,-71.42643
811082,2020-00007881,24-Jan-20,7:25:00 PM,Bicycle,,1,,,1,STEEPLE ST,CANAL ST ,Joshua Cascione,225,24-Jan-20,"Two-Way , Not Divided",Dry,Dark - Lighted,Cloudy,Angle (Front - to - Side) Right Angle (Includes Broadside),No,Traffic Control Signal,2,1,Complains Of Pain,,41.82718,-71.40991
811090,2020-00007908,24-Jan-20,8:48:00 PM,Pedestrian,1,,,,1,PEARL ST ,PINE ST ,Joseph Lopes,227,24-Jan-20,"Two-Way , Not Divided",Dry,Dark - Lighted,Clear,Not a Collision Between Two Motor Vehicles in Transport,No,No Controls,2,1,Complains Of Pain,,41.81346,-71.41852
810989,2020-00007523,23-Jan-20,7:21:00 PM,Pedestrian,1,,,,1,POCASSET AVE,MAGNOLIA ST ,Joshua Cascione,225,23-Jan-20,"Two-Way , Not Divided",Dry,Dark - Lighted,Clear,Not a Collision Between Two Motor Vehicles in Transport,"Yes, M/V and Driver Left Scene",No Controls,1,1,Complains Of Pain,2,41.81152,-71.4514
810849,2020-00006849,21-Jan-20,6:29:00 PM,Pedestrian,1,,,,1,WILLARD AVE,PLAIN ST ,Joshua Cascione,225,21-Jan-20,"Two-Way , Not Divided",Dry,Dark - Lighted,Clear,Not a Collision Between Two Motor Vehicles in Transport,No,Stop Signs,3,1,Complains Of Pain,,41.80891,-71.41075
810614,2020-00005985,18-Jan-20,10:10:00 PM,Pedestrian,1,,,,1,oakland ave,SMITH ST ,Thomas Savard,335,18-Jan-20,"Two-Way , Not Divided",Snow,Dark - Lighted,Snow,Not a Collision Between Two Motor Vehicles in Transport,"Yes, M/V and Driver Left Scene",No Controls,1,1,Complains Of Pain,,41.83606,-71.43046
810635,2020-00005996,18-Jan-20,11:03:00 PM,Pedestrian,1,,,,1,Elmwood Ave,CARTER ST ,Christopher Hines,537,19-Jan-20,"Two-Way , Not Divided",Snow,Dark - Lighted,Snow,"Sideswipe, Same Direction",No,No Controls,3,1,Complains Of Pain,,41.80069,-71.42654
810467,2020-00005424,17-Jan-20,7:40:00 AM,Pedestrian,1,,,,1,BROAD ST,THURBERS AVE ,Fernando Lopez,156,17-Jan-20,"Two-Way , Not Divided",Dry,Daylight,Clear,Not a Collision Between Two Motor Vehicles in Transport,No,Pavement Markings,4,1,Complains Of Pain,,41.79811,-71.41456
810505,2020-00005618,17-Jan-20,6:05:00 PM,Pedestrian,1,,,,1,THURBERS AVE ,OCEAN ST ,Joseph Lopes,227,17-Jan-20,"Two-Way , Not Divided",Dry,Dark - Lighted,Clear,Not a Collision Between Two Motor Vehicles in Transport,No,No Controls,3,1,Complains Of Pain,,41.7993,-71.409
810423,2020-00005176,16-Jan-20,2:57:00 PM,Pedestrian,1,,,,1,CHALKSTONE AVE,RIVER AVE ,Joshua Cascione,225,16-Jan-20,"Two-Way , Not Divided",Dry,Daylight,Clear,Not a Collision Between Two Motor Vehicles in Transport,No,No Controls,5,1,Complains Of Pain,2,41.83252,-71.43882
810317,2020-00003453,11-Jan-20,12:28:00 PM,Bicycle,,1,,,1,Manton Ave ,Aleppo St,Juan Rodrigues,194,15-Jan-20,"Two-Way , Not Divided",Dry,Daylight,Clear,Other,No,No Controls,3,1,Complains Of Pain,,41.82019,-71.44695
809880,2020-00002489,08-Jan-20,3:17:00 PM,Pedestrian,1,,,,1,FRICKER STREET,CRANSTON ST ,Kirsten Doldoorian,221,08-Jan-20,One-Way Trafficway,Snow,Daylight,Snow,Not a Collision Between Two Motor Vehicles in Transport,"Yes, M/V and Driver Left Scene",No Controls,1,1,Complains Of Pain,,41.81657,-71.42176
809737,2020-00001889,06-Jan-20,3:30:00 PM,Pedestrian,1,,,,1,PLAINFIELD ST,PLAINFIELD ST ,Joshua Cascione,225,06-Jan-20,"Two-Way , Not Divided",Dry,Daylight,Clear,Not a Collision Between Two Motor Vehicles in Transport,No,No Controls,3,1,Complains Of Pain,2,41.81444,-71.447
809587,2020-00000868,03-Jan-20,1:27:00 PM,Pedestrian,1,,,,1,Bucklin Street ,Whitmarsh Street ,James Lanier,211,03-Jan-20,"Two-Way , Not Divided",Dry,Daylight,Clear,Not a Collision Between Two Motor Vehicles in Transport,No,No Controls,2,0,No Injury,1,,
809510,2020-00000480,02-Jan-20,10:47:00 AM,Pedestrian,1,,,,1,118 DUDLEY ST,,Fernando Lopez,156,02-Jan-20,Unknown,Dry,Daylight,Clear,Not a Collision Between Two Motor Vehicles in Transport,No,No Controls,2,1,Complains Of Pain,,,
809378,2020-00000129,01-Jan-20,3:35:00 AM,Pedestrian,1,,,,1,YALE AVE,LYNCH ST ,Jenna Heeder,557,01-Jan-20,"Two-Way , Not Divided",Dry,Dark - Lighted,Clear,Unknown,"Yes, M/V and Driver Left Scene",Stop Signs,1,1,Complains Of Pain,,41.82677,-71.45203
809302,2019-00132323,30-Dec-19,10:17:00 PM,Pedestrian,1,,,,1,BROAD ST,LENOX AVE,Raymond Criner,340,31-Dec-19,"Two-Way , Not Divided",Wet,Dark - Lighted,Rain,Not a Collision Between Two Motor Vehicles in Transport,No,Pavement Markings,2,1,Complains Of Pain,2,41.79828,-71.41478
809207,2019-00131954,29-Dec-19,1:39:00 PM,Pedestrian,1,,,,1,Elmwood Avenue ,W. Friendship Street ,James Lanier,211,29-Dec-19,"Two-Way, Divided, Unprotected (painted>4feet) Medium",Dry,Daylight,Clear,Not a Collision Between Two Motor Vehicles in Transport,No,Traffic Control Signal,2,1,Complains Of Pain,1,,
809071,2019-00131313,27-Dec-19,5:13:00 PM,Pedestrian,1,,,,1,DEAN ST,ATWELLS AVE ,Joseph Lopes,227,27-Dec-19,"Two-Way , Not Divided",Dry,Dark - Lighted,Clear,Not a Collision Between Two Motor Vehicles in Transport,No,Traffic Control Signal,3,1,Non-Incapacitating,,41.82332,-71.42413
808930,2019-00130787,25-Dec-19,5:46:00 PM,Bicycle,,1,,,1,HARTFORD AVE ,HARTFORD AVE ,Joseph Lopes,227,25-Dec-19,"Two-Way , Not Divided",Dry,Dark - Lighted,Clear,Not a Collision Between Two Motor Vehicles in Transport,"Yes, M/V and Driver Left Scene",No Controls,7,1,Non-Incapacitating,,41.81967,-71.46639
808791,2019-00130197,23-Dec-19,4:43:00 PM,Pedestrian,1,,,,1,LEDGE ST,PETER ST ,Joshua Cascione,225,23-Dec-19,"Two-Way , Not Divided",Dry,Dark - Lighted,Clear,Not a Collision Between Two Motor Vehicles in Transport,No,No Controls,2,1,Complains Of Pain,2,41.85338,-71.41955