CrashReportId,ReportNumber,CrashDate,CrashTime,Collision Type,CountPedestrian,CountBicycle,Scooter,Wheel Chair,NumberofVehicles,StreetOrHighway,NearestIntersection,Officer,Badge,ReportDate,TypeOfRoadway,RoadSurfaceCondition,LightCondition,WeatherCondition,MannerofImpact,HitAndRun,TrafficControl,PersonCount,InjuryCount,MostSeriousInjury,NumberOfLanes,Latitude,Longitude
808792,2019-00130201,23-Dec-19,4:56:00 PM,Bicycle,,1,,,1,RICHMOND STREET,EDDY STREET,Joseph Madeira,552,23-Dec-19,"Two-Way , Not Divided",Dry,Dark - Not Lighted,Clear,Other,No,No Controls,3,0,No Injury,,41.83616,-71.41597
808799,2019-00130232,23-Dec-19,6:28:00 PM,Pedestrian,1,,,,1,LORETO ST,TOURO ST ,Joshua Cascione,225,23-Dec-19,"Two-Way , Not Divided",Dry,Dark - Lighted,Clear,Not a Collision Between Two Motor Vehicles in Transport,"Yes, M/V and Driver Left Scene",Stop Signs,1,1,Complains Of Pain,,41.84794,-71.41871
808628,2019-00129007,20-Dec-19,10:19:00 AM,Pedestrian,1,,,,1,PLAINFIELD ST,DIKE ST ,Fernando Lopez,156,20-Dec-19,"Two-Way , Not Divided",Dry,Daylight,Clear,Not a Collision Between Two Motor Vehicles in Transport,No,No Controls,3,1,Complains Of Pain,,41.81651,-71.44418
808497,2019-00128702,19-Dec-19,11:54:00 AM,Pedestrian,1,,,,1,Pine St,DYER ST ,Michelle Chasse,264,19-Dec-19,One-Way Trafficway,Dry,Daylight,Clear,Not a Collision Between Two Motor Vehicles in Transport,"Yes, M/V and Driver Left Scene",No Controls,2,1,Complains Of Pain,,41.82384,-71.40863
808527,2019-00128780,19-Dec-19,4:33:00 PM,Pedestrian,1,,,,1,BROADWAY,AMERICA ST ,Joshua Cascione,225,19-Dec-19,"Two-Way , Not Divided",Dry,Dark - Lighted,Clear,Not a Collision Between Two Motor Vehicles in Transport,No,Pavement Markings,3,1,Complains Of Pain,2,41.82046,-71.42654
808283,2019-00128034,17-Dec-19,5:45:00 AM,Pedestrian,1,,,,1,244 smith street,SMITH ST ,David Forte,518,17-Dec-19,"Two-Way , Not Divided",Wet,Dark - Lighted,"Sleet, Hail (Freezing Rain or Drizzle)",Not a Collision Between Two Motor Vehicles in Transport,No,No Controls,3,1,Complains Of Pain,,41.83284,-71.41965
808330,2019-00128178,17-Dec-19,5:50:00 PM,Bicycle,,1,,,1,BENEVOLENT ST,BROWN ST ,Gargar Grimes,323,17-Dec-19,"Two-Way, Not Divided With a Continuous Left Turn Lane",Wet,Dark - Lighted,"Sleet, Hail (Freezing Rain or Drizzle)",Not a Collision Between Two Motor Vehicles in Transport,No,No Controls,2,1,Complains Of Pain,,41.8246,-71.40271
808094,2019-00126965,14-Dec-19,2:00:00 AM,Pedestrian,1,,,,1,727 Cranston Street,ANTHONY AVE ,Alexander Wagoner,541,14-Dec-19,"Two-Way , Not Divided",Wet,Dark - Lighted,Rain,Not a Collision Between Two Motor Vehicles in Transport,No,No Controls,3,1,Incapacitating,2,41.80465,-71.43823
808064,2019-00126835,13-Dec-19,8:19:00 PM,Pedestrian,1,,,,1,WHIPPLE ST ,ADMIRAL ST,Joseph Lopes,227,13-Dec-19,"Two-Way , Not Divided",Wet,Dark - Lighted,Rain,Not a Collision Between Two Motor Vehicles in Transport,No,No Controls,2,1,Complains Of Pain,,41.84049,-71.41906
807712,2019-00125748,10-Dec-19,4:11:00 PM,Pedestrian,1,,,,1,FRANCIS ST,AMERICAN EXPRESS PLZ ,Cameron Clift,524,10-Dec-19,"Two-Way , Not Divided",Wet,Dark - Lighted,Rain,Not a Collision Between Two Motor Vehicles in Transport,No,Traffic Control Signal,2,1,Complains Of Pain,2,41.82745,-71.41541
807600,2019-00125307,09-Dec-19,10:28:00 AM,Pedestrian,1,,,,1,CHALKSTONE AVE,ACADEMY AVE ,Fernando Lopez,156,09-Dec-19,"Two-Way , Not Divided",Wet,Daylight,Rain,Not a Collision Between Two Motor Vehicles in Transport,No,Pavement Markings,4,1,Complains Of Pain,,41.83246,-71.44464
807602,2019-00125312,09-Dec-19,10:47:00 AM,Bicycle,,1,,,1,Weybosset St,Dorrance St ,Gary Slater,365,09-Dec-19,"Two-Way , Not Divided",Wet,Daylight,Rain,Not a Collision Between Two Motor Vehicles in Transport,No,Traffic Control Signal,3,1,Complains Of Pain,,41.82308,-71.41096
807648,2019-00125446,09-Dec-19,5:34:00 PM,Pedestrian,1,,,,1,MEMORIAL BLVD,FRANICS ST,Joseph Lopes,227,09-Dec-19,"Two-Way, Divided, Positive Median Barrier",Wet,Dark - Lighted,Rain,Not a Collision Between Two Motor Vehicles in Transport,No,Traffic Control Signal,2,1,Non-Incapacitating,,41.82578,-71.41523
807722,2019-00125434,09-Dec-19,4:48:00 PM,Pedestrian,1,,,,1,51 Silver Spring St,Touro St,Shaun Marmas,216,10-Dec-19,Unknown,Dry,Dark - Lighted,Clear,Not a Collision Between Two Motor Vehicles in Transport,No,No Controls,2,1,Complains Of Pain,,41.84546,-71.41783
807531,2019-00124998,08-Dec-19,9:36:00 AM,Bicycle,,1,,,1,HARTFORD AVE,BOWLETT ST,Fernando Lopez,156,08-Dec-19,"Two-Way , Not Divided",Dry,Daylight,Clear,Not a Collision Between Two Motor Vehicles in Transport,"Yes, M/V and Driver Left Scene",No Controls,1,1,Complains Of Pain,,41.81907,-71.46225
807529,2019-00124850,07-Dec-19,11:03:00 PM,Pedestrian,1,,,,1,DEAN ST,CAHIR ST ,Erick Ramos,554,08-Dec-19,"Two-Way , Not Divided",Dry,Dark - Lighted,Clear,Not a Collision Between Two Motor Vehicles in Transport,"Yes, M/V and Driver Left Scene",No Controls,2,1,Complains Of Pain,,41.81823,-71.42019
807356,2019-00124244,06-Dec-19,10:05:00 AM,Bicycle,,1,,,1,HOPE ST,MANNING ST ,Fernando Lopez,156,06-Dec-19,"Two-Way , Not Divided",Dry,Daylight,Clear,Not a Collision Between Two Motor Vehicles in Transport,No,No Controls,4,1,Complains Of Pain,,41.82653,-71.39727
807337,2019-00124118,05-Dec-19,7:45:00 PM,Pedestrian,1,,,,1,EXIT 22A (RT ),FRANCIS ST ,Donald Castigliego,287,05-Dec-19,"Two-Way, Divided, Positive Median Barrier",Dry,Dark - Lighted,Clear,Not a Collision Between Two Motor Vehicles in Transport,No,Traffic Control Signal,4,1,Incapacitating,,41.82577,-71.41527
807420,2019-00124153,05-Dec-19,10:52:00 PM,Pedestrian,1,,,,1,CHARLES ST,SILVER SPRING ST ,Waldorf Pognon,501,06-Dec-19,"Two-Way , Not Divided",Dry,Dark - Lighted,Cloudy,Not a Collision Between Two Motor Vehicles in Transport,No,No Controls,2,1,Complains Of Pain,,41.84488,-71.41873
806817,2019-00122030,29-Nov-19,12:44:00 PM,Pedestrian,1,,,,1,219 Manton Avenue ,219 Manton Avenue ,James Lanier,211,29-Nov-19,"Two-Way, Divided, Unprotected (painted>4feet) Medium",Dry,Daylight,Clear,Not a Collision Between Two Motor Vehicles in Transport,"Yes, M/V and Driver Left Scene",No Controls,2,1,Non-Incapacitating,1,,
806764,2019-00121507,27-Nov-19,8:05:00 PM,Bicycle,,1,,,1,WALLACE ST,WEBSTER AVE ,Donald Castigliego,287,27-Nov-19,"Two-Way , Not Divided",Wet,Dark - Lighted,Rain,Not a Collision Between Two Motor Vehicles in Transport,"Yes, M/V and Driver Left Scene",Stop Signs,2,0,No Injury,,41.80936,-71.44876
806766,2019-00121497,27-Nov-19,7:28:00 PM,Pedestrian,1,,,,1,ELMWOOD AVE,POTTERS AVE ,Adrian Francis,239,27-Nov-19,"Two-Way, Divided, Unprotected (painted>4feet) Medium",Wet,Daylight,Rain,Not a Collision Between Two Motor Vehicles in Transport,"Yes, M/V and Driver Left Scene",Traffic Control Signal,1,1,Complains Of Pain,,41.80151,-71.42635
806651,2019-00121162,26-Nov-19,8:36:00 PM,Pedestrian,1,,,,1,BROADWAY,HARRIS AVE ,Donald Castigliego,287,26-Nov-19,"Two-Way , Not Divided",Dry,Daylight,Clear,Not a Collision Between Two Motor Vehicles in Transport,No,Pavement Markings,3,1,Complains Of Pain,,41.81705,-71.44029
806494,2019-00120721,25-Nov-19,6:32:00 PM,Pedestrian,1,,,,1, FRANCIS ST,AMERICAN EXPRESS PLZ ,Joseph Lopes,227,25-Nov-19,"Two-Way , Not Divided",Dry,Dark - Lighted,Clear,Not a Collision Between Two Motor Vehicles in Transport,No,Traffic Control Signal,4,1,Non-Incapacitating,,41.82745,-71.41541
806355,2019-00120218,24-Nov-19,8:04:00 AM,Pedestrian,1,,,,1,HAWKINS ST,ADMIRAL ST ,Fernando Lopez,156,24-Nov-19,"Two-Way , Not Divided",Wet,Daylight,Rain,Not a Collision Between Two Motor Vehicles in Transport,"Yes, M/V and Driver Left Scene",Stop Signs,1,1,Complains Of Pain,,41.84594,-71.42837
806319,2019-00120084,23-Nov-19,10:03:00 PM,Pedestrian,1,,,,1,WESTMINSTER ST,STOKES ST ,Joshua Cascione,225,23-Nov-19,"Two-Way , Not Divided",Dry,Dark - Lighted,Clear,Not a Collision Between Two Motor Vehicles in Transport,No,No Controls,4,1,Complains Of Pain,,41.81668,-71.44236
806138,2019-00119165,21-Nov-19,1:35:00 PM,Pedestrian,1,,,,1,FRANCIS ST,MEMORIAL BLVD ,Wayne Mann,563,21-Nov-19,"Two-Way , Not Divided",Dry,Daylight,Clear,Other,No,Traffic Control Signal,4,1,Complains Of Pain,4,41.82602,-71.4154
805939,2019-00118376,19-Nov-19,9:43:00 AM,Pedestrian,1,,,,1,MEMORIAL BLVD,COLLEGE ST ,Fernando Lopez,156,19-Nov-19,"Two-Way , Not Divided",Wet,Daylight,Rain,Not a Collision Between Two Motor Vehicles in Transport,No,Pavement Markings,3,1,Complains Of Pain,,41.82523,-71.40892
805971,2019-00118477,19-Nov-19,3:26:00 PM,Pedestrian,1,,,,1,BARTON ST,WESTMINSTER ST ,Deanna Johnson,408,19-Nov-19,"Two-Way , Not Divided",Dry,Daylight,Clear,Other,No,School Zone Signs,4,0,No Injury,,41.81615,-71.43659
805972,2019-00118518,19-Nov-19,5:00:00 PM,Pedestrian,1,,,,1,SOMERSET STREET,BROAD STREET,Giuseppe Scarcello,485,19-Nov-19,"Two-Way , Not Divided",Dry,Dark - Lighted,Clear,Not a Collision Between Two Motor Vehicles in Transport,"Yes, M/V and Driver Left Scene",No Controls,1,1,Non-Incapacitating,,41.81735,-71.45075
805830,2019-00117854,17-Nov-19,9:02:00 PM,Bicycle,,,,,2,BROAD ST,SERVICE ROAD 7 ,Southavout Im,382,17-Nov-19,"Two-Way , Not Divided",Dry,Dark - Lighted,Clear,Angle (Front - to - Side) Right Angle (Includes Broadside),"Yes, M/V and Driver Left Scene",Traffic Control Signal,2,0,No Injury,,41.81736,-71.41696
805597,2019-00116900,15-Nov-19,9:50:00 AM,Pedestrian,1,,,,1,ROUTE 10 SOUTH RESERVOIR AVE EXIT,RESERVOIR AVE ,Fernando Lopez,156,15-Nov-19,One-Way Trafficway,Dry,Daylight,Clear,Not a Collision Between Two Motor Vehicles in Transport,No,Pavement Markings,3,1,Complains Of Pain,,41.78762,-71.43257
805662,2019-00117033,15-Nov-19,4:45:00 PM,Pedestrian,1,,,,1,MEMORIAL BLVD,FRANCIS ST ,Cory Vingi,237,15-Nov-19,"Two-Way , Not Divided",Dry,Dark - Lighted,Clear,Not a Collision Between Two Motor Vehicles in Transport,No,Traffic Control Signal,3,1,Incapacitating,,41.82589,-71.41539
805387,2019-00116283,13-Nov-19,3:57:00 PM,Pedestrian,1,,,,1,UNION AVE,RICOM WAY ,Joseph Lopes,227,13-Nov-19,"Two-Way , Not Divided",Dry,Daylight,Clear,Not a Collision Between Two Motor Vehicles in Transport,No,No Controls,3,1,Complains Of Pain,,41.80829,-71.44198
805704,2019-00116263,13-Nov-19,3:16:00 PM,Pedestrian,1,,,,1,BROAD ST,FRICKER ST ,Joshua Cascione,225,13-Nov-19,"Two-Way , Not Divided",Dry,Daylight,Clear,Not a Collision Between Two Motor Vehicles in Transport,No,Pavement Markings,3,1,Complains Of Pain,,41.81528,-71.42066
805194,2019-00115614,11-Nov-19,4:30:00 PM,Pedestrian,1,,,,1,OAKWOOD AVE,CHALKSTONE AVE ,Joshua Cascione,225,11-Nov-19,"Two-Way , Not Divided",Dry,Dark - Lighted,Cloudy,Not a Collision Between Two Motor Vehicles in Transport,No,No Controls,4,1,Incapacitating,,41.83316,-71.45964
802963,2019-00114259,08-Nov-19,1:23:00 AM,Bicycle,,1,,,1,VALLEY ST,DELAINE ST ,Ajay Subramaniam,569,08-Nov-19,"Two-Way , Not Divided",Wet,Dark - Lighted,Rain,Not a Collision Between Two Motor Vehicles in Transport,No,Stop Signs,2,1,Non-Incapacitating,,41.8195,-71.4405
803027,2019-00114600,08-Nov-19,11:31:00 PM,Pedestrian,1,,,,1,N MAIN ST,RANDALL ST ,Victor Tavarez,564,09-Nov-19,"Two-Way, Divided, Positive Median Barrier",Dry,Dusk,Clear,Angle - Direction Not Specified,No,No Controls,5,1,Non-Incapacitating,2,41.83888,-71.40937
802933,2019-00114131,07-Nov-19,5:47:00 PM,Pedestrian,1,,,,1,DOYLE AVE,PROCTOR PL ,Joshua Cascione,225,07-Nov-19,"Two-Way , Not Divided",Wet,Dark - Lighted,Rain,Not a Collision Between Two Motor Vehicles in Transport,"Yes, M/V and Driver Left Scene",No Controls,2,1,Complains Of Pain,,41.83877,-71.40094
802957,2019-00114090,07-Nov-19,3:55:00 PM,Pedestrian,1,,,,1,Point ,Eddy,Shawn Kennedy,547,07-Nov-19,"Two-Way , Not Divided",Dry,Daylight,Clear,Angle (Front - to - Side) Same Direction,No,Traffic Control Signal,2,1,Complains Of Pain,2,41.81655,-71.40727
802873,2019-00113727,06-Nov-19,3:55:00 PM,Bicycle,,,,,2,19 Preston St,GOVERNOR ST ,Andrew In,540,06-Nov-19,"Two-Way , Not Divided",Dry,Dusk,Clear,Not a Collision Between Two Motor Vehicles in Transport,No,No Controls,2,0,No Injury,,41.82425,-71.39368
802806,2019-00113400,05-Nov-19,4:59:00 PM,Bicycle,,1,,,1,DUPONT DR,NIANTIC AVE ,Joshua Cascione,225,05-Nov-19,"Two-Way , Not Divided",Wet,Dark - Lighted,Rain,Angle (Front - to - Side) Right Angle (Includes Broadside),No,Traffic Control Signal,2,1,Complains Of Pain,,41.80066,-71.43901
802844,2019-00113448,05-Nov-19,7:53:00 PM,Bicycle,,1,,,1,BROAD ST,BROAD ST ,Cory Vingi,237,05-Nov-19,"Two-Way , Not Divided",Dry,Dark - Lighted,Clear,Not a Collision Between Two Motor Vehicles in Transport,"Yes, M/V and Driver Left Scene",Pavement Markings,2,1,Complains Of Pain,,41.81632,-71.41929
802737,2019-00112995,04-Nov-19,2:16:00 PM,Pedestrian,1,,,,1,BROADWAY,HARRIS AVE ,Lucio Andreozzi,381,05-Nov-19,"Two-Way, Divided, Unprotected (painted>4feet) Medium",Dry,Daylight,Clear,Other,No,No Controls,3,1,Complains Of Pain,2,41.81705,-71.44029
801458,2019-00111898,01-Nov-19,5:57:00 PM,Pedestrian,1,,,,1,HARTFORD AVE,HARTFORD AVE ,Brendan McKenna,314,01-Nov-19,"Two-Way, Divided, Unprotected (painted>4feet) Medium",Dry,Daylight,Clear,Head-On (Front - to - Front),"Yes, M/V and Driver Left Scene",Unknown,2,1,Complains Of Pain,,41.81827,-71.45698
801460,2019-00111878,01-Nov-19,3:36:00 PM,Pedestrian,1,,,,1,Dean St,W EXCHANGE ST ,Deanna Johnson,408,01-Nov-19,"Two-Way, Divided, Positive Median Barrier",Dry,Daylight,Clear,Not a Collision Between Two Motor Vehicles in Transport,"Yes, M/V and Driver Left Scene",Traffic Control Signal,1,1,Complains Of Pain,,41.82543,-71.42583
801281,2019-00111247,31-Oct-19,2:15:00 PM,Bicycle,,1,,,1,SORRENTO ST,LINWOOD AVE ,Thiago Gomes,532,31-Oct-19,"Two-Way , Not Divided",Wet,Daylight,Rain,"Sidwswipe, Opposite Direction",No,Stop Signs,3,1,Complains Of Pain,2,41.80789,-71.43735
801300,2019-00111359,31-Oct-19,6:03:00 PM,Pedestrian,1,,,,1,ATWELLS AVE,TUXEDO AVE ,Joshua Cascione,225,31-Oct-19,"Two-Way , Not Divided",Wet,Dark - Lighted,Rain,Not a Collision Between Two Motor Vehicles in Transport,No,Other,2,1,Incapacitating,,41.82454,-71.43894
801320,2019-00111406,31-Oct-19,8:58:00 PM,Pedestrian,1,,,,1,ATWELLS AVE,CUTLER ST ,Joshua Cascione,225,31-Oct-19,"Two-Way , Not Divided",Wet,Dark - Lighted,Rain,Not a Collision Between Two Motor Vehicles in Transport,"Yes, M/V and Driver Left Scene",No Controls,1,1,Incapacitating,,41.82467,-71.44135
801206,2019-00110902,30-Oct-19,2:43:00 PM,Pedestrian,1,,,,1,COLLEGE ST,BENEFIT ST ,Donald Castigliego,287,30-Oct-19,One-Way Trafficway,Wet,Daylight,Rain,Not a Collision Between Two Motor Vehicles in Transport,No,Traffic Control Signal,2,1,Complains Of Pain,,41.826,-71.40683
801148,2019-00110582,29-Oct-19,5:13:00 PM,Bicycle,,1,,,1,537 BROAD STREET,,Donald Castigliego,287,29-Oct-19,"Two-Way , Not Divided",Dry,Daylight,Cloudy,Not a Collision Between Two Motor Vehicles in Transport,No,No Controls,3,0,No Injury,,41.80968,-71.42098
801151,2019-00110596,29-Oct-19,6:00:00 PM,Pedestrian,1,,,,1,SMITH ST,GENTIAN AVE ,Joshua Cascione,225,29-Oct-19,"Two-Way , Not Divided",Dry,Dark - Lighted,Cloudy,Not a Collision Between Two Motor Vehicles in Transport,No,Traffic Control Signal,5,0,No Injury,,41.846,-71.45167
800693,2019-00108898,25-Oct-19,7:51:00 AM,Pedestrian,1,,,,1,ACADEMY AVE,REGENT AVE ,Jin O,147,25-Oct-19,"Two-Way , Not Divided",Dry,Daylight,Clear,Not a Collision Between Two Motor Vehicles in Transport,"Yes, M/V and Driver Left Scene",Person,2,1,Complains Of Pain,,41.82926,-71.44403
800745,2019-00109076,25-Oct-19,5:43:00 PM,Bicycle,,1,,,1,CLEMATIS ST,MOLLOY ST ,Joshua Cascione,225,25-Oct-19,"Two-Way , Not Divided",Dry,Dark - Lighted,Clear,Rear End(Front-to-Rear),No,No Controls,2,1,Incapacitating,2,41.83357,-71.44595
800606,2019-00108629,24-Oct-19,2:50:00 PM,Bicycle,,1,,,1,533 ELMWOOD AVE,533 ELMWOOD AVE ,Jose Buten,322,24-Oct-19,"Two-Way , Not Divided",Dry,Daylight,Clear,Angle (Front - to - Side) Opposite Direction,No,No Controls,2,1,Complains Of Pain,,41.79939,-71.42649
800520,2019-00108323,23-Oct-19,4:04:00 PM,Bicycle,,1,,,1,EDDY ST,EDDY ST EXIT ,Donald Castigliego,287,23-Oct-19,"Two-Way , Not Divided",Dry,Daylight,Clear,Not a Collision Between Two Motor Vehicles in Transport,"Yes, M/V and Driver Left Scene",No Controls,1,0,No Injury,,41.81156,-71.40709
800245,2019-00107533,21-Oct-19,3:31:00 PM,Pedestrian,1,,,,1,380 HOPE ST,CARRINGTON AVE ,Joseph Lopes,227,21-Oct-19,"Two-Way , Not Divided",Dry,Daylight,Clear,Not a Collision Between Two Motor Vehicles in Transport,"Yes, M/V and Driver Left Scene",No Controls,1,1,Complains Of Pain,,41.83668,-71.40113
800132,2019-00107234,20-Oct-19,5:05:00 PM,Pedestrian,1,,,,1,60 VALLEY ST,SAN SOUCI DR ,Joseph Lopes,227,20-Oct-19,"Two-Way , Not Divided",Dry,Unknown,Clear,Unknown,"Yes, M/V and Driver Left Scene",No Controls,1,1,Complains Of Pain,,41.81767,-71.44086
799978,2019-00106812,19-Oct-19,4:32:00 PM,Bicycle,,1,,,1,TRANSIT ST,BROOK ST ,Joseph Lopes,227,19-Oct-19,"Two-Way , Not Divided",Dry,Daylight,Clear,Not a Collision Between Two Motor Vehicles in Transport,No,Stop Signs,6,1,Non-Incapacitating,,41.82056,-71.39839
799861,2019-00106368,18-Oct-19,3:29:00 PM,Pedestrian,1,,,,1,66 BENEFIT STREET,,Donald Castigliego,287,18-Oct-19,"Two-Way , Not Divided",Dry,Daylight,Clear,Not a Collision Between Two Motor Vehicles in Transport,No,No Controls,2,1,Complains Of Pain,,41.83168,-71.40933
799790,2019-00106029,17-Oct-19,3:43:00 PM,Bicycle,,1,,,1,Veazie Street,DOUGLAS AVE ,Taft Manzotti,377,17-Oct-19,"Two-Way , Not Divided",Dry,Daylight,Cloudy,Angle (Front - to - Side) Right Angle (Includes Broadside),No,No Controls,2,1,Complains Of Pain,,41.85154,-71.43468
799597,2019-00105484,16-Oct-19,10:06:00 AM,Bicycle,,,,,2,95 Lydia St ,CANDACE ST ,James Annis,454,16-Oct-19,"Two-Way , Not Divided",Dry,Daylight,Clear,Angle (Front - to - Side) Right Angle (Includes Broadside),No,No Controls,3,1,Complains Of Pain,1,41.83493,-71.42109
799573,2019-00105230,15-Oct-19,3:30:00 PM,Pedestrian,1,,,,1,BROAD ST,MARLBOROUGH ST ,Adrian Francis,239,15-Oct-19,"Two-Way , Not Divided",Dry,Daylight,Clear,Not a Collision Between Two Motor Vehicles in Transport,No,No Controls,2,1,Complains Of Pain,,41.80572,-71.41978
799577,2019-00105358,15-Oct-19,9:22:00 PM,Pedestrian,1,,,,1,Imera St,CHALKSTONE AVE ,Christopher Castagliuolo,351,15-Oct-19,"Two-Way , Not Divided",Dry,Dark - Lighted,Clear,Not a Collision Between Two Motor Vehicles in Transport,No,No Controls,3,1,Incapacitating,,41.83205,-71.45649
799651,2019-00105371,15-Oct-19,10:03:00 PM,Pedestrian,1,,,,1,Atwells Ave ,NEWTON ST ,Jennifer Fonseca,402,16-Oct-19,"Two-Way, Divided, Unprotected (painted>4feet) Medium",Dry,Dark - Lighted,Clear,Not a Collision Between Two Motor Vehicles in Transport,"Yes, Driver Left Scene",No Controls,1,1,Complains Of Pain,,41.82327,-71.42228
799336,2019-00104469,13-Oct-19,3:59:00 PM,Bicycle,,1,,,1,ADELAIDE AVE,EMERSON ST ,Joshua Cascione,225,13-Oct-19,"Two-Way , Not Divided",Dry,Daylight,Clear,Not a Collision Between Two Motor Vehicles in Transport,"Yes, M/V and Driver Left Scene",No Controls,1,1,Non-Incapacitating,2,41.79861,-71.4162
799262,2019-00104137,12-Oct-19,7:59:00 PM,Bicycle,,1,,,1,BROAD ST,W FRIENDSHIP ST,Patrick Hourahan,243,12-Oct-19,"Two-Way , Not Divided",Dry,Dark - Lighted,Clear,Not a Collision Between Two Motor Vehicles in Transport,No,No Controls,3,1,Complains Of Pain,,41.80948,-71.42093
799139,2019-00103720,11-Oct-19,5:47:00 PM,Bicycle,,1,,,1,HARRIS AVE,ATWELLS AVE ,Donald Castigliego,287,11-Oct-19,"Two-Way , Not Divided",Wet,Daylight,Rain,Not a Collision Between Two Motor Vehicles in Transport,No,Traffic Control Signal,2,0,No Injury,,41.82446,-71.4355
799178,2019-00103829,11-Oct-19,11:00:00 PM,Pedestrian,1,,,,1,SISSON ST,MANTON AVE ,Ptlm. Silva,252,12-Oct-19,"Two-Way , Not Divided",Wet,Dark - Lighted,Rain,Not a Collision Between Two Motor Vehicles in Transport,"Yes, M/V and Driver Left Scene",No Controls,1,1,Complains Of Pain,,41.82561,-71.45536
798844,2019-00102811,09-Oct-19,9:24:00 AM,Pedestrian,1,,,,1,Smith St,Maude St,James Annis,454,09-Oct-19,"Two-Way , Not Divided",Wet,Daylight,Rain,Not a Collision Between Two Motor Vehicles in Transport,No,No Controls,3,1,Complains Of Pain,2,,
798596,2019-00101217,05-Oct-19,12:50:00 AM,Pedestrian,1,,,,1,S Water Street,Tockwotton Street,Kristen Barth,247,05-Oct-19,One-Way Trafficway,Dry,Dark - Lighted,Clear,Not a Collision Between Two Motor Vehicles in Transport,"Yes, M/V and Driver Left Scene",No Controls,1,1,Complains Of Pain,,41.81694,-71.40012
798522,2019-00100922,04-Oct-19,10:25:00 AM,Pedestrian,1,,,,1,REDWING ST,BUCKLIN ST ,Luis Fernandez,531,04-Oct-19,"Two-Way , Not Divided",Dry,Daylight,Clear,Not a Collision Between Two Motor Vehicles in Transport,"Yes, M/V and Driver Left Scene",Unknown,1,1,Complains Of Pain,,41.79939,-71.42649
798578,2019-00101045,04-Oct-19,4:12:00 PM,Bicycle,1,,,,1,PLAINFIELD ST,SILVER LAKE AVE ,Ryan Malloy,311,04-Oct-19,"Two-Way , Not Divided",Dry,Daylight,Clear,"Sideswipe, Same Direction",No,No Controls,2,1,Incapacitating,,41.80587,-71.46492
798409,2019-00100568,03-Oct-19,12:06:00 PM,Bicycle,,,,,1,BROADWAY,ANDREW ST ,Victor Tavarez,564,03-Oct-19,"Two-Way, Divided, Unprotected (painted>4feet) Medium",Dry,Daylight,Cloudy,Not a Collision Between Two Motor Vehicles in Transport,No,No Controls,3,1,Complains Of Pain,2,41.81966,-71.42995
798439,2019-00100668,03-Oct-19,4:30:00 PM,Pedestrian,1,,,,1,KNIGHT ST,BROADWAY ,Larissa Vadney,401,03-Oct-19,"Two-Way , Not Divided",Dry,Daylight,Cloudy,Not a Collision Between Two Motor Vehicles in Transport,No,Traffic Control Signal,3,1,Complains Of Pain,,41.81981,-71.42938
798352,2019-00100344,02-Oct-19,7:07:00 PM,Pedestrian,1,,,,1,NARRAGANSETT BLVD,MASSACHUSETTS AVE,Jason Cotugno,173,02-Oct-19,"Two-Way , Not Divided",Wet,Dark - Lighted,Rain,Not a Collision Between Two Motor Vehicles in Transport,"Yes, M/V and Driver Left Scene",No Controls,1,1,Complains Of Pain,4,41.78756,-71.39551
798383,2019-00100424,02-Oct-19,11:48:00 PM,Pedestrian,1,,,,1,Elmwood Ave ,POTTERS AVE ,Kristen Barth,247,03-Oct-19,"Two-Way , Not Divided",Dry,Dark - Lighted,Clear,Not a Collision Between Two Motor Vehicles in Transport,"Yes, M/V and Driver Left Scene",No Controls,1,1,Complains Of Pain,,41.80128,-71.42641
798136,2019-00099400,30-Sep-19,12:12:00 PM,Bicycle,,1,,,1,Weybosset St ,Eddy St,James Annis,454,30-Sep-19,"Two-Way , Not Divided",Dry,Daylight,Clear,Not a Collision Between Two Motor Vehicles in Transport,No,No Controls,4,1,Complains Of Pain,2,,
797975,2019-00098559,28-Sep-19,1:10:00 PM,Pedestrian,1,,,,1,HOPE ST,BLACKSTONE BLVD ,Fernando Lopez,156,28-Sep-19,"Two-Way , Not Divided",Dry,Daylight,Clear,Not a Collision Between Two Motor Vehicles in Transport,No,No Controls,4,1,Complains Of Pain,,41.8566,-71.39127
798041,2019-00098702,28-Sep-19,7:07:00 PM,Pedestrian,1,,,,1,BROAD STREET,PORTLAND STREET ,Donald Castigliego,287,28-Sep-19,"Two-Way , Not Divided",Dry,Dark - Lighted,Clear,Not a Collision Between Two Motor Vehicles in Transport,No,No Controls,4,1,Complains Of Pain,,41.81413,-71.42131
797901,2019-00098151,27-Sep-19,4:48:00 PM,Bicycle,,1,,,1,OLNEY ST,BROWN ST ,Joseph Lopes,227,27-Sep-19,"Two-Way , Not Divided",Dry,Daylight,Clear,Not a Collision Between Two Motor Vehicles in Transport,No,No Controls,3,1,Complains Of Pain,,41.8356,-71.40544
797718,2019-00097617,26-Sep-19,12:04:00 PM,Pedestrian,1,,,,1,Pine Street ,Lockwood Street ,James Lanier,211,26-Sep-19,"Two-Way , Not Divided",Dry,Daylight,Clear,Not a Collision Between Two Motor Vehicles in Transport,"Yes, M/V and Driver Left Scene",Pavement Markings,1,1,Complains Of Pain,1,,