CrashReportId,ReportNumber,CrashDate,CrashTime,Collision Type,CountPedestrian,CountBicycle,Scooter,Wheel Chair,NumberofVehicles,StreetOrHighway,NearestIntersection,Officer,Badge,ReportDate,TypeOfRoadway,RoadSurfaceCondition,LightCondition,WeatherCondition,MannerofImpact,HitAndRun,TrafficControl,PersonCount,InjuryCount,MostSeriousInjury,NumberOfLanes,Latitude,Longitude
797671,2019-00097433,25-Sep-19,9:11:00 PM,Bicycle,,1,,,1,BROADWAY,VALLEY ST ,Graig Sion,254,25-Sep-19,"Two-Way, Divided, Unprotected (painted>4feet) Medium",Dry,Dark - Lighted,Clear,Not a Collision Between Two Motor Vehicles in Transport,"Yes, M/V and Driver Left Scene",No Controls,1,1,Complains Of Pain,,41.81683,-71.44103
797680,2019-00097476,25-Sep-19,11:59:00 PM,Pedestrian,1,,,,1,270 broad street,LOCKWOOD ST ,Kristen Barth,247,26-Sep-19,"Two-Way , Not Divided",Dry,Dark - Lighted,Clear,Not a Collision Between Two Motor Vehicles in Transport,"Yes, M/V and Driver Left Scene",No Controls,1,1,Complains Of Pain,,41.81548,-71.42054
797310,2019-00096257,23-Sep-19,7:01:00 AM,Pedestrian,1,,,,1,Dave Gavitt Way ,Broadway,James Lanier,211,23-Sep-19,One-Way Trafficway,Dry,Daylight,Clear,Not a Collision Between Two Motor Vehicles in Transport,No,Traffic Control Signal,2,1,Non-Incapacitating,3,,
797371,2019-00096431,23-Sep-19,3:05:00 PM,Pedestrian,1,,,,1,elmwood ave,CADILLAC DR ,Ptlw. Levesque,248,23-Sep-19,"Two-Way , Not Divided",Dry,Daylight,Clear,Not a Collision Between Two Motor Vehicles in Transport,No,No Controls,2,1,Complains Of Pain,,41.78916,-71.42126
797387,2019-00096479,23-Sep-19,4:47:00 PM,Bicycle,,1,,,1,SERVICE ROAD 8,WESTMINSTER ST ,Donald Castigliego,287,23-Sep-19,One-Way Trafficway,Dry,Daylight,Clear,Not a Collision Between Two Motor Vehicles in Transport,No,Stop Signs,3,1,Complains Of Pain,,41.81924,-71.41784
797431,2019-00096484,23-Sep-19,4:43:00 PM,Pedestrian,1,,,,1,Empire Street,BROADWAY ,Southavout Im,382,23-Sep-19,"Two-Way , Not Divided",Dry,Daylight,Clear,Other,No,Traffic Control Signal,5,1,Complains Of Pain,,41.82255,-71.41742
797245,2019-00095928,22-Sep-19,11:21:00 AM,Pedestrian,1,,,,1,310 Cranston Street,GILMORE ST ,Luis Fernandez,531,22-Sep-19,"Two-Way , Not Divided",Dry,Daylight,Clear,"Sidwswipe, Opposite Direction","Yes, M/V and Driver Left Scene",No Controls,1,1,Complains Of Pain,,41.81336,-71.4281
797265,2019-00096007,22-Sep-19,3:18:00 PM,Bicycle,,1,,,1,39 SALMON ST ,SALMON ST ,Joseph Lopes,227,22-Sep-19,"Two-Way , Not Divided",Dry,Daylight,Clear,Not a Collision Between Two Motor Vehicles in Transport,"Yes, M/V and Driver Left Scene",No Controls,1,1,Non-Incapacitating,,41.82376,-71.45643
797187,2019-00095622,21-Sep-19,7:11:00 PM,Pedestrian,1,,,,1,ATWELLS AVE,DEAN ST ,Donald Castigliego,287,21-Sep-19,"Two-Way , Not Divided",Dry,Dark - Lighted,Clear,Not a Collision Between Two Motor Vehicles in Transport,No,No Controls,3,0,No Injury,,41.82339,-71.4242
797129,2019-00095177,20-Sep-19,8:18:00 PM,Bicycle,,1,,,1,BELLEVUE AVE,DEXTER ST ,Joseph Lopes,227,20-Sep-19,"Two-Way , Not Divided",Dry,Dark - Lighted,Clear,Not a Collision Between Two Motor Vehicles in Transport,"Yes, M/V and Driver Left Scene",Stop Signs,2,1,Non-Incapacitating,,41.80744,-71.42869
802995,2019-00095161,20-Sep-19,7:22:00 PM,Bicycle,,1,,,1,ELMWOOD AVE,ROGER WILLIAMS AVE ,Kenneth Demarco,176,20-Sep-19,"Two-Way, Divided, Positive Median Barrier",Dry,Dark - Lighted,Clear,Not a Collision Between Two Motor Vehicles in Transport,"Yes, M/V and Driver Left Scene",Traffic Control Signal,1,1,Complains Of Pain,,41.7883,-71.4209
797015,2019-00094522,19-Sep-19,8:33:00 AM,Pedestrian,1,,,,1,STATE ST,SMITH ST ,Wayne Mann,563,19-Sep-19,One-Way Trafficway,Dry,Daylight,Clear,Other,No,Stop Signs,3,1,Non-Incapacitating,1,41.83158,-71.41284
797016,2019-00094524,19-Sep-19,8:44:00 AM,Bicycle,,1,,,1,PUBLIC ST,I 95 N ,Edwardo Curi,294,19-Sep-19,"Two-Way , Not Divided",Dry,Daylight,Cloudy,Angle (Front - to - Side) Right Angle (Includes Broadside),No,Traffic Control Signal,2,1,Complains Of Pain,,41.80821,-71.40371
797024,2019-00094621,19-Sep-19,1:41:00 PM,Bicycle,,1,,,1,53 Harold Street ,Harold St,James Lanier,211,19-Sep-19,"Two-Way , Not Divided",Dry,Daylight,Clear,Not a Collision Between Two Motor Vehicles in Transport,No,No Controls,3,1,Complains Of Pain,1,,
796787,2019-00093712,17-Sep-19,7:46:00 AM,Pedestrian,1,,,,1,CRANSTON ST,BRIDGHAM ST ,Jose Deschamps,419,17-Sep-19,"Two-Way, Divided, Unprotected (painted>4feet) Medium",Dry,Daylight,Clear,Not a Collision Between Two Motor Vehicles in Transport,No,Traffic Control Signal,4,1,Complains Of Pain,,41.81396,-71.42694
796855,2019-00094026,17-Sep-19,9:56:00 PM,Bicycle,,1,,,1,SOUTH ST,RICHMOND ST ,Lucas Ramalho,507,17-Sep-19,"Two-Way , Not Divided",Dry,Dark - Lighted,Clear,Not a Collision Between Two Motor Vehicles in Transport,No,Stop Signs,3,1,Complains Of Pain,,41.81737,-71.40785
796739,2019-00093491,16-Sep-19,4:30:00 PM,Bicycle,,,,,2,N MAIN ST,MEETING ST ,Donald Castigliego,287,16-Sep-19,"Two-Way , Not Divided",Dry,Daylight,Clear,"Sideswipe, Same Direction",No,No Controls,3,1,Complains Of Pain,,41.82849,-71.40959
796617,2019-00093011,15-Sep-19,1:23:00 PM,Bicycle,,1,,,1,GREENWICH ST,BUCKLIN ST ,David Sepe,504,15-Sep-19,"Two-Way , Not Divided",Dry,Daylight,Clear,Angle (Front - to - Side) Right Angle (Includes Broadside),No,Traffic Control Signal,6,1,Complains Of Pain,,41.80237,-71.42609
795544,2019-00092605,14-Sep-19,3:16:00 PM,Pedestrian,1,,,,1,SERVICE ROAD 8,BROAD ST ,Joseph Lopes,227,14-Sep-19,One-Way Trafficway,Wet,Daylight,Rain,Not a Collision Between Two Motor Vehicles in Transport,No,Traffic Control Signal,4,1,Non-Incapacitating,,41.818,-71.41637
796573,2019-00092721,14-Sep-19,7:31:00 PM,Bicycle,,2,,,1,FISK ST,BERNARD ST ,Joseph Lopes,227,14-Sep-19,"Two-Way , Not Divided",Wet,Dark - Unknown Lighting,Rain,Not a Collision Between Two Motor Vehicles in Transport,No,Stop Signs,4,2,Non-Incapacitating,,41.79002,-71.40751
795476,2019-00009270,13-Sep-19,7:32:00 AM,Pedestrian,1,,,,1,NARRAGANSETT BLVD,CALIFORNIA AVE ,Matthew Sheridan,,13-Sep-19,"Two-Way , Not Divided",Dry,Daylight,Cloudy,Not a Collision Between Two Motor Vehicles in Transport,No,No Controls,2,1,Complains Of Pain,,41.7892,-71.39606
795511,2019-00092259,13-Sep-19,5:53:00 PM,Pedestrian,1,,,,1,VALLEY ST,DELAINE ST ,Joseph Lopes,227,13-Sep-19,"Two-Way , Not Divided",Dry,Daylight,Clear,Not a Collision Between Two Motor Vehicles in Transport,No,Stop Signs,3,1,Non-Incapacitating,,41.81951,-71.4405
795441,2019-00091993,12-Sep-19,11:14:00 PM,Pedestrian,1,,,,1,Oakland Ave.,CHAD BROWN ST ,Mitchel Voyer,355,13-Sep-19,"Two-Way , Not Divided",Dry,Dark - Lighted,Clear,Not a Collision Between Two Motor Vehicles in Transport,"Yes, M/V and Driver Left Scene",No Controls,2,1,Non-Incapacitating,,41.8389,-71.42936
795002,2019-00090051,08-Sep-19,12:58:00 AM,Bicycle,,1,,,1,BRANCH AVE,95 SOUTH ON-RAMP,Mitchel Voyer,355,08-Sep-19,One-Way Trafficway,Dry,Dark - Lighted,Clear,Not a Collision Between Two Motor Vehicles in Transport,No,No Controls,2,1,Non-Incapacitating,,41.85064,-71.42521
794790,2019-00089230,05-Sep-19,10:59:00 PM,Pedestrian,1,,,,1,KENNEDY PLAZA,DORRANCE ST ,Lucas Ramalho,507,06-Sep-19,One-Way Trafficway,Dry,Dark - Lighted,Clear,Not a Collision Between Two Motor Vehicles in Transport,No,No Controls,3,1,Complains Of Pain,,41.82415,-71.41232
794517,2019-00088052,03-Sep-19,3:47:00 AM,Pedestrian,1,,,,1,551 North Main ST,N MAIN ST ,Khari Bass,312,03-Sep-19,"Two-Way, Divided, Positive Median Barrier",Wet,Dark - Lighted,Rain,Not a Collision Between Two Motor Vehicles in Transport,"Yes, M/V and Driver Left Scene",No Controls,1,1,Complains Of Pain,,41.8371,-71.4095
794476,2019-00087679,02-Sep-19,12:12:00 AM,Bicycle,,1,,,1,Elmwood Ave ,Roger Williams Ave,Louis Ferreras,332,02-Sep-19,"Two-Way, Divided, Unprotected (painted>4feet) Medium",Dry,Dark - Lighted,Clear,Not a Collision Between Two Motor Vehicles in Transport,"Yes, M/V and Driver Left Scene",No Controls,2,1,Complains Of Pain,,41.78767,-71.42041
794424,2019-00087288,01-Sep-19,2:08:00 AM,Pedestrian,1,,,,1,1193 Eddy Street,,Flavio Tavares,371,01-Sep-19,"Two-Way , Not Divided",Dry,Dark - Lighted,Clear,Not a Collision Between Two Motor Vehicles in Transport,"Yes, M/V and Driver Left Scene",No Controls,2,1,Incapacitating,,41.79321,-71.40396
794468,2019-00087554,01-Sep-19,7:42:00 PM,Pedestrian,1,,,,1,HAMMOND ST,DIVISION ST ,Shaolin Herr,556,01-Sep-19,"Two-Way , Not Divided",Dry,Dark - Lighted,Cloudy,Not a Collision Between Two Motor Vehicles in Transport,No,Stop Signs,4,1,Complains Of Pain,,41.81507,-71.42855
793399,2019-00087004,31-Aug-19,4:13:00 PM,Pedestrian,1,,,,1,PLAINFIELD STREET,KILLINGLY ST ,Wilkens Georges,548,31-Aug-19,"Two-Way, Divided, Unprotected (painted>4feet) Medium",Dry,Daylight,Clear,Not a Collision Between Two Motor Vehicles in Transport,No,No Controls,2,1,Non-Incapacitating,,41.81265,-71.45897
793244,2019-00086411,30-Aug-19,9:40:00 AM,Pedestrian,1,,,,1,Allens Avenue ,Georgia Avenue ,James Lanier,211,30-Aug-19,"Two-Way, Divided, Unprotected (painted>4feet) Medium",Dry,Daylight,Clear,Not a Collision Between Two Motor Vehicles in Transport,No,Stop Signs,2,1,Complains Of Pain,2,,
793187,2019-00086114,29-Aug-19,2:54:00 PM,Pedestrian,1,,,,1,863 BROAD STREET,OXFORD ST ,Giana Valletta,396,29-Aug-19,"Two-Way, Divided, Unprotected (painted>4feet) Medium",Dry,Daylight,Clear,Not a Collision Between Two Motor Vehicles in Transport,"Yes, M/V and Driver Left Scene",No Controls,2,1,Complains Of Pain,,41.80061,-71.41763
793201,2019-00086290,29-Aug-19,10:00:00 AM,Pedestrian,1,,,,1,DEAN ST,ATWELLS AVE ,Louis Prete,522,29-Aug-19,"Two-Way, Not Divided With a Continuous Left Turn Lane",Dry,Dark - Lighted,Clear,Not a Collision Between Two Motor Vehicles in Transport,No,Traffic Control Signal,6,1,Complains Of Pain,,41.82341,-71.42423
792734,2019-00084517,25-Aug-19,12:56:00 AM,Pedestrian,1,,,,1,ORMS ST,CANDACE ST ,Jeffrey Gagnon,317,25-Aug-19,"Two-Way , Not Divided",Dry,Dark - Lighted,Clear,Other,"Yes, M/V and Driver Left Scene",No Controls,3,1,Complains Of Pain,,41.83378,-71.42189
793135,2019-00084695,25-Aug-19,2:40:00 PM,Pedestrian,1,,,,1,HAUXHURST AVE,LAUREL HILL AVE,Timothy Phok,561,29-Aug-19,One-Way Trafficway,Dry,Daylight,Clear,Not a Collision Between Two Motor Vehicles in Transport,No,No Controls,2,1,Non-Incapacitating,,41.82179,-71.4554
792659,2019-00084014,23-Aug-19,8:38:00 PM,Bicycle,,1,,,1,PONAGANSETT AVE / DRESSER ST,PONAGANSETT AVE ,Casey Correia,521,23-Aug-19,"Two-Way , Not Divided",Dry,Dusk,Clear,Not a Collision Between Two Motor Vehicles in Transport,No,No Controls,2,1,Complains Of Pain,,41.81979,-71.4584
791989,2019-00081192,16-Aug-19,2:50:00 PM,Bicycle,,1,,,1,ELMWOOD AVE,WILSON STREET ,Donald Castigliego,287,16-Aug-19,"Two-Way , Not Divided",Dry,Daylight,Clear,Not a Collision Between Two Motor Vehicles in Transport,"Yes, M/V and Driver Left Scene",No Controls,1,1,Complains Of Pain,,41.81119,-71.42317
792001,2019-00081215,16-Aug-19,3:48:00 PM,Bicycle,,1,,,1,F C GREENE MEMORIAL BLVD,CARR ST ,Cory Vingi,237,16-Aug-19,"Two-Way , Not Divided",Dry,Daylight,Clear,Not a Collision Between Two Motor Vehicles in Transport,No,No Controls,3,1,Incapacitating,,41.78713,-71.41026
792184,2019-00081331,16-Aug-19,8:13:00 PM,Pedestrian,1,,,,1,FRANCIS ST,AMERICAN EXPRESS PLZ ,Jose Deschamps,419,19-Aug-19,"Two-Way, Divided, Unprotected (painted>4feet) Medium",Dry,Daylight,Clear,Not a Collision Between Two Motor Vehicles in Transport,No,Traffic Control Signal,4,1,Complains Of Pain,,41.82741,-71.41541
791957,2019-00080871,15-Aug-19,6:41:00 PM,Pedestrian,1,,,,1,REGENT AVE,HURON ST ,David Liu,318,15-Aug-19,"Two-Way , Not Divided",Dry,Daylight,Clear,Not a Collision Between Two Motor Vehicles in Transport,"Yes, M/V and Driver Left Scene",No Controls,1,0,No Injury,,41.8295,-71.44139
791569,2019-00079211,11-Aug-19,4:26:00 PM,Bicycle,,1,,,1,N MAIN ST,SMITH ST ,Donald Castigliego,287,11-Aug-19,One-Way Trafficway,Dry,Daylight,Clear,Not a Collision Between Two Motor Vehicles in Transport,"Yes, M/V and Driver Left Scene",No Controls,1,1,Complains Of Pain,,41.8315,-71.41063
791597,2019-00079321,11-Aug-19,8:37:00 PM,Bicycle,,1,,,1,Plainfield Street,Union Street,Abraham Lugo,525,11-Aug-19,"Two-Way, Divided, Unprotected (painted>4feet) Medium",Dry,Dark - Lighted,Clear,Angle (Front - to - Side) Same Direction,No,Stop Signs,4,1,Complains Of Pain,,41.8088,-71.46314
791488,2019-00078758,10-Aug-19,5:02:00 PM,Pedestrian,1,,,,1,Pleasant Valley Parkway,Winrooth Ave,Harrison Northup,232,10-Aug-19,One-Way Trafficway,Dry,Daylight,Clear,Not a Collision Between Two Motor Vehicles in Transport,"Yes, M/V and Driver Left Scene",No Controls,1,0,No Injury,1,41.83545,-71.43677
791503,2019-00078804,10-Aug-19,7:20:00 PM,Pedestrian,1,,,,1,S MAIN ST,TRANSIT ST ,Donald Castigliego,287,10-Aug-19,One-Way Trafficway,Dry,Dusk,Clear,Not a Collision Between Two Motor Vehicles in Transport,"Yes, M/V and Driver Left Scene",No Controls,2,1,Non-Incapacitating,,41.82012,-71.40301
791459,2019-00078487,09-Aug-19,10:49:00 PM,Bicycle,,1,,,1,174 Linwood ave,DEXTER ST ,Dayshantell Ramirez,571,10-Aug-19,"Two-Way , Not Divided",Dry,Dark - Lighted,Clear,Angle (Front - to - Side) Same Direction,No,No Controls,3,1,Complains Of Pain,,41.806,-71.43194
791398,2019-00078091,08-Aug-19,9:48:00 AM,Bicycle,,1,,,1,ATWELLS AVE,VALLEY ST ,Daviniel Urizar,555,08-Aug-19,"Two-Way, Divided, Positive Median Barrier",Wet,Dark - Lighted,Cloudy,Other,No,No Controls,4,1,Complains Of Pain,,41.82456,-71.4395
791294,2019-00077546,07-Aug-19,2:50:00 PM,Bicycle,,1,,,1,Manton Avenue,Westcott Street,David Girard,690,07-Aug-19,"Two-Way , Not Divided",Dry,Daylight,Clear,Angle (Front - to - Side) Right Angle (Includes Broadside),No,Stop Signs,3,1,Non-Incapacitating,,,
790916,2019-00075901,03-Aug-19,2:30:00 PM,Bicycle,,1,,,1,BROAD ST ,LOCKWOOD ST ,Joseph Lopes,227,03-Aug-19,"Two-Way , Not Divided",Dry,Daylight,Clear,Not a Collision Between Two Motor Vehicles in Transport,"Yes, M/V and Driver Left Scene",No Controls,1,1,Complains Of Pain,,41.81536,-71.42062
790982,2019-00076092,03-Aug-19,10:30:00 PM,Pedestrian,1,,,,1,BROAD ST,VERNDALE AVE ,Stephen Sage,353,04-Aug-19,"Two-Way, Divided, Unprotected (painted>4feet) Medium",Dry,Dark - Lighted,Clear,Other,"Yes, M/V and Driver Left Scene",No Controls,2,1,Incapacitating,,41.79177,-71.40668
790756,2019-00075275,02-Aug-19,8:44:00 AM,Bicycle,,1,,,1,CHAD BROWN STREET,RADCLIFFE AVENUE,Joseph Madeira,552,02-Aug-19,"Two-Way , Not Divided",Dry,Daylight,Clear,Angle (Front - to - Side) Right Angle (Includes Broadside),No,Stop Signs,4,1,Non-Incapacitating,2,41.83349,-71.41682
790872,2019-00075645,02-Aug-19,11:38:00 PM,Bicycle,,1,,,1,ATWELLS AVE,BOND ST ,Daviniel Urizar,555,03-Aug-19,"Two-Way, Divided, Unprotected (painted>4feet) Medium",Dry,Dark - Lighted,Clear,Not a Collision Between Two Motor Vehicles in Transport,"Yes, Driver Left Scene",No Controls,1,0,No Injury,,41.82333,-71.42318
790691,2019-00074951,01-Aug-19,1:47:00 PM,Bicycle,,1,,,1,BROAD ST,PEARL ST,Nicholas Manfredi,343,01-Aug-19,"Two-Way , Not Divided",Dry,Daylight,Clear,Not a Collision Between Two Motor Vehicles in Transport,"Yes, M/V and Driver Left Scene",No Controls,1,1,Complains Of Pain,,41.8149,-71.42087
790704,2019-00074993,01-Aug-19,4:05:00 PM,Bicycle,,1,,,1,81 DELAINE STREET,SONOMA CT ,Mabel Addai,513,01-Aug-19,"Two-Way, Divided, Unprotected (painted>4feet) Medium",Dry,Daylight,Clear,"Sideswipe, Same Direction",No,No Controls,2,1,Complains Of Pain,2,41.81948,-71.44192
790308,2019-00073444,28-Jul-19,6:54:00 PM,Bicycle,,1,,,1,121 ROGER WILLIAMS AVE ,NARRAGANSETT AVE ,Joseph Lopes,227,29-Jul-19,"Two-Way , Not Divided",Dry,Daylight,Clear,Not a Collision Between Two Motor Vehicles in Transport,"Yes, M/V and Driver Left Scene",No Controls,1,1,Complains Of Pain,,41.78851,-71.42364
789994,2019-00072229,25-Jul-19,9:57:00 PM,Bicycle,,1,,,1,EDDY ST,RICHMOND ST ,Donald Brien,630,26-Jul-19,"Two-Way, Divided, Positive Median Barrier",Dry,Dark - Not Lighted,Clear,Not a Collision Between Two Motor Vehicles in Transport,No,No Controls,3,1,Complains Of Pain,4,41.81607,-71.40661
789754,2019-00071632,24-Jul-19,12:55:00 PM,Bicycle,,1,,,1,MEMORIAL BLVD,FRANCIS ST ,Steven Perez,560,24-Jul-19,"Two-Way, Divided, Positive Median Barrier",Dry,Daylight,Clear,Not a Collision Between Two Motor Vehicles in Transport,No,Traffic Control Signal,3,0,No Injury,,41.8259,-71.41535
789813,2019-00071813,24-Jul-19,8:40:00 PM,Bicycle,,1,,,1,TERRACE AVE,WEBSTER AVE ,Jeann Lugo,543,24-Jul-19,"Two-Way , Not Divided",Dry,Dark - Unknown Lighting,Clear,Not a Collision Between Two Motor Vehicles in Transport,"Yes, M/V and Driver Left Scene",Unknown,1,1,Complains Of Pain,,41.80371,-71.4474
789571,2019-00071179,23-Jul-19,8:33:00 AM,Pedestrian,1,,,,1,MATHEWSON ST,FOUNTAIN ST ,Fernando Lopez,156,23-Jul-19,One-Way Trafficway,Wet,Daylight,Rain,Not a Collision Between Two Motor Vehicles in Transport,No,No Controls,5,1,Complains Of Pain,,41.82371,-71.41586
789588,2019-00071177,23-Jul-19,8:00:00 AM,Bicycle,,1,,,1,BROADWAY,VALLEY ST ,Stephen Perez,560,23-Jul-19,"Two-Way, Divided, Unprotected (painted>4feet) Medium",Wet,Daylight,Rain,Not a Collision Between Two Motor Vehicles in Transport,No,Traffic Control Signal,3,1,Complains Of Pain,,41.81684,-71.44101
789493,2019-00070958,22-Jul-19,4:47:00 PM,Pedestrian,1,,,,1,FRIENDSHIP ST,DORRANCE ST ,Shawn Kennedy,547,22-Jul-19,One-Way Trafficway,Dry,Daylight,Clear,Angle (Front - to - Side) Same Direction,No,No Controls,2,1,Complains Of Pain,,41.82196,-71.4095
789511,2019-00070993,22-Jul-19,6:22:00 PM,Bicycle,,1,,,1,CHARLES ST,CHARLES ST EXIT 23 ,Thomas Savard,335,22-Jul-19,One-Way Trafficway,Dry,Daylight,Clear,Not a Collision Between Two Motor Vehicles in Transport,"Yes, M/V and Driver Left Scene",Yield Signs,1,1,Complains Of Pain,,41.83785,-71.41426
789421,2019-00070637,21-Jul-19,6:56:00 PM,Bicycle,,1,,,1,BROAD ST,PAYTON ST,Kenneth Demarco,176,21-Jul-19,"Two-Way , Not Divided",Dry,Daylight,Clear,Not a Collision Between Two Motor Vehicles in Transport,No,Stop Signs,2,1,Complains Of Pain,,41.78841,-71.40366
789161,2019-00069631,19-Jul-19,8:09:00 AM,Pedestrian,1,,,,1,BROAD ST,CAHIR ST ,Robert Ballinger,520,19-Jul-19,"Two-Way , Not Divided",Dry,Daylight,Clear,Not a Collision Between Two Motor Vehicles in Transport,No,Traffic Control Signal,4,1,Complains Of Pain,,41.81692,-71.41795
789107,2019-00069439,18-Jul-19,5:53:00 PM,Bicycle,,1,,,1,UPTON AVE,BLACKSTONE BLVD ,Shaolin Herr,556,18-Jul-19,One-Way Trafficway,Wet,Other,Cloudy,Not a Collision Between Two Motor Vehicles in Transport,No,Stop Signs,3,1,Complains Of Pain,,41.83957,-71.38575
789112,2019-00069472,17-Jul-19,7:30:00 PM,Pedestrian,1,,,,1,Broad St,Potters Ave,Christopher Hines,537,18-Jul-19,"Two-Way , Not Divided",Wet,Daylight,Rain,Not a Collision Between Two Motor Vehicles in Transport,No,Traffic Control Signal,4,1,Complains Of Pain,2,41.80296,-71.41895
788891,2019-00068734,16-Jul-19,7:37:00 PM,Pedestrian,1,,,,1,DEAN ST,KINSLEY AVE ,Joseph Lopes,227,16-Jul-19,One-Way Trafficway,Dry,Daylight,Clear,Not a Collision Between Two Motor Vehicles in Transport,"Yes, M/V and Driver Left Scene",No Controls,1,1,Complains Of Pain,,41.82747,-71.42616
788730,2019-00068180,15-Jul-19,12:44:00 PM,Bicycle,,1,,,1,Prairie Avenue ,Oxford Avenue ,James Lanier,211,15-Jul-19,"Two-Way , Not Divided",Dry,Daylight,Clear,Not a Collision Between Two Motor Vehicles in Transport,No,Stop Signs,2,1,Non-Incapacitating,1,,
788463,2019-00067307,13-Jul-19,1:22:00 AM,Other,,1,X,,1,Atwells Ave,SUTTON ST ,Mitchell Guerra,217,13-Jul-19,"Two-Way , Not Divided",Dry,Dark - Lighted,Clear,Angle (Front - to - Side) Right Angle (Includes Broadside),No,No Controls,2,1,Complains Of Pain,,41.82376,-71.42929
788345,2019-00066957,11-Jul-19,10:40:00 AM,Bicycle,,1,,,1,STEWART ST,BROAD ST ,Robert Ballinger,520,12-Jul-19,"Two-Way , Not Divided",Dry,Daylight,Cloudy,Angle (Front - to - Side) Right Angle (Includes Broadside),No,No Controls,3,0,No Injury,,41.8169,-71.41794
788188,2019-00066333,10-Jul-19,7:04:00 PM,Other,1,,X,,1,W FOUNTAIN ST,CARGILL ST ,Jeffrey Gagnon,317,10-Jul-19,"Two-Way , Not Divided",Dry,Dusk,Clear,Angle (Front - to - Side) Right Angle (Includes Broadside),No,No Controls,4,1,Complains Of Pain,2,41.81896,-71.42218
787950,2019-00065729,09-Jul-19,10:37:00 AM,Bicycle,,,X,,2,Cambridge Avenue ,Academy Avenue ,James Lanier,211,09-Jul-19,"Two-Way , Not Divided",Dry,Daylight,Clear,Head-On (Front - to - Front),No,Stop Signs,3,1,Complains Of Pain,1,,
787994,2019-00065838,09-Jul-19,3:23:00 PM,Bicycle,,1,,,1,BROADWAY,SERVICE ROAD 7 ,Ralph Abenante,511,09-Jul-19,One-Way Trafficway,Dry,Daylight,Clear,Head-On (Front - to - Front),"Yes, M/V and Driver Left Scene",Traffic Control Signal,2,1,Non-Incapacitating,,41.82178,-71.4208
788066,2019-00066025,09-Jul-19,10:52:00 PM,Bicycle,,1,,,1,19 Pope St.,KOSSUTH ST ,Larissa Vadney,401,10-Jul-19,"Two-Way , Not Divided",Dry,Dark - Lighted,Clear,Not a Collision Between Two Motor Vehicles in Transport,"Yes, M/V and Driver Left Scene",No Controls,1,1,Non-Incapacitating,,41.82213,-71.44874
787527,2019-00064243,05-Jul-19,3:31:00 PM,Bicycle,,1,,,1,7th street,HIGHLAND AVE ,Shaolin Herr,556,05-Jul-19,"Two-Way , Not Divided",Dry,Daylight,Clear,Not a Collision Between Two Motor Vehicles in Transport,No,No Controls,2,0,No Injury,,41.85307,-71.39935
787555,2019-00064349,05-Jul-19,7:20:00 PM,Bicycle,,1,,,1,ASHBURTON ST,CHARLES ST ,Cory Vingi,237,05-Jul-19,"Two-Way , Not Divided",Dry,Daylight,Clear,Not a Collision Between Two Motor Vehicles in Transport,"Yes, M/V and Driver Left Scene",No Controls,1,0,No Injury,,41.8394,-71.41616
787314,2019-00063368,03-Jul-19,3:38:00 PM,Bicycle,,1,,,1,OWEN ST,MANTON AVE ,Shaolin Herr,556,03-Jul-19,"Two-Way , Not Divided",Dry,Daylight,Clear,Not a Collision Between Two Motor Vehicles in Transport,No,No Controls,2,1,Complains Of Pain,,41.82392,-71.45189
787108,2019-00062563,01-Jul-19,2:08:00 PM,Bicycle,,1,,,1,Academy Ave,Dover St,James Annis,454,01-Jul-19,"Two-Way , Not Divided",Dry,Daylight,Clear,Not a Collision Between Two Motor Vehicles in Transport,No,No Controls,3,1,Complains Of Pain,2,,
787127,2019-00062619,01-Jul-19,4:59:00 PM,Bicycle,,1,,,1,DEXTER ST,LINWOOD AVE ,Wilkens Georges,548,01-Jul-19,"Two-Way , Not Divided",Dry,Daylight,Clear,Not a Collision Between Two Motor Vehicles in Transport,No,No Controls,3,1,Complains Of Pain,,41.80552,-71.42951
786875,2019-00061767,29-Jun-19,6:06:00 PM,Pedestrian,1,,,,1,65 CONGDON ST,CUSHING ST ,Joseph Lopes,227,29-Jun-19,"Two-Way , Not Divided",Dry,Daylight,Clear,Not a Collision Between Two Motor Vehicles in Transport,"Yes, M/V and Driver Left Scene",No Controls,2,0,No Injury,,41.8299,-71.40692
786766,2019-00061291,28-Jun-19,5:16:00 PM,Pedestrian,1,,,,1,CRANSTON ST,BENEDICT ST ,Luis Pelaez,336,28-Jun-19,"Two-Way , Not Divided",Dry,Daylight,Clear,Not a Collision Between Two Motor Vehicles in Transport,No,No Controls,6,1,Complains Of Pain,2,41.80547,-71.43722
786641,2019-00060980,27-Jun-19,10:40:00 PM,Bicycle,,1,,,1,MEMORIAL BLVD,WASHINGTON ST ,Patrick Hourahan,243,27-Jun-19,"Two-Way, Divided, Positive Median Barrier",Dry,Dark - Lighted,Clear,Angle (Front - to - Side) Right Angle (Includes Broadside),No,Traffic Control Signal,2,1,Complains Of Pain,,41.82641,-71.41005