CrashReportId,ReportNumber,CrashDate,CrashTime,Collision Type,CountPedestrian,CountBicycle,Scooter,Wheel Chair,NumberofVehicles,StreetOrHighway,NearestIntersection,Officer,Badge,ReportDate,TypeOfRoadway,RoadSurfaceCondition,LightCondition,WeatherCondition,MannerofImpact,HitAndRun,TrafficControl,PersonCount,InjuryCount,MostSeriousInjury,NumberOfLanes,Latitude,Longitude
786384,2019-00060161,25-Jun-19,8:37:00 PM,Bicycle,,1,,,1,CHAPIN AVE,ELLERY ST ,Cory Vingi,237,25-Jun-19,"Two-Way , Not Divided",Wet,Dark - Lighted,Rain,Not a Collision Between Two Motor Vehicles in Transport,No,Stop Signs,2,0,No Injury,,41.81189,-71.43845
786387,2019-00060164,25-Jun-19,8:58:00 PM,Pedestrian,2,,,,1,325 WASHINGTON ST,DEAN ST ,Cory Vingi,237,25-Jun-19,"Two-Way , Not Divided",Wet,Dark - Lighted,Clear,Not a Collision Between Two Motor Vehicles in Transport,No,Traffic Control Signal,3,2,Complains Of Pain,,41.81961,-71.41983
786287,2019-00059692,24-Jun-19,1:00:00 PM,Bicycle,,1,,,1,630 MOUNT PLEASANT AVE,LENNON ST ,Raymond Criner,340,25-Jun-19,"Two-Way , Not Divided",Dry,Daylight,Clear,Not a Collision Between Two Motor Vehicles in Transport,"Yes, Driver Left Scene",No Controls,3,0,No Injury,,41.84355,-71.45318
786084,2019-00059251,23-Jun-19,1:45:00 PM,Pedestrian,1,,,,1,FREMONT ST,IVES ST ,Fernando Lopez,156,23-Jun-19,"Two-Way , Not Divided",Dry,Daylight,Clear,Not a Collision Between Two Motor Vehicles in Transport,No,No Controls,3,1,Complains Of Pain,,41.8223,-71.39225
786034,2019-00058997,22-Jun-19,9:38:00 PM,Pedestrian,1,,,,1,123 ELMWOOD AVE ,ELMWOOD AVE ,Joseph Lopes,227,22-Jun-19,"Two-Way , Not Divided",Dry,Dark - Lighted,Clear,Not a Collision Between Two Motor Vehicles in Transport,No,No Controls,4,1,Complains Of Pain,,41.80996,-71.424
785823,2019-00058111,20-Jun-19,4:04:00 PM,Pedestrian,1,,,,1,384 NIAGARA ST,,Donald Castigliego,287,20-Jun-19,"Two-Way , Not Divided",Wet,Daylight,"Fog, Smog, Smoke",Not a Collision Between Two Motor Vehicles in Transport,"Yes, M/V and Driver Left Scene",No Controls,1,1,Non-Incapacitating,,41.79272,-71.41417
785680,2019-00057610,19-Jun-19,7:52:00 AM,Bicycle,,1,,,1,Broadway,Almy Street,Kristen Barth,247,19-Jun-19,"Two-Way , Not Divided",Dry,Daylight,Clear,Not a Collision Between Two Motor Vehicles in Transport,No,Traffic Control Signal,3,0,No Injury,,41.81896,-71.43294
785687,2019-00057637,19-Jun-19,9:26:00 AM,Bicycle,,1,,,1,Branch Ave,Branch Ave Exit,Kristen Barth,247,19-Jun-19,"Two-Way, Divided, Positive Median Barrier",Dry,Daylight,Clear,Not a Collision Between Two Motor Vehicles in Transport,"Yes, M/V and Driver Left Scene",No Controls,2,1,Complains Of Pain,,41.8461,-71.4114
785760,2019-00057862,19-Jun-19,8:59:00 PM,Pedestrian,1,,,,1,ELMWOOD AVENUE,MAWNEY STREET,Donald Castigliego,287,19-Jun-19,"Two-Way , Not Divided",Dry,Dark - Lighted,Clear,Not a Collision Between Two Motor Vehicles in Transport,"Yes, M/V and Driver Left Scene",Pavement Markings,1,1,Complains Of Pain,,41.80357,-71.42571
785528,2019-00057107,17-Jun-19,5:28:00 PM,Pedestrian,1,,,,1,BROAD ST,CLAVERICK ST ,Donald Castigliego,287,17-Jun-19,"Two-Way , Not Divided",Dry,Daylight,Clear,Not a Collision Between Two Motor Vehicles in Transport,No,Traffic Control Signal,3,0,No Injury,,41.81938,-71.41493
785439,2019-00056702,16-Jun-19,3:54:00 PM,Bicycle,,1,,,1,NEWARK ST,VALLEY ST ,Joseph Lopes,227,16-Jun-19,"Two-Way , Not Divided",Dry,Daylight,Clear,Not a Collision Between Two Motor Vehicles in Transport,No,Stop Signs,2,1,Complains Of Pain,,41.82521,-71.43931
785450,2019-00056731,16-Jun-19,5:29:00 PM,Pedestrian,1,,,,1,86 AYRAULT ST ,CHALKSTONE AVE ,Joseph Lopes,227,16-Jun-19,One-Way Trafficway,Dry,Daylight,Clear,Not a Collision Between Two Motor Vehicles in Transport,No,No Controls,2,1,Non-Incapacitating,,41.83374,-71.42907
785385,2019-00056321,15-Jun-19,7:37:00 PM,Pedestrian,1,,,,1,GRAPE ST,ALICANT ST ,Cory Vingi,237,15-Jun-19,"Two-Way , Not Divided",Dry,Daylight,Clear,Not a Collision Between Two Motor Vehicles in Transport,"Yes, M/V and Driver Left Scene",No Controls,1,1,Incapacitating,,41.84459,-71.43025
785038,2019-00054766,11-Jun-19,4:31:00 PM,Pedestrian,1,,,,1,27 Armington Ave,PEMBERTON ST ,Paul Caminero,339,11-Jun-19,"Two-Way , Not Divided",Dry,Daylight,Clear,Not a Collision Between Two Motor Vehicles in Transport,No,No Controls,5,1,Complains Of Pain,,41.82714,-71.44484
784816,2019-00054003,09-Jun-19,12:45:00 PM,Pedestrian,1,,,,1,73 PHEBE ST,ADMIRAL ST,Joseph Madeira,552,09-Jun-19,"Two-Way , Not Divided",Dry,Daylight,Clear,Other,"Yes, M/V and Driver Left Scene",No Controls,2,1,Non-Incapacitating,,41.83618,-71.41545
784858,2019-00054161,09-Jun-19,9:00:00 PM,Pedestrian,1,,,,1,833 POTTERS AVE,PURITAN ST ,Joseph Lopes,227,09-Jun-19,"Two-Way , Not Divided",Dry,Dark - Lighted,Clear,Not a Collision Between Two Motor Vehicles in Transport,"Yes, M/V and Driver Left Scene",No Controls,1,1,Non-Incapacitating,,41.80476,-71.43701
784767,2019-00053676,08-Jun-19,4:40:00 PM,Bicycle,,1,,,1,332 Valley Street,RILL ST ,Paul Caminero,339,08-Jun-19,"Two-Way, Divided, Unprotected (painted>4feet) Medium",Dry,Daylight,Clear,Other,No,No Controls,2,1,Complains Of Pain,,41.82659,-71.43819
784357,2019-00052268,04-Jun-19,10:21:00 PM,Pedestrian,1,,,,1,JOSLIN ST,KOSSUTH ST ,Stephen Sage,353,05-Jun-19,"Two-Way , Not Divided",Dry,Dark - Lighted,Clear,Other,"Yes, M/V and Driver Left Scene",No Controls,1,1,Complains Of Pain,,41.82235,-71.44673
783971,2019-00050875,01-Jun-19,11:00:00 AM,Bicycle,,1,,,1,BROAD ST,BROAD ST ,Kyle Shea,215,01-Jun-19,"Two-Way, Divided, Unprotected (painted>4feet) Medium",Dry,Daylight,Clear,Angle (Front - to - Side) Right Angle (Includes Broadside),"Yes, M/V and Driver Left Scene",Traffic Control Signal,2,1,Non-Incapacitating,,41.80977,-71.42101
784030,2019-00051053,01-Jun-19,7:32:00 PM,Bicycle,,,,,2,ELMWOOD AVE ,CADILLAC DR ,Jose Buten,322,01-Jun-19,"Two-Way, Divided, Positive Median Barrier",Dry,Daylight,Clear,Angle (Front - to - Side) Same Direction,No,No Controls,1,1,Complains Of Pain,,41.78916,-71.42126
783947,2019-00050711,31-May-19,10:30:00 PM,Bicycle,,1,,,1,BRANCH AVE EXIT,BRANCH AVE ,David Impagliazzo,223,01-Jun-19,"Two-Way , Not Divided",Dry,Dark - Lighted,Clear,Not a Collision Between Two Motor Vehicles in Transport,No,Yield Signs,2,1,Complains Of Pain,,41.85252,-71.42536
783869,2019-00050333,30-May-19,10:27:00 PM,Pedestrian,1,,,,1,MOUNT PLEASANT AVE,CHALKSTONE AVE ,Michael Place,224,31-May-19,"Two-Way , Not Divided",Wet,Dark - Lighted,Rain,Not a Collision Between Two Motor Vehicles in Transport,No,Traffic Control Signal,5,1,Complains Of Pain,,41.8327,-71.44975
783754,2019-00049920,29-May-19,5:57:00 PM,Pedestrian,1,,,,1,CAHIR ST,BROAD ST ,Daniel Hernandez,255,29-May-19,"Two-Way , Not Divided",Dry,Daylight,Clear,Not a Collision Between Two Motor Vehicles in Transport,No,No Controls,3,1,Complains Of Pain,,41.81698,-71.41799
783338,2019-00048205,25-May-19,10:25:00 AM,Pedestrian,1,,,,1,BROAD ST,MASSACHUSETTS AVE ,Thomas Richards,162,25-May-19,"Two-Way , Not Divided",Dry,Daylight,Clear,Other,No,No Controls,3,1,Complains Of Pain,,41.78635,-71.40193
783344,2019-00048282,25-May-19,2:12:00 PM,Bicycle,,1,,,1,BROADWAY,VALLEY ST ,Fernando Lopez,156,25-May-19,"Two-Way , Not Divided",Dry,Daylight,Clear,Not a Collision Between Two Motor Vehicles in Transport,No,Traffic Control Signal,2,1,Complains Of Pain,,41.81684,-71.441
783272,2019-00048014,24-May-19,8:43:00 PM,Bicycle,,1,,,1,NORTHUP AVE,HALL ST ,Cory Vingi,237,24-May-19,"Two-Way , Not Divided",Dry,Dark - Lighted,Clear,Not a Collision Between Two Motor Vehicles in Transport,"Yes, M/V and Driver Left Scene",No Controls,1,1,Complains Of Pain,,41.85151,-71.4165
783037,2019-00047239,22-May-19,6:56:00 PM,Bicycle,,2,,,1,CHALKSTONE AVE ,FREDERICK ST ,Joseph Lopes,227,22-May-19,"Two-Way , Not Divided",Dry,Daylight,Clear,Not a Collision Between Two Motor Vehicles in Transport,"Yes, M/V and Driver Left Scene",No Controls,2,2,Complains Of Pain,,41.83447,-71.42888
783053,2019-00047294,22-May-19,8:59:00 PM,Other,,,X,,2,Point St,Service road #8,Michael Sullivan,347,22-May-19,One-Way Trafficway,Dry,Dark - Lighted,Clear,Head-On (Front - to - Front),"Yes, Driver Left Scene",Traffic Control Signal,3,1,Complains Of Pain,2,41.81513,-71.41193
782908,2019-00046848,21-May-19,6:08:00 PM,Bicycle,,,,,2,CRANSTON ST,DODGE ST ,Donald Castigliego,287,21-May-19,"Two-Way , Not Divided",Dry,Daylight,Clear,Not a Collision Between Two Motor Vehicles in Transport,"Yes, M/V and Driver Left Scene",No Controls,1,0,Unknown,,41.81465,-71.42574
782738,2019-00046400,20-May-19,2:47:00 PM,Bicycle,,1,,,1,WATERMAN ST,GOVERNOR ST ,Dormica Waters,427,20-May-19,One-Way Trafficway,Dry,Daylight,Clear,Not a Collision Between Two Motor Vehicles in Transport,No,No Controls,2,1,Complains Of Pain,,41.82762,-71.39389
782496,2019-00045664,18-May-19,5:23:00 PM,Bicycle,,,,,2,GALILEO AVE,SAMOSET AVE ,Donald Castigliego,287,18-May-19,"Two-Way , Not Divided",Dry,Daylight,Clear,Angle (Front - to - Side) Right Angle (Includes Broadside),No,Stop Signs,3,1,Complains Of Pain,,41.83582,-71.45363
782414,2019-00045342,17-May-19,8:59:00 PM,Pedestrian,1,,,,1,PARK ROW E,CANAL ST ,Joseph Lopes,227,17-May-19,"Two-Way , Not Divided",Dry,Dark - Lighted,Clear,Not a Collision Between Two Motor Vehicles in Transport,No,No Controls,4,0,No Injury,,41.82845,-71.41081
782208,2019-00044732,16-May-19,8:46:00 AM,Pedestrian,1,,,,1,Sabin Street ,Empire Street,James Lanier,211,16-May-19,One-Way Trafficway,Dry,Daylight,Clear,Not a Collision Between Two Motor Vehicles in Transport,No,Traffic Control Signal,3,1,Complains Of Pain,3,,
782234,2019-00044856,16-May-19,3:13:00 PM,Bicycle,,1,,,1,ROGER WILLIAMS AVE,ALEXANDER ST ,Joseph Lopes,227,16-May-19,"Two-Way , Not Divided",Dry,Daylight,Clear,Not a Collision Between Two Motor Vehicles in Transport,No,Stop Signs,3,1,Complains Of Pain,,41.78853,-71.4262
782165,2019-00044584,15-May-19,7:47:00 PM,Bicycle,,1,,,1,RICHMOND ST,POINT STREET,Donald Castigliego,287,15-May-19,"Two-Way , Not Divided",Dry,Dusk,Clear,Not a Collision Between Two Motor Vehicles in Transport,No,Traffic Control Signal,2,1,Incapacitating,,41.81655,-71.40727
782054,2019-00044148,14-May-19,3:45:00 PM,Pedestrian,1,,,,1,BROAD ST,MOORE ST ,Donald Castigliego,287,14-May-19,"Two-Way , Not Divided",Dry,Daylight,Clear,Not a Collision Between Two Motor Vehicles in Transport,No,No Controls,3,1,Complains Of Pain,,41.80484,-71.4195
781893,2019-00043831,13-May-19,4:26:00 PM,Pedestrian,1,,,,1,THURBERS AVE,WEISS CT ,John Benros,481,13-May-19,"Two-Way , Not Divided",Wet,Daylight,Rain,Not a Collision Between Two Motor Vehicles in Transport,No,No Controls,2,1,Complains Of Pain,,41.79834,-71.41391
779265,2019-00041654,07-May-19,2:02:00 PM,Bicycle,,1,,,1,CORLISS ST,CHARLES ST ,Fernando Lopez,156,07-May-19,"Two-Way , Not Divided",Dry,Daylight,Clear,Not a Collision Between Two Motor Vehicles in Transport,No,Stop Signs,4,1,Complains Of Pain,,41.83814,-71.41441
779218,2019-00041407,06-May-19,6:39:00 PM,Pedestrian,1,,,,1,MANTON AVE ,GLENBRIDGE AVE ,Joseph Lopes,227,06-May-19,"Two-Way , Not Divided",Dry,Daylight,Clear,Not a Collision Between Two Motor Vehicles in Transport,No,No Controls,3,1,Complains Of Pain,,41.82596,-71.45816
779236,2019-00041333,06-May-19,4:10:00 PM,Bicycle,,1,,,1,CRANSTON ST,BELLEVUE AVE ,Luis Pelaez,336,06-May-19,"Two-Way , Not Divided",Dry,Daylight,Clear,Not a Collision Between Two Motor Vehicles in Transport,No,No Controls,2,1,Complains Of Pain,2,41.80885,-71.4341
779049,2019-00041010,05-May-19,3:15:00 PM,Bicycle,,1,,,1,CUSTOM HOUSE ST,WEYBOSSET ST ,Joseph Lopes,227,05-May-19,"Two-Way , Not Divided",Wet,Daylight,Rain,Angle (Front - to - Side) Right Angle (Includes Broadside),No,No Controls,2,0,No Injury,,41.82431,-71.4097
778987,2019-00040594,04-May-19,3:51:00 PM,Bicycle,,1,,,1,LUBEC ST,MANILA ST ,Donald Castigliego,287,04-May-19,"Two-Way , Not Divided",Dry,Daylight,Clear,Not a Collision Between Two Motor Vehicles in Transport,No,Stop Signs,3,1,Non-Incapacitating,,41.85438,-71.44557
778867,2019-00039992,02-May-19,10:16:00 PM,Pedestrian,1,,,,1,BROAD ST,BROAD ST ,Cory Vingi,237,02-May-19,"Two-Way , Not Divided",Dry,Dark - Lighted,Clear,Not a Collision Between Two Motor Vehicles in Transport,"Yes, M/V and Driver Left Scene",Stop Signs,1,1,Complains Of Pain,,41.80648,-71.42002
778460,2019-00038176,27-Apr-19,4:17:00 PM,Pedestrian,1,,X,,1,SMITH ST,ORMS ST ,Cory Vingi,237,27-Apr-19,"Two-Way , Not Divided",Dry,Daylight,Cloudy,Not a Collision Between Two Motor Vehicles in Transport,No,No Controls,2,1,Incapacitating,,41.83456,-71.42401
778414,2019-00037943,26-Apr-19,9:24:00 PM,Pedestrian,1,,,,1,N MAIN ST,N MAIN ST ,Cory Vingi,237,26-Apr-19,"Two-Way, Divided, Unprotected (painted>4feet) Medium",Wet,Dark - Lighted,Rain,Not a Collision Between Two Motor Vehicles in Transport,No,No Controls,3,1,Non-Incapacitating,,41.83709,-71.4095
778300,2019-00037362,25-Apr-19,7:35:00 AM,Pedestrian,1,,,,1,COLFAX ST,BROAD ST ,Fernando Lopez,156,25-Apr-19,"Two-Way , Not Divided",Dry,Daylight,Clear,Not a Collision Between Two Motor Vehicles in Transport,"Yes, M/V and Driver Left Scene",Pavement Markings,1,1,Complains Of Pain,,41.7989,-71.41536
778307,2019-00037404,25-Apr-19,12:10:00 PM,Bicycle,,1,,,1,341 South Main St,JAMES ST ,Frank Moody,328,25-Apr-19,One-Way Trafficway,Dry,Daylight,Clear,Angle (Front - to - Side) Right Angle (Includes Broadside),No,No Controls,2,1,Complains Of Pain,,41.82097,-71.40384
777952,2019-00035424,19-Apr-19,2:52:00 PM,Pedestrian,1,,,,1,Cranston St ,BRIDGHAM ST ,Joseph Lopes,227,19-Apr-19,"Two-Way , Not Divided",Dry,Daylight,Clear,Not a Collision Between Two Motor Vehicles in Transport,No,Traffic Control Signal,2,2,Non-Incapacitating,,41.81396,-71.42694
777751,2019-00034422,16-Apr-19,1:55:00 PM,Pedestrian,1,,,,1,45 East Drive,Middle Street ,James Lanier,211,16-Apr-19,"Two-Way , Not Divided",Dry,Daylight,Clear,Not a Collision Between Two Motor Vehicles in Transport,No,No Controls,2,1,Complains Of Pain,1,,
777758,2019-00034446,16-Apr-19,3:40:00 PM,Pedestrian,1,,,,1,COLLEGE ST ,COLLEGE ST ,Joseph Lopes,227,16-Apr-19,One-Way Trafficway,Dry,Daylight,Clear,Not a Collision Between Two Motor Vehicles in Transport,No,Traffic Control Signal,2,1,Non-Incapacitating,,41.82564,-71.40784
777599,2019-00033638,14-Apr-19,2:53:00 AM,Pedestrian,1,,,,1,Dike Street,PLAINFIELD ST ,Kristen Barth,247,14-Apr-19,"Two-Way , Not Divided",Dry,Dark - Lighted,Clear,Not a Collision Between Two Motor Vehicles in Transport,"Yes, M/V and Driver Left Scene",No Controls,1,1,Complains Of Pain,,41.816,-71.4439
777444,2019-00032963,12-Apr-19,1:52:00 PM,Pedestrian,2,,,,1,ELMWOOD AVE,PEACE ST ,Fernando Lopez,156,12-Apr-19,"Two-Way , Not Divided",Dry,Daylight,Clear,Not a Collision Between Two Motor Vehicles in Transport,"Yes, M/V and Driver Left Scene",No Controls,3,2,Complains Of Pain,,41.80645,-71.42496
777386,2019-00032690,11-Apr-19,5:43:00 PM,Bicycle,,1,,,1,South Court ,North Main Street ,James Lanier,211,11-Apr-19,"Two-Way, Divided, Positive Median Barrier",Dry,Daylight,Clear,Not a Collision Between Two Motor Vehicles in Transport,No,No Controls,2,1,Non-Incapacitating,1,,
777142,2019-00031718,08-Apr-19,1:21:00 PM,Pedestrian,1,,,,1,309 Broadway,VINTON ST ,Luis Fernandez,531,08-Apr-19,"Two-Way , Not Divided",Wet,Daylight,Cloudy,Not a Collision Between Two Motor Vehicles in Transport,No,No Controls,2,1,Complains Of Pain,,41.8201,-71.42808
777051,2019-00031478,07-Apr-19,6:11:00 PM,Bicycle,,1,X,,1,WILLIAMS ST,GOVERNOR ST ,Miguel Castillo,489,07-Apr-19,"Two-Way , Not Divided",Dry,Daylight,Clear,Angle (Front - to - Side) Right Angle (Includes Broadside),No,Stop Signs,2,0,No Injury,,41.82284,-71.39405
776949,2019-00031032,06-Apr-19,3:17:00 PM,Bicycle,,1,,,1,RANDALL ST,N MAIN ST ,Vincent Pazzetta,641,06-Apr-19,"Two-Way , Not Divided",Dry,Daylight,Clear,Not a Collision Between Two Motor Vehicles in Transport,No,No Controls,2,0,No Injury,,41.83806,-71.40982
776852,2019-00030782,05-Apr-19,5:19:00 PM,Pedestrian,1,,,,1,ATWELLS AVE,MANTON AVE ,Graig Sion,254,05-Apr-19,"Two-Way, Divided, Unprotected (painted>4feet) Medium",Dry,Daylight,Clear,Other,No,No Controls,2,0,No Injury,,41.82537,-71.4546
776735,2019-00030410,04-Apr-19,3:30:00 PM,Pedestrian,1,,,,1,391 Charles St,SILVER SPRING ST ,Joseph Lopes,227,04-Apr-19,"Two-Way , Not Divided",Dry,Daylight,Clear,Not a Collision Between Two Motor Vehicles in Transport,No,No Controls,3,1,Complains Of Pain,,41.84472,-71.41868
776738,2019-00030402,04-Apr-19,3:05:00 PM,Bicycle,,1,,,1,LLOYD AVE,BROWN ST ,Vincent Pazzetta,641,04-Apr-19,"Two-Way , Not Divided",Dry,Daylight,Clear,Not a Collision Between Two Motor Vehicles in Transport,No,Stop Signs,3,1,Complains Of Pain,,41.83139,-71.40382
776129,2019-00028220,28-Mar-19,10:02:00 PM,Pedestrian,1,,,,1,CALDER ST,GREENWICH ST ,Cory Vingi,237,28-Mar-19,"Two-Way , Not Divided",Dry,Dark - Lighted,Clear,Not a Collision Between Two Motor Vehicles in Transport,"Yes, M/V and Driver Left Scene",Stop Signs,2,1,Complains Of Pain,,41.80225,-71.42992
775909,2019-00027542,26-Mar-19,8:49:00 PM,Bicycle,,1,,,1,RESERVOIR AVE,CRESCENT ST ,Donald Castigliego,287,26-Mar-19,"Two-Way , Not Divided",Dry,Dark - Lighted,Clear,Not a Collision Between Two Motor Vehicles in Transport,"Yes, M/V and Driver Left Scene",No Controls,2,0,No Injury,,41.79139,-71.42829
775292,2019-00025447,20-Mar-19,5:18:00 PM,Bicycle,,,,,2,GEORGE ST,GOVERNOR ST ,Donald Castigliego,287,20-Mar-19,"Two-Way , Not Divided",Dry,Daylight,Clear,Not a Collision Between Two Motor Vehicles in Transport,No,Stop Signs,2,0,No Injury,,41.82586,-71.39386
772880,2019-00023769,15-Mar-19,4:03:00 PM,Pedestrian,1,,,,1,FEDERAL STREET,WEEDEN ST ,Donald Castigliego,287,15-Mar-19,"Two-Way , Not Divided",Dry,Daylight,Clear,Not a Collision Between Two Motor Vehicles in Transport,No,No Controls,3,1,Complains Of Pain,,41.82238,-71.4245
772907,2019-00023842,15-Mar-19,7:07:00 PM,Pedestrian,1,,,,1,POTTERS AVE,GORDON AVE ,Donald Castigliego,287,15-Mar-19,"Two-Way , Not Divided",Wet,Dark - Lighted,Rain,Not a Collision Between Two Motor Vehicles in Transport,"Yes, M/V and Driver Left Scene",Pavement Markings,2,1,Complains Of Pain,,41.80372,-71.41576
772918,2019-00023851,15-Mar-19,7:36:00 PM,Pedestrian,1,,,,1,Charles St,W River St,Shaun Marmas,216,15-Mar-19,"Two-Way, Divided, Unprotected (painted>4feet) Medium",Wet,Dark - Lighted,Clear,Not a Collision Between Two Motor Vehicles in Transport,No,No Controls,3,1,Non-Incapacitating,,41.83961,-71.41638
772696,2019-00023341,14-Mar-19,12:49:00 PM,Pedestrian,1,,,,1,COLLEGE ST,MEMORIAL BLVD ,Joseph Nezier,233,14-Mar-19,"Two-Way , Not Divided",Dry,Daylight,Clear,Not a Collision Between Two Motor Vehicles in Transport,No,Traffic Control Signal,3,1,Complains Of Pain,,41.8253,-71.40887
772784,2019-00023516,14-Mar-19,8:49:00 PM,Bicycle,,1,,,1,BROAD ST,CAHIR ST ,Donald Castigliego,287,14-Mar-19,"Two-Way , Not Divided",Wet,Dark - Lighted,"Fog, Smog, Smoke",Not a Collision Between Two Motor Vehicles in Transport,No,Traffic Control Signal,4,0,No Injury,,41.81692,-71.41795
772629,2019-00023023,13-Mar-19,1:08:00 PM,Pedestrian,1,,,,1,164 SUUMMIT ST,,Fernando Lopez,156,13-Mar-19,Unknown,Dry,Daylight,Clear,Not a Collision Between Two Motor Vehicles in Transport,No,No Controls,2,1,Complains Of Pain,,,
772576,2019-00022777,12-Mar-19,5:17:00 PM,Pedestrian,1,,,,1,797 WESTMINSTER ST,CRANSTON ST ,Joseph Lopes,227,12-Mar-19,"Two-Way, Divided, Positive Median Barrier",Dry,Daylight,Clear,Not a Collision Between Two Motor Vehicles in Transport,No,No Controls,3,1,Non-Incapacitating,,41.81786,-71.42095
772585,2019-00022786,12-Mar-19,5:57:00 PM,Pedestrian,1,,,,1,W RIVER ST,CORLISS ST ,Erik Breault,226,12-Mar-19,"Two-Way, Divided, Unprotected (painted>4feet) Medium",Dry,Daylight,Clear,Not a Collision Between Two Motor Vehicles in Transport,"Yes, M/V and Driver Left Scene",No Controls,1,1,Complains Of Pain,,41.84404,-71.41346
772464,2019-00022525,11-Mar-19,9:14:00 PM,Pedestrian,1,,,,1,UPTON AVE,BLACKSTONE BLVD ,Joseph Lopes,227,11-Mar-19,"Two-Way, Divided, Positive Median Barrier",Dry,Dark - Lighted,Clear,Not a Collision Between Two Motor Vehicles in Transport,No,No Controls,4,0,No Injury,,41.83957,-71.38577
772185,2019-00021655,09-Mar-19,7:09:00 AM,Bicycle,,1,,,1,Cromwell Street,Elmwood Avenue,James Lanier,211,09-Mar-19,"Two-Way, Divided, Unprotected (painted>4feet) Medium",Dry,Daylight,Clear,Not a Collision Between Two Motor Vehicles in Transport,No,Stop Signs,3,1,Complains Of Pain,1,41.80878,-71.42463
772058,2019-00021274,08-Mar-19,6:36:00 AM,Pedestrian,1,,,,1,HARTFORD AVE,BODELL AVE ,Fernando Lopez,156,08-Mar-19,"Two-Way , Not Divided",Dry,Daylight,Clear,Not a Collision Between Two Motor Vehicles in Transport,No,Traffic Control Signal,2,2,Non-Incapacitating,,41.81768,-71.45395
772113,2019-00021393,08-Mar-19,2:20:00 PM,Bicycle,,1,,,1,244 MASSACHUSETTS AVE,VIRGINIA AVE ,Jose Deschamps,419,08-Mar-19,"Two-Way , Not Divided",Wet,Daylight,Clear,Other,No,No Controls,3,1,Complains Of Pain,,41.78689,-71.39909
771688,2019-00019861,03-Mar-19,8:44:00 PM,Pedestrian,1,,,,1,408 DOUGLAS AVENUE,,Donald Castigliego,287,03-Mar-19,"Two-Way , Not Divided",Wet,Dark - Lighted,Snow,Not a Collision Between Two Motor Vehicles in Transport,"Yes, M/V and Driver Left Scene",No Controls,1,1,Complains Of Pain,,41.84092,-71.42726
769622,2019-00019382,02-Mar-19,8:10:00 AM,Pedestrian,1,,,,1,Dean St,Broadway,James Annis,454,02-Mar-19,"Two-Way , Not Divided",Snow,Daylight,Snow,Not a Collision Between Two Motor Vehicles in Transport,No,Traffic Control Signal,2,1,Complains Of Pain,2,,
769490,2019-00019007,01-Mar-19,8:06:00 AM,Pedestrian,1,,,,1,Chester St,Broad St,James Annis,454,01-Mar-19,"Two-Way , Not Divided",Dry,Daylight,Clear,Not a Collision Between Two Motor Vehicles in Transport,No,Stop Signs,2,1,Complains Of Pain,2,,
769215,2019-00018153,26-Feb-19,10:46:00 AM,Pedestrian,1,,,,1,Meeting St ,Thayer St,James Annis,454,26-Feb-19,"Two-Way , Not Divided",Dry,Daylight,Clear,Not a Collision Between Two Motor Vehicles in Transport,No,No Controls,3,1,Complains Of Pain,2,,
769159,2019-00017993,25-Feb-19,6:24:00 PM,Pedestrian,1,,,,1,CHARLES ST,195 NORTH ON RAMP,Donald Castigliego,287,25-Feb-19,One-Way Trafficway,Dry,Dark - Not Lighted,Clear,Not a Collision Between Two Motor Vehicles in Transport,No,No Controls,2,1,Complains Of Pain,,41.83696,-71.41315
768979,2019-00017481,24-Feb-19,2:57:00 AM,Pedestrian,1,,,,1,WEYBOSSET ST,RICHMOND ST ,Alberto DaCruz,205,24-Feb-19,One-Way Trafficway,Dry,Dark - Lighted,Cloudy,Not a Collision Between Two Motor Vehicles in Transport,"Yes, M/V and Driver Left Scene",Traffic Control Signal,3,1,Complains Of Pain,,41.82112,-71.41289
769007,2019-00017535,24-Feb-19,12:18:00 PM,Pedestrian,1,,,,1,GREENWICH ST,PUBLIC ST ,Michael Maycock,281,24-Feb-19,"Two-Way , Not Divided",Wet,Daylight,Rain,Not a Collision Between Two Motor Vehicles in Transport,No,Traffic Control Signal,2,1,Complains Of Pain,,41.80237,-71.42589
769037,2019-00017607,24-Feb-19,5:51:00 PM,Pedestrian,1,,,,1,STEEPLE ST,MEMORIAL BLVD ,Donald Castigliego,287,24-Feb-19,"Two-Way, Divided, Positive Median Barrier",Wet,Dark - Lighted,Cloudy,Not a Collision Between Two Motor Vehicles in Transport,No,Traffic Control Signal,2,1,Complains Of Pain,,41.82674,-71.41068
768791,2019-00016764,22-Feb-19,9:17:00 AM,Pedestrian,1,,,,1,WICKENDEN ST,TRAVERSE ST ,Fernando Lopez,156,22-Feb-19,"Two-Way , Not Divided",Dry,Daylight,Clear,Not a Collision Between Two Motor Vehicles in Transport,No,Pavement Markings,3,1,Complains Of Pain,,41.81931,-71.39968