CrashReportId,ReportNumber,CrashDate,CrashTime,Collision Type,CountPedestrian,CountBicycle,Scooter,Wheel Chair,NumberofVehicles,StreetOrHighway,NearestIntersection,Officer,Badge,ReportDate,TypeOfRoadway,RoadSurfaceCondition,LightCondition,WeatherCondition,MannerofImpact,HitAndRun,TrafficControl,PersonCount,InjuryCount,MostSeriousInjury,NumberOfLanes,Latitude,Longitude
768804,2019-00016829,22-Feb-19,1:20:00 PM,Pedestrian,1,,,,1,WASHINGTON ST,EDDY ST ,Fernando Lopez,156,22-Feb-19,"Two-Way , Not Divided",Dry,Daylight,Clear,Not a Collision Between Two Motor Vehicles in Transport,No,Pavement Markings,3,1,Complains Of Pain,,41.82402,-71.41339
768844,2019-00016942,22-Feb-19,6:11:00 PM,Pedestrian,1,,,,1,PARK ROW E,CANAL ST ,Ralph Abenante,511,22-Feb-19,"Two-Way, Divided, Unprotected (painted>4feet) Medium",Dry,Dark - Lighted,Clear,Other,No,Stop Signs,2,0,No Injury,,41.82846,-71.41071
768695,2019-00016498,21-Feb-19,12:00:00 PM,Pedestrian,1,,,,1,Newark Street ,Valley Street,James Lanier,211,21-Feb-19,"Two-Way, Divided, Unprotected (painted>4feet) Medium",Dry,Daylight,Clear,Not a Collision Between Two Motor Vehicles in Transport,No,Pavement Markings,2,1,Complains Of Pain,1,41.82521,-71.43931
768549,2019-00016173,20-Feb-19,8:57:00 AM,Bicycle,,1,,,1,Memorial blvd,Collage St,James Annis,454,20-Feb-19,"Two-Way , Not Divided",Dry,Daylight,Clear,Not a Collision Between Two Motor Vehicles in Transport,No,No Controls,4,1,Complains Of Pain,4,,
768060,2019-00014950,16-Feb-19,9:44:00 AM,Pedestrian,1,,,,1,BROAD ST,PORTLAND ST ,Fernando Lopez,156,16-Feb-19,"Two-Way , Not Divided",Dry,Daylight,Clear,Not a Collision Between Two Motor Vehicles in Transport,No,No Controls,2,1,Complains Of Pain,,41.81425,-71.42124
768115,2019-00015061,16-Feb-19,4:35:00 PM,Bicycle,,1,,,1,105 Harris Ave,ACORN ST ,Joseph Lopes,227,16-Feb-19,"Two-Way , Not Divided",Dry,Daylight,Clear,Not a Collision Between Two Motor Vehicles in Transport,No,No Controls,3,1,Incapacitating,,41.82607,-71.42889
768043,2019-00014791,15-Feb-19,10:35:00 PM,Pedestrian,1,,,,1,Gentian Ave,TEXAS AVE ,Kristen Barth,247,15-Feb-19,"Two-Way , Not Divided",Wet,Dark - Lighted,Clear,Not a Collision Between Two Motor Vehicles in Transport,No,No Controls,4,1,Complains Of Pain,,41.85035,-71.44978
767835,2019-00014211,14-Feb-19,7:31:00 AM,Pedestrian,1,,,,1,Branch Ave,Woodward Ave,James Annis,454,14-Feb-19,"Two-Way , Not Divided",Dry,Daylight,Clear,Not a Collision Between Two Motor Vehicles in Transport,"Yes, M/V and Driver Left Scene",No Controls,3,1,Complains Of Pain,2,,
767260,2019-00012440,08-Feb-19,3:27:00 PM,Pedestrian,1,,,,1,POCASSET AVE,WHAT CHEER AVE ,Vincent Lopez,219,08-Feb-19,Unknown,Wet,Daylight,Clear,Not a Collision Between Two Motor Vehicles in Transport,No,No Controls,2,0,No Injury,,41.80666,-71.45694
767021,2019-00011938,07-Feb-19,1:22:00 AM,Bicycle,,1,,,1,BOND ST,ATWELLS AVE ,Kristen Barth,247,07-Feb-19,"Two-Way , Not Divided",Wet,Dark - Lighted,Rain,Not a Collision Between Two Motor Vehicles in Transport,"Yes, M/V and Driver Left Scene",No Controls,2,1,Complains Of Pain,,41.82333,-71.42313
767117,2019-00012165,07-Feb-19,6:30:00 PM,Bicycle,,1,,,1,1910 WESTMINSTER ST,,MICHAEL R. TROIA / TRAFFIC BUREAU,331,07-Feb-19,"Two-Way , Not Divided",Wet,Dark - Not Lighted,Clear,Not a Collision Between Two Motor Vehicles in Transport,"Yes, M/V and Driver Left Scene",No Controls,1,1,Complains Of Pain,,41.81666,-71.44223
767123,2019-00012142,07-Feb-19,5:22:00 PM,Pedestrian,1,,,,1,DYER AVE,PRUDENCE AVE ,Vincent Lopez,219,07-Feb-19,"Two-Way , Not Divided",Wet,Dark - Lighted,Rain,Not a Collision Between Two Motor Vehicles in Transport,No,No Controls,3,1,Complains Of Pain,,41.80548,-71.45777
766933,2019-00011695,06-Feb-19,12:03:00 PM,Bicycle,,1,,,1,George St,Hope St,James Annis,454,06-Feb-19,"Two-Way , Not Divided",Dry,Daylight,Clear,Not a Collision Between Two Motor Vehicles in Transport,No,Stop Signs,2,1,Complains Of Pain,2,,
766983,2019-00011864,06-Feb-19,8:00:00 PM,Pedestrian,1,,,,1,Thayer St ,MANNING WALK ,Joseph Lopes,227,06-Feb-19,One-Way Trafficway,Wet,Dark - Lighted,Rain,Not a Collision Between Two Motor Vehicles in Transport,No,Other,5,1,Non-Incapacitating,,41.82636,-71.40045
767003,2019-00011880,06-Feb-19,9:03:00 PM,Pedestrian,1,,,,1,MEMORIAL BLVD,STEEPLE ST ,Cory Vingi,237,06-Feb-19,"Two-Way, Divided, Unprotected (painted>4feet) Medium",Wet,Dark - Lighted,Rain,Not a Collision Between Two Motor Vehicles in Transport,No,Traffic Control Signal,3,0,No Injury,,41.82678,-71.41066
766812,2019-00011312,05-Feb-19,8:24:00 AM,Pedestrian,1,,,,1,BRIDGHAM ST,CRANSTON ST,Luis Fernandez,531,05-Feb-19,"Two-Way, Divided, Unprotected (painted>4feet) Medium",Wet,Daylight,Clear,Not a Collision Between Two Motor Vehicles in Transport,No,Traffic Control Signal,7,1,Non-Incapacitating,,41.81396,-71.42694
766690,2019-00011010,04-Feb-19,12:08:00 PM,Pedestrian,1,,,,1,S MAIN ST,COLLEGE ST ,Fernando Lopez,156,04-Feb-19,"Two-Way , Not Divided",Dry,Daylight,Clear,Not a Collision Between Two Motor Vehicles in Transport,No,No Controls,5,1,Complains Of Pain,,41.82574,-71.40793
766752,2019-00011141,04-Feb-19,5:43:00 PM,Pedestrian,1,,,,1,FRANCIS ST,FOUNTAIN ST ,Joseph Lopes,227,04-Feb-19,"Two-Way , Not Divided",Dry,Dark - Lighted,Clear,Not a Collision Between Two Motor Vehicles in Transport,No,Traffic Control Signal,2,1,Complains Of Pain,,41.82489,-71.4145
766608,2019-00010814,03-Feb-19,5:33:00 PM,Pedestrian,1,,,,1,BELLEVUE AVE,BUCKLIN ST ,Joseph Lopes,227,03-Feb-19,"Two-Way , Not Divided",Dry,Dark - Not Lighted,Clear,Not a Collision Between Two Motor Vehicles in Transport,"Yes, M/V and Driver Left Scene",No Controls,4,1,Complains Of Pain,,41.8072,-71.42712
766531,2019-00010477,02-Feb-19,5:22:00 PM,Pedestrian,2,,,,1,NARRAGANSETT BLVD,OHIO AVENUE ,Donald Castigliego,287,02-Feb-19,"Two-Way , Not Divided",Sand,Dark - Not Lighted,Clear,Not a Collision Between Two Motor Vehicles in Transport,No,No Controls,5,2,Complains Of Pain,,41.79008,-71.39635
766269,2019-00009572,30-Jan-19,7:26:00 PM,Pedestrian,1,,,,1,ELMWOOD AVE ,PARKIS AVE ,Joseph Lopes,227,30-Jan-19,"Two-Way , Not Divided",Wet,Dark - Lighted,Snow,Not a Collision Between Two Motor Vehicles in Transport,"Yes, M/V and Driver Left Scene",No Controls,2,1,Non-Incapacitating,,41.80883,-71.42462
765854,2019-00008093,26-Jan-19,3:28:00 PM,Pedestrian,1,,,,1,SPICER ST,BERNARD ST ,Kenneth Demarco,176,26-Jan-19,"Two-Way , Not Divided",Dry,Daylight,Clear,Not a Collision Between Two Motor Vehicles in Transport,No,No Controls,3,1,Complains Of Pain,,41.79105,-71.40639
765576,2019-00007213,24-Jan-19,7:23:00 AM,Pedestrian,1,,,,1,ADMIRAL ST,HUXLEY AVE,Joseph Madeira,552,24-Jan-19,"Two-Way , Not Divided",Wet,Daylight,Rain,Other,No,No Controls,2,1,Complains Of Pain,2,41.83463,-71.41633
765594,2019-00007300,24-Jan-19,12:10:00 PM,Bicycle,,1,,,1,WEYBOSSET ST,UNION ST ,Thomas Rose,465,24-Jan-19,"Two-Way , Not Divided",Wet,Daylight,Rain,"Sideswipe, Same Direction",No,No Controls,3,1,Non-Incapacitating,,41.82237,-71.41167
765601,2019-00007293,24-Jan-19,12:11:00 PM,Pedestrian,1,,,,1,633 N Main St,N MAIN ST ,James Annis,454,24-Jan-19,"Two-Way , Not Divided",Wet,Daylight,Rain,Not a Collision Between Two Motor Vehicles in Transport,No,Pavement Markings,4,1,Incapacitating,2,41.83662,-71.4096
765641,2019-00007413,24-Jan-19,5:06:00 PM,Pedestrian,1,,,,1,DUDLEY ST,GAY ST ,Donald Castigliego,287,24-Jan-19,"Two-Way , Not Divided",Wet,Dark - Lighted,Rain,Not a Collision Between Two Motor Vehicles in Transport,No,Stop Signs,2,1,Complains Of Pain,,41.81003,-71.4129
765665,2019-00007421,24-Jan-19,5:06:00 PM,Pedestrian,1,,,,1,BLACKSTONE ST,EDDY ST ,Cory Vingi,237,24-Jan-19,"Two-Way , Not Divided",Wet,Dark - Lighted,Rain,Not a Collision Between Two Motor Vehicles in Transport,No,Pavement Markings,2,1,Complains Of Pain,,41.81013,-71.40722
765504,2019-00007046,23-Jan-19,6:18:00 PM,Pedestrian,1,,,,1,DOYLE AVE,HOPE ST ,Joseph Lopes,227,23-Jan-19,"Two-Way , Not Divided",Wet,Dark - Not Lighted,Clear,Not a Collision Between Two Motor Vehicles in Transport,No,Traffic Control Signal,5,1,Non-Incapacitating,,41.83877,-71.4001
765445,2019-00006620,22-Jan-19,11:26:00 AM,Pedestrian,1,,,,1,Bridgham Street ,Westminster Street,James Lanier,211,23-Jan-19,"Two-Way, Divided, Unprotected (painted>4feet) Medium",Dry,Daylight,Clear,Not a Collision Between Two Motor Vehicles in Transport,No,No Controls,3,1,Complains Of Pain,1,41.81692,-71.42841
765113,2019-00006099,20-Jan-19,4:06:00 PM,Bicycle,,,,,2,WESTMINSTER ST,SERVICE ROAD 8 ,Nicholas Manfredi,343,20-Jan-19,"Two-Way , Not Divided",Ice/Frost,Daylight,Rain,Rear End(Front-to-Rear),No,No Controls,4,0,No Injury,,41.81919,-71.41791
764853,2019-00005140,17-Jan-19,3:51:00 PM,Pedestrian,1,,,,1,WESTMINSTER ST,STOKES ST ,David Preston,251,17-Jan-19,"Two-Way , Not Divided",Dry,Daylight,Clear,Other,No,Traffic Control Signal,2,1,Complains Of Pain,,41.81673,-71.44285
764719,2019-00004755,16-Jan-19,10:05:00 AM,Pedestrian,1,,,,1,Potters Ave,PRAIRIE AVE ,Edwardo Curi,294,16-Jan-19,"Two-Way , Not Divided",Dry,Daylight,Clear,Not a Collision Between Two Motor Vehicles in Transport,No,Stop Signs,3,1,Complains Of Pain,,41.80407,-71.4143
764593,2019-00004405,15-Jan-19,8:51:00 PM,Pedestrian,1,,,,1,MANTON AVE,HERSCHEL ST ,Patrolman Kennedy,203,15-Jan-19,"Two-Way , Not Divided",Dry,Daylight,Clear,Not a Collision Between Two Motor Vehicles in Transport,No,No Controls,4,1,Complains Of Pain,,41.83331,-71.46961
764529,2019-00004229,14-Jan-19,5:28:00 PM,Pedestrian,1,,,,1,Douglas Ave,RIVER AVE ,Michael Camardo,357,14-Jan-19,"Two-Way, Divided, Unprotected (painted>4feet) Medium",Dry,Dark - Lighted,Clear,Not a Collision Between Two Motor Vehicles in Transport,No,No Controls,4,1,Complains Of Pain,,41.8527,-71.43707
764570,2019-00004133,14-Jan-19,12:20:00 PM,Bicycle,,1,,,1,Elmwood Avenue ,Cadillac Drive ,James Lanier,211,15-Jan-19,"Two-Way, Divided, Positive Median Barrier",Dry,Daylight,Clear,Not a Collision Between Two Motor Vehicles in Transport,No,Stop Signs,2,1,Non-Incapacitating,2,41.78916,-71.42126
763265,2019-00003158,11-Jan-19,8:40:00 AM,Pedestrian,1,,,,1,Washington Street,Eddy Street,James Lanier,211,11-Jan-19,"Two-Way, Divided, Unprotected (painted>4feet) Medium",Dry,Daylight,Clear,Not a Collision Between Two Motor Vehicles in Transport,No,Pavement Markings,3,1,Non-Incapacitating,1,41.82401,-71.4134
763129,2019-00002688,09-Jan-19,6:17:00 PM,Bicycle,,1,,,1,BROAD ST,ELMWOOD AVE ,Nicholas Manfredi,343,09-Jan-19,"Two-Way , Not Divided",Dry,Dark - Lighted,Clear,Not a Collision Between Two Motor Vehicles in Transport,No,Traffic Control Signal,2,1,Non-Incapacitating,,41.8129,-71.42199
762583,2019-00000842,03-Jan-19,5:22:00 PM,Pedestrian,1,,,,1,Broadway,DEAN ST ,Jennifer Fonseca,402,03-Jan-19,"Two-Way, Divided, Unprotected (painted>4feet) Medium",Dry,Dark - Lighted,Clear,Not a Collision Between Two Motor Vehicles in Transport,No,Traffic Control Signal,3,1,Complains Of Pain,,41.8214,-71.42253
763004,2019-00000836,03-Jan-19,4:15:00 PM,Pedestrian,1,,,,1,Westfield Street,Harrison Street,James Lanier,211,08-Jan-19,"Two-Way, Divided, Unprotected (painted>4feet) Medium",Dry,Daylight,Clear,Not a Collision Between Two Motor Vehicles in Transport,"Yes, M/V and Driver Left Scene",No Controls,1,1,Complains Of Pain,1,41.8103,-71.42739
762524,2019-00000353,02-Jan-19,6:31:00 AM,Pedestrian,1,,,,1,BLACKSTONE ST,EDDY ST ,Kyle Endres,220,03-Jan-19,"Two-Way , Not Divided",Dry,Dark - Lighted,Clear,Not a Collision Between Two Motor Vehicles in Transport,No,No Controls,3,0,No Injury,,41.81013,-71.40723
762772,2018-00135195,31-Dec-18,9:15:00 PM,Bicycle,,,,,2,SEABURY ST,POTTERS AVE ,Luis Pelaez,336,05-Jan-19,"Two-Way , Not Divided",Wet,Dark - Lighted,Rain,Not a Collision Between Two Motor Vehicles in Transport,"Yes, M/V and Driver Left Scene",No Controls,2,0,No Injury,2,41.80319,-71.43257
762064,2018-00134244,28-Dec-18,4:20:00 PM,Pedestrian,1,,,,1,DEXTER ST,CRANSTON ST ,MICHAEL R. TROIA / TRAFFIC BUREAU,331,28-Dec-18,"Two-Way , Not Divided",Wet,Dark - Lighted,Rain,Not a Collision Between Two Motor Vehicles in Transport,No,No Controls,3,1,Complains Of Pain,2,41.81254,-71.42956
762081,2018-00134297,28-Dec-18,7:05:00 PM,Pedestrian,1,,,,1,Chalkstone Ave,Tiffany St.,Harrison Northup,232,28-Dec-18,"Two-Way , Not Divided",Wet,Dark - Lighted,Rain,Not a Collision Between Two Motor Vehicles in Transport,No,No Controls,2,1,Complains Of Pain,,41.83226,-71.44101
762094,2018-00134298,28-Dec-18,7:09:00 PM,Pedestrian,1,,,,1,Plainfield Street,WEBSTER AVE ,James Lanier,211,28-Dec-18,"Two-Way, Divided, Positive Median Barrier",Wet,Dark - Lighted,Rain,Not a Collision Between Two Motor Vehicles in Transport,No,Traffic Control Signal,8,1,Non-Incapacitating,1,41.81366,-71.45067
762031,2018-00133928,27-Dec-18,2:03:00 PM,Pedestrian,3,,,,1,AMERICAN EXPRESS PLZ,EXCHANGE ST ,Christopher Benoit,206,28-Dec-18,"Two-Way , Not Divided",Ice/Frost,Daylight,Clear,Not a Collision Between Two Motor Vehicles in Transport,No,Stop Signs,7,3,Complains Of Pain,,41.82833,-71.4132
761879,2018-00133625,26-Dec-18,2:09:00 PM,Pedestrian,1,,,,1,DORRANCE ST.,FOUNTAIN ST,Joseph Madeira,552,26-Dec-18,"Two-Way , Not Divided",Dry,Daylight,Clear,Other,"Yes, M/V and Driver Left Scene",Traffic Control Signal,3,1,Non-Incapacitating,,41.8349,-71.41676
761785,2018-00133206,24-Dec-18,5:41:00 PM,Pedestrian,1,,,,1,BRANCH AVE,MOY ST ,Jeremy Doucette,482,24-Dec-18,"Two-Way , Not Divided",Wet,Dark - Lighted,Cloudy,Not a Collision Between Two Motor Vehicles in Transport,"Yes, M/V and Driver Left Scene",No Controls,1,1,Incapacitating,,41.85492,-71.43664
761670,2018-00132840,23-Dec-18,7:30:00 AM,Pedestrian,1,,,,1,160 Broad St,SERVICE ROAD 7 ,Peter Salmons,207,23-Dec-18,One-Way Trafficway,Dry,Daylight,Clear,Not a Collision Between Two Motor Vehicles in Transport,No,Traffic Control Signal,2,1,Non-Incapacitating,,41.81736,-71.41696
761691,2018-00132925,23-Dec-18,4:25:00 PM,Pedestrian,1,,,,1,cutler st,BARSTOW ST ,Graig Sion,254,23-Dec-18,"Two-Way, Divided, Unprotected (painted>4feet) Medium",Dry,Daylight,Clear,Not a Collision Between Two Motor Vehicles in Transport,"Yes, M/V and Driver Left Scene",No Controls,1,1,Complains Of Pain,,41.82434,-71.44161
761378,2018-00131761,20-Dec-18,8:51:00 AM,Bicycle,,1,,,1,BERKLEY ST,RIVER AVE ,John Bento,329,20-Dec-18,"Two-Way, Divided, Unprotected (painted>4feet) Medium",Dry,Daylight,Clear,Not a Collision Between Two Motor Vehicles in Transport,"Yes, M/V and Driver Left Scene",Stop Signs,1,1,Complains Of Pain,,41.83153,-71.43778
761448,2018-00131988,20-Dec-18,10:35:00 PM,Pedestrian,1,,,,1,DOUGLAS AVE,DOUGLAS AVE ,Cory Vingi,237,20-Dec-18,"Two-Way , Not Divided",Wet,Dark - Lighted,Cloudy,Not a Collision Between Two Motor Vehicles in Transport,No,No Controls,3,1,Incapacitating,,41.84775,-71.43098
761317,2018-00131522,19-Dec-18,2:47:00 PM,Pedestrian,1,,,,1,Dudley St ,CULVER ST ,Joseph Lopes,227,19-Dec-18,"Two-Way , Not Divided",Dry,Daylight,Clear,Not a Collision Between Two Motor Vehicles in Transport,"Yes, M/V and Driver Left Scene",No Controls,4,1,Non-Incapacitating,,41.81057,-71.40878
761140,2018-00130959,17-Dec-18,8:22:00 PM,Pedestrian,1,,,,1, chalkstone ave,ROSEBANK AVE ,Thomas Savard,335,17-Dec-18,"Two-Way , Not Divided",Dry,Dark - Lighted,Clear,Other,"Yes, M/V and Driver Left Scene",No Controls,1,1,Complains Of Pain,,41.83397,-71.43451
761144,2018-00130967,17-Dec-18,8:46:00 PM,Pedestrian,1,,,,1,Hartford Ave,HARTFORD AVE ,Mitchell Guerra,217,17-Dec-18,"Two-Way , Not Divided",Dry,Dark - Lighted,Clear,Not a Collision Between Two Motor Vehicles in Transport,No,No Controls,2,1,Non-Incapacitating,,41.81843,-71.45779
760881,2018-00129964,14-Dec-18,6:45:00 PM,Pedestrian,1,,,,1,442 MANTON AVE,SISSON ST ,Kirsten Doldoorian,221,14-Dec-18,"Two-Way , Not Divided",Dry,Dark - Lighted,Clear,Not a Collision Between Two Motor Vehicles in Transport,No,Traffic Control Signal,3,1,Complains Of Pain,,41.82546,-71.45529
760719,2018-00129454,13-Dec-18,12:05:00 PM,Pedestrian,1,,,,1,CRANSTON ST,ALTHEA ST ,Jose Deschamps,419,13-Dec-18,"Two-Way , Not Divided",Dry,Daylight,Clear,Not a Collision Between Two Motor Vehicles in Transport,No,No Controls,7,1,Complains Of Pain,,41.80773,-71.43508
760504,2018-00128665,11-Dec-18,7:48:00 AM,Pedestrian,1,,,,1,PLEASANT VALLEY PKWY,RIVER AVE ,Fernando Lopez,156,11-Dec-18,One-Way Trafficway,Dry,Daylight,Clear,Not a Collision Between Two Motor Vehicles in Transport,No,Other,4,1,Complains Of Pain,,41.8355,-71.43917
760439,2018-00128397,10-Dec-18,12:00:00 PM,Pedestrian,1,,,,1,PLAINFIELD ST,PLAINFIELD ST ,Erick Fernandez,228,10-Dec-18,"Two-Way , Not Divided",Dry,Daylight,Clear,Not a Collision Between Two Motor Vehicles in Transport,"Yes, M/V and Driver Left Scene",No Controls,1,1,Complains Of Pain,,41.81414,-71.44737
760462,2018-00128527,10-Dec-18,7:01:00 PM,Pedestrian,1,,,,1,S WATER ST,S WATER ST ,Miguel Castillo,489,10-Dec-18,One-Way Trafficway,Dry,Dark - Lighted,Clear,Not a Collision Between Two Motor Vehicles in Transport,No,Other,2,1,Complains Of Pain,2,41.82276,-71.40639
760469,2018-00128456,10-Dec-18,3:30:00 PM,Pedestrian,1,,,,1,Chalkstone Avenue ,River Avenue ,James Lanier,211,10-Dec-18,"Two-Way, Divided, Unprotected (painted>4feet) Medium",Dry,Daylight,Clear,Not a Collision Between Two Motor Vehicles in Transport,No,Traffic Control Signal,3,1,Complains Of Pain,1,41.83258,-71.43854
760349,2018-00128265,09-Dec-18,9:40:00 PM,Pedestrian,1,,,,1,Ruggles Street,Sparrow Street,James Lanier,211,09-Dec-18,"Two-Way , Not Divided",Dry,Dark - Lighted,Clear,Not a Collision Between Two Motor Vehicles in Transport,"Yes, M/V and Driver Left Scene",No Controls,2,1,Complains Of Pain,1,41.83818,-71.42825
760262,2018-00127971,08-Dec-18,9:48:00 PM,Pedestrian,1,,,,1,100 francis st ,AMERICAN EXPRESS PLZ ,Joseph Lopes,227,08-Dec-18,"Two-Way , Not Divided",Dry,Dark - Lighted,Clear,Not a Collision Between Two Motor Vehicles in Transport,No,No Controls,3,0,No Injury,,41.8279,-71.41534
760271,2018-00127981,08-Dec-18,10:44:00 PM,Pedestrian,1,,,,1,BROADWAY,VINTON ST ,Cory Vingi,237,09-Dec-18,"Two-Way , Not Divided",Dry,Dark - Lighted,Clear,Not a Collision Between Two Motor Vehicles in Transport,No,No Controls,3,1,Non-Incapacitating,,41.82007,-71.42819
760104,2018-00127456,07-Dec-18,1:18:00 PM,Pedestrian,1,,,,1,ANGELL ST,GANO ST ,George Pereira,421,07-Dec-18,"Two-Way , Not Divided",Dry,Daylight,Clear,Not a Collision Between Two Motor Vehicles in Transport,No,Traffic Control Signal,3,1,Complains Of Pain,,41.82958,-71.39097
760129,2018-00127583,07-Dec-18,6:51:00 PM,Pedestrian,1,,,,1,Academy Ave,NEWARK ST ,Joseph Lopes,227,07-Dec-18,"Two-Way , Not Divided",Dry,Daylight,Clear,Not a Collision Between Two Motor Vehicles in Transport,No,No Controls,3,1,Complains Of Pain,,41.82544,-71.4434
759978,2018-00127018,06-Dec-18,12:36:00 AM,Bicycle,,1,,,1,Chalkstone Ave,SMITH ST ,Kristen Barth,247,06-Dec-18,"Two-Way , Not Divided",Dry,Dark - Lighted,Clear,Not a Collision Between Two Motor Vehicles in Transport,No,Traffic Control Signal,2,1,Complains Of Pain,,41.83519,-71.42569
758810,2018-00126623,04-Dec-18,6:25:00 PM,Pedestrian,1,,,,1,POTTERS AVE,ELMWOOD AVE ,Daniel Hernandez,255,04-Dec-18,"Two-Way , Not Divided",Dry,Dark - Lighted,Clear,Head-On (Front - to - Front),No,No Controls,2,1,Complains Of Pain,,41.80151,-71.42635
758688,2018-00126040,03-Dec-18,9:27:00 AM,Bicycle,,1,,,1,HOPE STREET,WILLIAMS STREET,Brian Corcoran,562,03-Dec-18,"Two-Way , Not Divided",Wet,Daylight,Clear,Other,No,No Controls,6,1,Complains Of Pain,2,41.82258,-71.39685
757388,2018-00124988,30-Nov-18,8:55:00 AM,Bicycle,,1,,,1,Broadway,RINGGOLD ST ,Kristen Barth,247,30-Nov-18,"Two-Way , Not Divided",Dry,Daylight,Clear,Not a Collision Between Two Motor Vehicles in Transport,No,No Controls,3,1,Complains Of Pain,,41.82121,-71.42335
757482,2018-00124817,29-Nov-18,5:21:00 PM,Pedestrian,1,,,,1,175 Douglas Ave,CANDACE ST ,Kyle Richards,209,30-Nov-18,Unknown,Dry,Dark - Lighted,Clear,Not a Collision Between Two Motor Vehicles in Transport,"Yes, M/V and Driver Left Scene",No Controls,1,1,Complains Of Pain,,41.83723,-71.42243
757291,2018-00124562,28-Nov-18,7:31:00 PM,Bicycle,,1,,,1,PUBLIC ST,BROAD ST ,Cory Vingi,237,28-Nov-18,"Two-Way , Not Divided",Dry,Dark - Lighted,Clear,Not a Collision Between Two Motor Vehicles in Transport,No,Traffic Control Signal,2,1,Complains Of Pain,,41.80442,-71.41935
757004,2018-00123707,26-Nov-18,10:44:00 AM,Pedestrian,1,,,,1,Broadway,Tobey Street,Michael Caraccia,624,26-Nov-18,"Two-Way , Not Divided",Wet,Daylight,Cloudy,Other,No,No Controls,3,1,Complains Of Pain,2,41.81853,-71.43479
757064,2018-00123883,26-Nov-18,6:13:00 PM,Pedestrian,1,,,,1,Olney Street ,Brown Street,James Lanier,211,26-Nov-18,"Two-Way , Not Divided",Wet,Dark - Not Lighted,Rain,Not a Collision Between Two Motor Vehicles in Transport,No,Pavement Markings,3,1,Non-Incapacitating,1,41.8356,-71.40546
757074,2018-00123892,26-Nov-18,7:03:00 PM,Pedestrian,1,,,,1,ANGELL ST,WAYLAND AVE ,Noel Field,260,26-Nov-18,One-Way Trafficway,Wet,Dark - Lighted,Rain,Not a Collision Between Two Motor Vehicles in Transport,No,Traffic Control Signal,6,1,Non-Incapacitating,2,41.83017,-71.38783
756954,2018-00123592,25-Nov-18,10:32:00 PM,Pedestrian,1,,,,1,SAN SOUCI DR,VALLEY ST ,Cory Vingi,237,25-Nov-18,Unknown,Dry,Dark - Lighted,Clear,Not a Collision Between Two Motor Vehicles in Transport,"Yes, M/V and Driver Left Scene",No Controls,1,1,Complains Of Pain,,41.81742,-71.44157
756883,2018-00123310,24-Nov-18,9:39:00 PM,Pedestrian,1,,,,1,DYER STREET,DORRANCE STREET,Jose Buten,322,24-Nov-18,"Two-Way, Divided, Unprotected (painted>4feet) Medium",Dry,Dark - Lighted,Clear,Not a Collision Between Two Motor Vehicles in Transport,No,No Controls,3,1,Complains Of Pain,,41.80338,-71.40157
756781,2018-00122824,23-Nov-18,8:19:00 AM,Pedestrian,1,,,,1,Broadway,KNIGHT ST ,John Bento,329,23-Nov-18,"Two-Way, Divided, Unprotected (painted>4feet) Medium",Dry,Daylight,Clear,Other,No,Traffic Control Signal,2,1,Complains Of Pain,,41.8198,-71.42936
756671,2018-00122192,21-Nov-18,8:34:00 AM,Pedestrian,1,,,,1,EXIT 22A (RT ),FRANCIS ST ,James Annis,454,21-Nov-18,"Two-Way , Not Divided",Dry,Daylight,Clear,Not a Collision Between Two Motor Vehicles in Transport,No,Traffic Control Signal,2,1,Complains Of Pain,2,41.82577,-71.41527
756562,2018-00121922,20-Nov-18,12:40:00 PM,Pedestrian,1,,,,1,N Main St,Frost St,James Annis,454,20-Nov-18,"Two-Way , Not Divided",Wet,Daylight,Rain,Not a Collision Between Two Motor Vehicles in Transport,No,Traffic Control Signal,4,1,Complains Of Pain,4,,
756203,2018-00120750,16-Nov-18,6:44:00 PM,Pedestrian,1,,,,1,N MAIN ST,STEEPLE ST,Jessica Salmeron,356,16-Nov-18,One-Way Trafficway,Wet,Dusk,Clear,Not a Collision Between Two Motor Vehicles in Transport,No,Traffic Control Signal,3,1,Complains Of Pain,,41.82749,-71.40906
756058,2018-00120252,15-Nov-18,12:16:00 PM,Pedestrian,1,,,,1,ELMA ST,PRAIRIE AVE ,Kyle Shea,215,16-Nov-18,One-Way Trafficway,Dry,Daylight,Clear,Not a Collision Between Two Motor Vehicles in Transport,No,No Controls,5,0,No Injury,,41.79695,-71.4129
755424,2018-00118275,09-Nov-18,11:53:00 AM,Pedestrian,1,,,,1,MEMORIAL BLVD,FRANCIS ST ,Kevin Costa,431,09-Nov-18,"Two-Way, Divided, Positive Median Barrier",Dry,Daylight,Clear,Other,"Yes, M/V and Driver Left Scene",Traffic Control Signal,1,1,Complains Of Pain,4,41.82589,-71.41538