CrashReportId,ReportNumber,CrashDate,CrashTime,Collision Type,CountPedestrian,CountBicycle,Scooter,Wheel Chair,NumberofVehicles,StreetOrHighway,NearestIntersection,Officer,Badge,ReportDate,TypeOfRoadway,RoadSurfaceCondition,LightCondition,WeatherCondition,MannerofImpact,HitAndRun,TrafficControl,PersonCount,InjuryCount,MostSeriousInjury,NumberOfLanes,Latitude,Longitude
747543,2018-00096412,12-Sep-18,11:40:00 AM,Pedestrian,1,,,,1,EMPIRE ST,BROADWAY ,John Bento,329,12-Sep-18,"Two-Way, Divided, Unprotected (painted>4feet) Medium",Wet,Daylight,Rain,Not a Collision Between Two Motor Vehicles in Transport,"Yes, M/V and Driver Left Scene",Traffic Control Signal,2,1,Complains Of Pain,,41.82261,-71.41748
747466,2018-00096034,11-Sep-18,12:04:00 PM,Pedestrian,1,,,,1,BRANCH AVE,COMMODORE ST ,Michael Moonan,286,11-Sep-18,"Two-Way , Not Divided",Dry,Daylight,Clear,Not a Collision Between Two Motor Vehicles in Transport,No,No Controls,6,1,Complains Of Pain,,41.84962,-71.41852
747644,2018-00095843,10-Sep-18,6:21:00 PM,Bicycle,,1,,,1,Smith Street,Holden Street,Jeremy Doucette,482,13-Sep-18,"Two-Way , Not Divided",Wet,Daylight,Rain,Not a Collision Between Two Motor Vehicles in Transport,"Yes, M/V and Driver Left Scene",Other,2,1,Complains Of Pain,,41.83225,-71.41816
747151,2018-00094454,07-Sep-18,8:42:00 AM,Bicycle,,1,,,1,EXIT 22A (RT ),FRANCIS ST ,KEN MATSUMOTO,348,07-Sep-18,One-Way Trafficway,Dry,Daylight,Clear,Not a Collision Between Two Motor Vehicles in Transport,"Yes, M/V and Driver Left Scene",Traffic Control Signal,1,1,Complains Of Pain,,41.82577,-71.41527
747542,2018-00094565,07-Sep-18,1:59:00 PM,Pedestrian,1,,,,1,POTTERS AVE,ELMWOOD AVE ,Eugene Craven,517,12-Sep-18,"Two-Way, Divided, Unprotected (painted>4feet) Medium",Wet,Daylight,Rain,Other,No,Traffic Control Signal,3,1,Complains Of Pain,,41.8015,-71.42632
747674,2018-00094446,07-Sep-18,8:12:00 AM,Bicycle,,1,,,1,445 Smith St,SMITH ST ,John Abatiello,692,07-Sep-18,"Two-Way, Divided, Unprotected (painted>4feet) Medium",Dry,Daylight,Clear,Not a Collision Between Two Motor Vehicles in Transport,No,Pavement Markings,3,1,Complains Of Pain,,41.83266,-71.4192
747110,2018-00094257,06-Sep-18,5:28:00 PM,Pedestrian,1,,,,1,442 Manton Ave,ATWELLS AVE ,Mitchell Guerra,217,06-Sep-18,"Two-Way , Not Divided",Wet,Daylight,Rain,Not a Collision Between Two Motor Vehicles in Transport,"Yes, M/V and Driver Left Scene",No Controls,1,1,Non-Incapacitating,,41.82537,-71.45466
746891,2018-00093274,04-Sep-18,6:40:00 AM,Pedestrian,1,,,,1,PLAINFIELD ST,RT 6 EAST RAMP,Ivan Tavarez,204,04-Sep-18,"Two-Way, Divided, Unprotected (painted>4feet) Medium",Dry,Daylight,Clear,Not a Collision Between Two Motor Vehicles in Transport,No,Traffic Control Signal,2,1,Complains Of Pain,,41.81414,-71.44737
746920,2018-00093377,04-Sep-18,12:10:00 PM,Bicycle,,1,,,1,RANDALL ST,CHARLES ST,Wayne Mann,563,04-Sep-18,One-Way Trafficway,Dry,Daylight,Clear,Other,No,Pavement Markings,3,1,Complains Of Pain,1,41.82047,-71.45178
746926,2018-00093418,04-Sep-18,12:30:00 PM,Pedestrian,1,,,,1,SILVER SPRING ST,LEDGE ST ,Francisco Furtado,635,04-Sep-18,"Two-Way , Not Divided",Dry,Daylight,Clear,Other,"Yes, M/V and Driver Left Scene",No Controls,1,1,Complains Of Pain,,41.85318,-71.41263
746872,2018-00093187,03-Sep-18,10:18:00 PM,Bicycle,,1,,,1,DEXTER ST,BUCKLIN ST ,Patrick Hourahan,243,03-Sep-18,"Two-Way , Not Divided",Dry,Dark - Lighted,Clear,Not a Collision Between Two Motor Vehicles in Transport,"Yes, M/V and Driver Left Scene",No Controls,1,1,Non-Incapacitating,,41.80905,-71.42801
746944,2018-00093169,03-Sep-18,9:32:00 PM,Pedestrian,1,,,,1,Ruggles Street,Smith Street,James Lanier,211,04-Sep-18,"Two-Way , Not Divided",Dry,Dark - Lighted,Clear,Not a Collision Between Two Motor Vehicles in Transport,"Yes, M/V and Driver Left Scene",No Controls,1,1,Non-Incapacitating,1,41.83576,-71.42822
746706,2018-00092418,02-Sep-18,1:25:00 AM,Bicycle,,1,,,1,OCONNOR ST,JOHNSON ST ,Kristen Barth,247,02-Sep-18,"Two-Way , Not Divided",Dry,Dark - Lighted,Clear,Not a Collision Between Two Motor Vehicles in Transport,"Yes, M/V and Driver Left Scene",Stop Signs,1,1,Incapacitating,,41.79307,-71.40586
746738,2018-00092586,02-Sep-18,2:30:00 PM,Pedestrian,1,,,,1,PROSPECT ST,WATERMAN ST ,Gerry Kue,393,02-Sep-18,"Two-Way , Not Divided",Dry,Daylight,Clear,Not a Collision Between Two Motor Vehicles in Transport,No,Traffic Control Signal,2,1,Complains Of Pain,,41.82688,-71.40472
745620,2018-00091903,01-Sep-18,2:14:00 AM,Pedestrian,1,,,,1,881 Eddy St,MUTUAL ST ,Brad McParlin,395,01-Sep-18,"Two-Way , Not Divided",Dry,Dark - Lighted,Clear,Not a Collision Between Two Motor Vehicles in Transport,"Yes, M/V and Driver Left Scene",No Controls,1,1,Complains Of Pain,,41.8038,-71.40686
745608,2018-00091815,31-Aug-18,11:35:00 PM,Bicycle,,1,,,1,Sorrento Street,WALDO ST ,Kristen Barth,247,31-Aug-18,"Two-Way , Not Divided",Dry,Dark - Lighted,Clear,Not a Collision Between Two Motor Vehicles in Transport,"Yes, M/V and Driver Left Scene",Unknown,2,1,Complains Of Pain,,41.80718,-71.43796
745519,2018-00091109,30-Aug-18,8:13:00 AM,Pedestrian,1,,,,1,BROADWAY,SERVICE ROAD 7 ,KEN MATSUMOTO - CAR 623,348,30-Aug-18,One-Way Trafficway,Dry,Daylight,Clear,Not a Collision Between Two Motor Vehicles in Transport,No,Traffic Control Signal,2,1,Incapacitating,,41.82181,-71.42097
745404,2018-00090479,28-Aug-18,3:11:00 PM,Bicycle,,1,,,1,CHAPEL ST,SNOW ST ,Matthew Goddard,171,28-Aug-18,"Two-Way , Not Divided",Dry,Daylight,Clear,Not a Collision Between Two Motor Vehicles in Transport,No,Stop Signs,4,1,Complains Of Pain,,41.8212,-71.41384
745406,2018-00090548,28-Aug-18,5:07:00 PM,Bicycle,,1,,,1,STATE HWY 10 N,UNION AVE ,Joseph Lopes,227,28-Aug-18,"Two-Way, Divided, Positive Median Barrier",Dry,Daylight,Clear,Not a Collision Between Two Motor Vehicles in Transport,No,Traffic Control Signal,2,0,No Injury,,41.8087,-71.44057
745425,2018-00090480,28-Aug-18,2:43:00 PM,Pedestrian,1,,,,1,775 Cranston Street ,Anthony Avenue ,James Lanier,211,28-Aug-18,"Two-Way, Divided, Unprotected (painted>4feet) Medium",Dry,Daylight,Clear,Not a Collision Between Two Motor Vehicles in Transport,"Yes, M/V and Driver Left Scene",Traffic Control Signal,3,1,Non-Incapacitating,2,41.80408,-71.43885
745428,2018-00090525,28-Aug-18,4:18:00 PM,Bicycle,,1,,,1,1250 Smith Street ,Old Road ,James Lanier,211,28-Aug-18,"Two-Way, Divided, Unprotected (painted>4feet) Medium",Dry,Daylight,Clear,Not a Collision Between Two Motor Vehicles in Transport,No,No Controls,3,1,Non-Incapacitating,1,41.84649,-71.45268
745338,2018-00090216,27-Aug-18,6:55:00 PM,Pedestrian,1,,,,1,Park St,HAYES ST ,Joseph Lopes,227,27-Aug-18,"Two-Way , Not Divided",Dry,Daylight,Clear,Not a Collision Between Two Motor Vehicles in Transport,No,No Controls,3,1,Non-Incapacitating,,41.82866,-71.41752
745164,2018-00089091,25-Aug-18,2:51:00 AM,Pedestrian,1,,,,1,8 Esten St,ORMS ST ,Renauld Joseph,398,25-Aug-18,Unknown,Dry,Dark - Lighted,Clear,Other,No,No Controls,2,1,Complains Of Pain,,41.83349,-71.42415
745203,2018-00089418,25-Aug-18,9:41:00 PM,Pedestrian,1,,,,1,SAYLES ST,PRAIRIE AVE ,John Benros,481,25-Aug-18,"Two-Way , Not Divided",Dry,Dark - Lighted,Clear,Unknown,"Yes, M/V and Driver Left Scene",No Controls,1,1,Complains Of Pain,,41.80264,-71.41358
745115,2018-00088745,24-Aug-18,11:45:00 AM,Pedestrian,1,,,,1,Eddy St,Chapman St,James Annis,454,24-Aug-18,"Two-Way , Not Divided",Dry,Daylight,Clear,Not a Collision Between Two Motor Vehicles in Transport,No,Other,4,1,Complains Of Pain,2,,
745126,2018-00088858,24-Aug-18,5:05:00 PM,Pedestrian,1,,,,1,MEMORIAL BLVD,COLLEGE ST ,MICHAEL R. TROIA / TRAFFIC BUREAU,331,24-Aug-18,"Two-Way , Not Divided",Dry,Daylight,Clear,Not a Collision Between Two Motor Vehicles in Transport,No,Traffic Control Signal,6,1,Complains Of Pain,5,41.82532,-71.40882
745014,2018-00088239,23-Aug-18,5:04:00 AM,Bicycle,,1,,,1,CHAD BROWN ST,ADMIRAL ST ,Kristen Barth,247,23-Aug-18,"Two-Way , Not Divided",Dry,Dark - Lighted,Clear,Not a Collision Between Two Motor Vehicles in Transport,No,Stop Signs,2,1,Complains Of Pain,,41.84213,-71.42138
745053,2018-00088412,23-Aug-18,3:18:00 PM,Pedestrian,2,,,,1,DORRANCE ST,WASHINGTON ST ,Matthew Goddard,171,23-Aug-18,"Two-Way , Not Divided",Dry,Daylight,Clear,Not a Collision Between Two Motor Vehicles in Transport,No,Traffic Control Signal,4,2,Complains Of Pain,,41.82438,-71.41269
745072,2018-00088410,23-Aug-18,3:10:00 PM,Bicycle,,2,,,1,Havana Street,General Street ,James Lanier,211,23-Aug-18,"Two-Way , Not Divided",Dry,Daylight,Clear,Not a Collision Between Two Motor Vehicles in Transport,No,Stop Signs,6,2,Non-Incapacitating,1,41.85338,-71.44366
745111,2018-00088365,23-Aug-18,2:07:00 PM,Bicycle,,1,,,1,broadway,SERVICE ROAD 7 ,David Schiavulli,027,24-Aug-18,"Two-Way , Not Divided",Dry,Daylight,Clear,Rear End(Front-to-Rear),No,Traffic Control Signal,3,1,Complains Of Pain,,41.82186,-71.42079
745006,2018-00088106,22-Aug-18,8:33:00 PM,Bicycle,,1,,,1,268 nelson st,SALTER ST ,Joseph Lopes,227,22-Aug-18,"Two-Way , Not Divided",Dry,Dark - Lighted,Clear,Not a Collision Between Two Motor Vehicles in Transport,"Yes, M/V and Driver Left Scene",No Controls,1,1,Complains Of Pain,,41.84498,-71.4444
744905,2018-00087325,20-Aug-18,4:56:00 PM,Bicycle,,1,,,1,BRANCH AVE,North  Main St,Joseph Lopes,227,20-Aug-18,"Two-Way , Not Divided",Dry,Daylight,Clear,Not a Collision Between Two Motor Vehicles in Transport,No,Traffic Control Signal,2,1,Complains Of Pain,,41.84235,-71.40822
744924,2018-00087439,20-Aug-18,9:42:00 PM,Pedestrian,1,,,,1,ELMWOOD AVE,ELMWOOD AVE ,Robert Heaton,539,20-Aug-18,"Two-Way, Not Divided With a Continuous Left Turn Lane",Dry,Dark - Lighted,Clear,Other,"Yes, M/V and Driver Left Scene",No Controls,3,1,Complains Of Pain,3,41.80337,-71.42577
744859,2018-00086915,19-Aug-18,5:41:00 PM,Pedestrian,1,,,,1,Broad St ,BAKER ST ,Joseph Lopes,227,19-Aug-18,"Two-Way , Not Divided",Dry,Daylight,Clear,Not a Collision Between Two Motor Vehicles in Transport,"Yes, M/V and Driver Left Scene",No Controls,1,1,Non-Incapacitating,,41.79275,-71.40789
744880,2018-00086701,19-Aug-18,2:29:00 AM,Pedestrian,1,,,,1,ATWELLS AVE,DE PASQUALE AVE,Robert Heaton,539,20-Aug-18,"Two-Way , Not Divided",Dry,Dark - Lighted,Cloudy,Other,No,No Controls,5,1,Incapacitating,2,41.82354,-71.42617
744810,2018-00086586,18-Aug-18,10:07:00 PM,Bicycle,,1,,,1,PARADE ST,WESTMINSTER ST ,Robert Heaton,539,18-Aug-18,"Two-Way , Not Divided",Dry,Dark - Lighted,Cloudy,Angle - Direction Not Specified,"Yes, M/V and Driver Left Scene",Stop Signs,2,1,Complains Of Pain,2,41.81633,-71.43354
744714,2018-00086089,17-Aug-18,6:00:00 PM,Bicycle,,1,,,1,BEACHMONT AVE,CAHILL ST ,Jonathan Smith,222,17-Aug-18,"Two-Way , Not Divided",Dry,Daylight,Clear,Not a Collision Between Two Motor Vehicles in Transport,"Yes, M/V and Driver Left Scene",Stop Signs,2,1,Complains Of Pain,,41.80223,-71.40786
744738,2018-00086134,17-Aug-18,8:23:00 PM,Pedestrian,1,,,,1,BROAD ST,PEARL ST ,Cory Vingi,237,17-Aug-18,"Two-Way , Not Divided",Dry,Dark - Lighted,Clear,Not a Collision Between Two Motor Vehicles in Transport,"Yes, M/V and Driver Left Scene",Traffic Control Signal,1,1,Complains Of Pain,,41.81473,-71.42097
744548,2018-00084829,14-Aug-18,3:39:00 PM,Bicycle,,1,,,1,Broadway,DEAN ST ,Joseph Lopes,227,14-Aug-18,"Two-Way , Not Divided",Dry,Daylight,Clear,Not a Collision Between Two Motor Vehicles in Transport,No,Traffic Control Signal,2,1,Complains Of Pain,,41.8214,-71.42253
744365,2018-00083281,10-Aug-18,12:05:00 PM,Bicycle,,1,,,1,PLAINFIELD ST,MURRAY ST ,Ibrahim Yousif,196,10-Aug-18,"Two-Way , Not Divided",Dry,Daylight,Clear,Not a Collision Between Two Motor Vehicles in Transport,No,Stop Signs,3,1,Complains Of Pain,,41.80998,-71.4625
744328,2018-00083005,09-Aug-18,5:46:00 PM,Bicycle,,1,,,1,Cranston St,LINWOOD AVE ,Joseph Lopes,227,09-Aug-18,"Two-Way , Not Divided",Dry,Daylight,Clear,Not a Collision Between Two Motor Vehicles in Transport,No,Traffic Control Signal,4,0,No Injury,,41.80701,-71.43571
744350,2018-00083110,09-Aug-18,10:54:00 PM,Pedestrian,1,,,,1,Valley Street,FELIX ST ,Kristen Barth,247,09-Aug-18,"Two-Way , Not Divided",Dry,Dark - Lighted,Clear,Not a Collision Between Two Motor Vehicles in Transport,"Yes, M/V and Driver Left Scene",No Controls,1,1,Complains Of Pain,,41.8321,-71.42779
744286,2018-00082595,08-Aug-18,5:36:00 PM,Bicycle,,1,,,1,PEACE ST,Elmwood Ave,Troy Lambert,413,08-Aug-18,"Two-Way , Not Divided",Dry,Daylight,Clear,Not a Collision Between Two Motor Vehicles in Transport,"Yes, M/V and Driver Left Scene",Stop Signs,1,1,Complains Of Pain,,41.80655,-71.42495
744221,2018-00082179,07-Aug-18,5:05:00 PM,Bicycle,,1,,,1,POWER ST,GANO ST ,Joseph Lopes,227,07-Aug-18,"Two-Way , Not Divided",Dry,Daylight,Clear,Not a Collision Between Two Motor Vehicles in Transport,No,No Controls,2,1,Non-Incapacitating,,41.82386,-71.39014
744028,2018-00080199,02-Aug-18,6:01:00 PM,Pedestrian,1,,,,1,Smith St,SMITH ST ,Joseph Lopes,227,02-Aug-18,"Two-Way , Not Divided",Dry,Daylight,Clear,Not a Collision Between Two Motor Vehicles in Transport,No,Stop Signs,4,1,Non-Incapacitating,,41.83756,-71.43347
743948,2018-00079357,31-Jul-18,4:07:00 PM,Pedestrian,1,,,,1,State Street ,Orms Street ,James Lanier,211,31-Jul-18,One-Way Trafficway,Dry,Daylight,Clear,Not a Collision Between Two Motor Vehicles in Transport,"Yes, M/V and Driver Left Scene",Traffic Control Signal,1,1,Non-Incapacitating,1,41.83472,-71.41432
767751,2018-00077444,27-Jul-18,5:23:00 PM,Pedestrian,1,,,,1,julian st,AMHERST ST ,Graig Sion,254,27-Jul-18,"Two-Way, Divided, Unprotected (painted>4feet) Medium",Dry,Daylight,Clear,Other,"Yes, M/V and Driver Left Scene",No Controls,1,1,Complains Of Pain,,41.82403,-71.44473
743768,2018-00077531,26-Jul-18,10:24:00 PM,Pedestrian,1,,,,1,Atwells Ave,Depasquale Ave,Michael Sullivan,347,27-Jul-18,"Two-Way , Not Divided",Dry,Dark - Lighted,Clear,Not a Collision Between Two Motor Vehicles in Transport,No,Traffic Control Signal,5,1,Complains Of Pain,2,,
743342,2018-00075585,21-Jul-18,5:00:00 PM,Pedestrian,1,,,,1,850 MANTON AVENUE,CHALKSTONE AVE ,Meghan Vittorioso,388,21-Jul-18,"Two-Way , Not Divided",Dry,Daylight,Clear,Not a Collision Between Two Motor Vehicles in Transport,"Yes, M/V and Driver Left Scene",No Controls,2,1,Complains Of Pain,,41.83391,-71.46725
743410,2018-00075751,21-Jul-18,11:45:00 PM,Bicycle,,1,,,1,Ridge Street,TOBEY ST ,Kristen Barth,247,22-Jul-18,"Two-Way , Not Divided",Dry,Dark - Lighted,Clear,Not a Collision Between Two Motor Vehicles in Transport,"Yes, M/V and Driver Left Scene",No Controls,1,1,Complains Of Pain,,41.82057,-71.43581
742689,2018-00073724,16-Jul-18,5:33:00 PM,Pedestrian,1,,,,1,ADELAIDE AVE,BROAD ST ,John Benros,481,16-Jul-18,"Two-Way , Not Divided",Dry,Daylight,Clear,Unknown,No,No Controls,2,1,Complains Of Pain,,41.79885,-71.41547
742021,2018-00072183,12-Jul-18,7:21:00 PM,Bicycle,,1,,,1,112 GANO ST,,MICHAEL R. TROIA / TRAFFIC BUREAU,331,12-Jul-18,"Two-Way , Not Divided",Dry,Daylight,Clear,Angle (Front - to - Side) Same Direction,No,No Controls,3,1,Complains Of Pain,2,41.82222,-71.38986
741685,2018-00071692,11-Jul-18,2:28:00 PM,Bicycle,,1,,,1,BARBARA LEONARD WAY,NORTH MAIN ST ,Fernando Lopez,156,11-Jul-18,"Two-Way , Not Divided",Dry,Daylight,Clear,Not a Collision Between Two Motor Vehicles in Transport,No,No Controls,2,1,Complains Of Pain,,41.84063,-71.40884
741814,2018-00071847,11-Jul-18,9:56:00 PM,Pedestrian,1,,,,1,SILVER SPRING ST,BATCHELLER AVE ,Cory Vingi,237,11-Jul-18,"Two-Way , Not Divided",Dry,Dark - Not Lighted,Clear,Not a Collision Between Two Motor Vehicles in Transport,No,No Controls,3,1,Complains Of Pain,,41.85534,-71.41141
746967,2018-00083690,11-Jul-18,10:28:00 AM,Pedestrian,1,,,,1,THERESA CT,MANTON AVE ,Jason Andrade,200,11-Aug-18,"Two-Way, Divided, Positive Median Barrier",Wet,Daylight,Rain,Other,"Yes, Driver Left Scene",No Controls,2,1,Complains Of Pain,,41.82154,-71.44863
741256,2018-00071115,10-Jul-18,12:46:00 AM,Pedestrian,1,,,,1,BROAD ST,PORTLAND ST ,Robert Heaton,539,10-Jul-18,"Two-Way , Not Divided",Dry,Unknown,Clear,Other,"Yes, M/V and Driver Left Scene",No Controls,2,1,Incapacitating,2,41.81415,-71.4213
741268,2018-00071175,10-Jul-18,7:00:00 AM,Pedestrian,1,,,,1,WATERMAN ST,BROWN ST ,Fernando Lopez,156,10-Jul-18,"Two-Way , Not Divided",Dry,Daylight,Clear,Not a Collision Between Two Motor Vehicles in Transport,"Yes, M/V and Driver Left Scene",Pavement Markings,1,1,Complains Of Pain,,41.82705,-71.40304
741623,2018-00071453,10-Jul-18,9:36:00 PM,Pedestrian,1,,,,1,North Main Street,College Street,James Lanier,211,10-Jul-18,"Two-Way, Divided, Positive Median Barrier",Dry,Dark - Lighted,Clear,Not a Collision Between Two Motor Vehicles in Transport,"Yes, M/V and Driver Left Scene",Traffic Control Signal,3,1,Non-Incapacitating,2,41.82564,-71.40784
741447,2018-00070704,08-Jul-18,10:34:00 PM,Bicycle,,1,,,1,PLAINFIELD ST,SILVER LAKE AVE ,Michael Clary,269,10-Jul-18,"Two-Way , Not Divided",Dry,Dark - Lighted,Clear,Not a Collision Between Two Motor Vehicles in Transport,No,No Controls,3,1,Complains Of Pain,,41.80587,-71.46492
740924,2018-00070088,07-Jul-18,12:06:00 PM,Bicycle,,1,,,1,WILLIAMS ST,HOPE ST ,Ptlm. Chin,516,07-Jul-18,"Two-Way , Not Divided",Dry,Daylight,Clear,Not a Collision Between Two Motor Vehicles in Transport,No,Stop Signs,2,1,Complains Of Pain,2,41.82258,-71.39684
740986,2018-00070169,07-Jul-18,3:54:00 PM,Pedestrian,1,,,,1,67 MIDDLE DRIVE ,WEST DR ,James Lanier,211,07-Jul-18,"Two-Way , Not Divided",Dry,Daylight,Clear,Not a Collision Between Two Motor Vehicles in Transport,No,No Controls,3,1,Non-Incapacitating,1,41.85312,-71.44363
740887,2018-00069914,06-Jul-18,10:30:00 PM,Bicycle,,1,,,1,MANTON AVE,CHAFFEE ST ,Christopher Beach,230,07-Jul-18,"Two-Way , Not Divided",Dry,Dark - Unknown Lighting,Clear,Not a Collision Between Two Motor Vehicles in Transport,"Yes, M/V and Driver Left Scene",No Controls,1,1,Incapacitating,2,41.81874,-71.44566
739095,2018-00066593,29-Jun-18,11:12:00 AM,Pedestrian,1,,,,1,eddy Stree,I 195 RELOCATION ,Edwardo Curi,294,29-Jun-18,"Two-Way , Not Divided",Dry,Daylight,Clear,Not a Collision Between Two Motor Vehicles in Transport,"Yes, Driver Left Scene",Traffic Control Signal,1,1,Complains Of Pain,,41.80944,-71.40722
739196,2018-00066722,29-Jun-18,5:12:00 PM,Pedestrian,3,,,,1,Chalkstone Ave ,GRAY ST ,Joseph Lopes,227,29-Jun-18,"Two-Way , Not Divided",Dry,Daylight,Clear,Not a Collision Between Two Motor Vehicles in Transport,No,Stop Signs,5,3,Complains Of Pain,,41.83238,-71.45309
739020,2018-00066244,28-Jun-18,12:56:00 PM,Pedestrian,1,,,,1,Broad St,Peace St,Erick Fernandez,228,28-Jun-18,"Two-Way , Not Divided",Wet,Daylight,Rain,Not a Collision Between Two Motor Vehicles in Transport,No,No Controls,4,1,Complains Of Pain,,41.80662,-71.42009
738745,2018-00065880,27-Jun-18,1:17:00 PM,Pedestrian,1,,,,1,HARWOL CT,SHILOH ST ,Cynthia Rodriguez,693,27-Jun-18,"Two-Way , Not Divided",Dry,Daylight,Clear,Not a Collision Between Two Motor Vehicles in Transport,"Yes, M/V and Driver Left Scene",No Controls,1,1,Complains Of Pain,,41.85269,-71.43442
738846,2018-00065970,27-Jun-18,5:21:00 PM,Pedestrian,1,,,,1,60 Prairie Ave,PROVIDENCE ST ,Joseph Lopes,227,27-Jun-18,"Two-Way , Not Divided",Dry,Daylight,Clear,Not a Collision Between Two Motor Vehicles in Transport,No,No Controls,3,1,Non-Incapacitating,,41.81352,-71.41521
738386,2018-00065095,26-Jun-18,11:43:00 AM,Pedestrian,1,,,,1,COLFAX ST,BROAD ST ,KEN MATSUMOTO,348,25-Jun-18,"Two-Way , Not Divided",Dry,Daylight,Clear,Not a Collision Between Two Motor Vehicles in Transport,"Yes, M/V and Driver Left Scene",Pavement Markings,1,1,Non-Incapacitating,,41.79888,-71.4155
738376,2018-00065025,25-Jun-18,7:42:00 AM,Bicycle,,1,,,1,POCASSET AVE,MAGNOLIA ST ,KEN MATSUMOTO,348,25-Jun-18,"Two-Way , Not Divided",Dry,Daylight,Clear,Not a Collision Between Two Motor Vehicles in Transport,No,Traffic Control Signal,3,1,Complains Of Pain,,41.81192,-71.44995
738248,2018-00064527,23-Jun-18,11:28:00 PM,Pedestrian,1,,,,1,Allens Ave,Georgia Ave,Kristen Barth,247,24-Jun-18,"Two-Way , Not Divided",Dry,Dark - Lighted,Clear,Not a Collision Between Two Motor Vehicles in Transport,No,No Controls,2,1,Complains Of Pain,,41.79254,-71.39717
737782,2018-00063523,21-Jun-18,3:45:00 PM,Pedestrian,1,,,,1,PRAIRIE AVE,COLFAX ST ,Joseph Lopes,227,21-Jun-18,"Two-Way , Not Divided",Dry,Daylight,Clear,Not a Collision Between Two Motor Vehicles in Transport,"Yes, M/V and Driver Left Scene",Stop Signs,4,1,Incapacitating,,41.79959,-71.41228
737803,2018-00063621,21-Jun-18,7:20:00 PM,Pedestrian,1,,,,1,ORMS ST,ORMS ST EXIT  / DOUGLAS AVE,Robert Heaton,539,21-Jun-18,"Two-Way , Not Divided",Dry,Daylight,Clear,Other,No,No Controls,3,0,No Injury,2,41.83457,-71.41674
737684,2018-00063180,20-Jun-18,5:27:00 PM,Bicycle,,1,,,1,Wood St ,ELLERY ST ,Joseph Lopes,227,20-Jun-18,"Two-Way , Not Divided",Dry,Daylight,Clear,Not a Collision Between Two Motor Vehicles in Transport,No,No Controls,3,1,Non-Incapacitating,,41.81257,-71.43793
737593,2018-00062767,19-Jun-18,5:27:00 PM,Bicycle,,1,,,1,Lowell Avenue,Nye Street ,James Lanier,211,19-Jun-18,"Two-Way, Divided, Unprotected (painted>4feet) Medium",Dry,Daylight,Clear,Not a Collision Between Two Motor Vehicles in Transport,"Yes, M/V and Driver Left Scene",No Controls,1,1,Non-Incapacitating,1,41.81703,-71.46038
737515,2018-00062311,18-Jun-18,2:59:00 PM,Bicycle,,1,,,1,Washington Street ,Snow Street ,James Lanier,211,18-Jun-18,"Two-Way, Divided, Unprotected (painted>4feet) Medium",Dry,Daylight,Clear,Not a Collision Between Two Motor Vehicles in Transport,No,Stop Signs,3,1,Non-Incapacitating,1,41.82252,-71.4155
737391,2018-00061927,17-Jun-18,4:46:00 PM,Pedestrian,1,,,,1,Orms St,CANDACE ST ,Joseph Lopes,227,17-Jun-18,"Two-Way , Not Divided",Dry,Daylight,Clear,Not a Collision Between Two Motor Vehicles in Transport,No,Traffic Control Signal,5,1,Complains Of Pain,,41.83378,-71.42189
737250,2018-00061316,16-Jun-18,11:51:00 AM,Bicycle,,1,,,1,HOPE ST,OVERHILL RD ,David Girard,690,16-Jun-18,"Two-Way , Not Divided",Dry,Daylight,Clear,Not a Collision Between Two Motor Vehicles in Transport,No,No Controls,2,1,Complains Of Pain,,41.8512,-71.39396
737096,2018-00060398,14-Jun-18,12:24:00 AM,Pedestrian,1,,,,1,SMITH ST,YOUNG AVE,Robert Heaton,539,14-Jun-18,"Two-Way , Not Divided",Dry,Dark - Lighted,Clear,Other,No,No Controls,4,2,Incapacitating,2,41.83575,-71.42697
737147,2018-00060625,14-Jun-18,5:04:00 PM,Bicycle,,1,,,1,salmon st ,MANTON AVE ,Joseph Lopes,227,14-Jun-18,"Two-Way , Not Divided",Dry,Daylight,Clear,Not a Collision Between Two Motor Vehicles in Transport,No,Stop Signs,2,1,Complains Of Pain,,41.82509,-71.45394
737157,2018-00060744,14-Jun-18,10:57:00 PM,Bicycle,,1,,,1,WESTMINSTER ST,CAHIR ST ,Kristen Barth,247,14-Jun-18,"Two-Way , Not Divided",Dry,Dark - Lighted,Clear,Not a Collision Between Two Motor Vehicles in Transport,No,Traffic Control Signal,2,0,No Injury,,41.81822,-71.42018
737003,2018-00060142,13-Jun-18,10:06:00 AM,Pedestrian,1,,,,1,N MAIN ST,WASHINGTON PL,KEN MATSUMOTO,348,13-Jun-18,One-Way Trafficway,Dry,Daylight,Cloudy,Not a Collision Between Two Motor Vehicles in Transport,No,Traffic Control Signal,2,1,Complains Of Pain,,41.82688,-71.4087
737021,2018-00060215,13-Jun-18,2:18:00 PM,Bicycle,,1,,,1,Broad St,BROAD ST ,Peter Salmons,207,13-Jun-18,"Two-Way , Not Divided",Wet,Daylight,Clear,Not a Collision Between Two Motor Vehicles in Transport,No,No Controls,3,1,Complains Of Pain,,41.80158,-71.41841