CrashReportId,ReportNumber,CrashDate,CrashTime,Collision Type,CountPedestrian,CountBicycle,Scooter,Wheel Chair,NumberofVehicles,StreetOrHighway,NearestIntersection,Officer,Badge,ReportDate,TypeOfRoadway,RoadSurfaceCondition,LightCondition,WeatherCondition,MannerofImpact,HitAndRun,TrafficControl,PersonCount,InjuryCount,MostSeriousInjury,NumberOfLanes,Latitude,Longitude
736400,2018-00059048,10-Jun-18,12:16:00 PM,Pedestrian,1,,,,1,EDDY ST,BAY ST ,Ken Matsumkoto / Fernando Lopez 156,340,10-Jun-18,"Two-Way , Not Divided",Dry,Daylight,Clear,Not a Collision Between Two Motor Vehicles in Transport,No,No Controls,5,1,Complains Of Pain,,41.8062,-71.40724
736288,2018-00058516,09-Jun-18,8:45:00 AM,Pedestrian,1,,,,1,195 EAST ON-RAMP,SOUTH MAIN ST ,Fernando Lopez,156,09-Jun-18,One-Way Trafficway,Dry,Daylight,Clear,Not a Collision Between Two Motor Vehicles in Transport,No,Other,3,1,Complains Of Pain,,41.81686,-71.39849
736163,2018-00057979,07-Jun-18,11:36:00 PM,Bicycle,,1,,,1,ELMWOOD AVE,BISSELL ST ,Robert Heaton,539,08-Jun-18,"Two-Way, Divided, Unprotected (painted>4feet) Medium",Dry,Dark - Lighted,Clear,Angle - Direction Not Specified,No,No Controls,3,1,Complains Of Pain,4,41.77744,-71.42118
735975,2018-00057495,06-Jun-18,6:00:00 PM,Pedestrian,1,,,,1,BROOM ST,EDDY ST ,Kenneth Demarco,176,06-Jun-18,"Two-Way, Not Divided With a Continuous Left Turn Lane",Dry,Daylight,Cloudy,Not a Collision Between Two Motor Vehicles in Transport,"Yes, M/V and Driver Left Scene",Stop Signs,2,1,Complains Of Pain,,41.79052,-71.40477
735982,2018-00057411,06-Jun-18,2:45:00 PM,Pedestrian,1,,,,1,Dexter Street ,WALDO ST ,James Lanier,211,06-Jun-18,"Two-Way, Divided, Unprotected (painted>4feet) Medium",Dry,Daylight,Clear,Not a Collision Between Two Motor Vehicles in Transport,No,No Controls,4,1,Non-Incapacitating,1,41.80467,-71.4299
735788,2018-00057200,05-Jun-18,7:48:00 PM,Bicycle,,1,,,1,MANTON AVE,DELAINE ST ,Cory Vingi,237,05-Jun-18,"Two-Way , Not Divided",Dry,Dark - Lighted,Cloudy,Not a Collision Between Two Motor Vehicles in Transport,"Yes, M/V and Driver Left Scene",Traffic Control Signal,1,1,Complains Of Pain,,41.81795,-71.44465
734588,2018-00055045,31-May-18,3:57:00 PM,Pedestrian,1,,,,1,135 Harris Avenue ,135 Harris Avenue ,James Lanier,211,31-May-18,"Two-Way, Divided, Positive Median Barrier",Dry,Daylight,Clear,Not a Collision Between Two Motor Vehicles in Transport,"Yes, M/V and Driver Left Scene",No Controls,2,1,Non-Incapacitating,2,41.82687,-71.42475
733789,2018-00054647,30-May-18,3:58:00 PM,Pedestrian,1,,,,1,POINT ST,GLOBE ST ,Donald Brien,630,30-May-18,"Two-Way, Divided, Unprotected (painted>4feet) Medium",Dry,Daylight,Clear,Not a Collision Between Two Motor Vehicles in Transport,No,Stop Signs,2,0,No Injury,,41.81566,-71.4095
733252,2018-00053820,28-May-18,5:13:00 PM,Pedestrian,3,,,,1,Pavilion Ave,PRAIRIE AVE ,Joseph Lopes,227,28-May-18,"Two-Way , Not Divided",Dry,Daylight,Clear,Not a Collision Between Two Motor Vehicles in Transport,No,No Controls,6,3,Non-Incapacitating,,41.79519,-71.41005
733270,2018-00053886,28-May-18,7:42:00 PM,Bicycle,,1,,,1,SMITH ST,ORMS ST ,Joseph Lopes,227,28-May-18,"Two-Way , Not Divided",Dry,Dusk,Clear,Not a Collision Between Two Motor Vehicles in Transport,No,Traffic Control Signal,4,1,Non-Incapacitating,,41.83377,-71.42198
733290,2018-00053958,28-May-18,11:09:00 PM,Pedestrian,1,,,,1,WEST FRANKLIN STREET,FRIENDSHIP ST ,Joseph Amoroso,613,29-May-18,One-Way Trafficway,Dry,Dark - Lighted,Clear,Not a Collision Between Two Motor Vehicles in Transport,No,Traffic Control Signal,3,2,Incapacitating,,41.81638,-71.41587
733061,2018-00053026,26-May-18,3:35:00 PM,Pedestrian,1,,,,1,VALLEY ST,ATWELLS AVE ,Cory Vingi,237,26-May-18,"Two-Way , Not Divided",Dry,Daylight,Clear,Not a Collision Between Two Motor Vehicles in Transport,"Yes, M/V and Driver Left Scene",Traffic Control Signal,2,1,Complains Of Pain,,41.82469,-71.43945
733161,2018-00052971,26-May-18,12:29:00 PM,Bicycle,,1,,,1,387 CHARLES ST,EXIT  (RT ),Michael Moonan,286,27-May-18,"Two-Way , Not Divided",Dry,Daylight,Clear,Not a Collision Between Two Motor Vehicles in Transport,"Yes, M/V and Driver Left Scene",Traffic Control Signal,1,1,Complains Of Pain,,41.84224,-71.41786
733233,2018-00052931,26-May-18,10:25:00 AM,Pedestrian,2,,,,1,DEXTERDALE RD,CAMP ST ,Anthony Hampton,681,28-May-18,"Two-Way , Not Divided",Dry,Daylight,Cloudy,Other,"Yes, M/V and Driver Left Scene",No Controls,4,1,Complains Of Pain,,41.84786,-71.40251
732689,2018-00052339,25-May-18,1:00:00 AM,Pedestrian,1,,,,1,WESTMINSTER ST,CAHIR ST ,Kristen Barth,247,25-May-18,"Two-Way , Not Divided",Dry,Dark - Lighted,Clear,Not a Collision Between Two Motor Vehicles in Transport,"Yes, M/V and Driver Left Scene",Traffic Control Signal,1,1,Complains Of Pain,,41.81822,-71.42018
732683,2018-00052203,24-May-18,6:13:00 PM,Pedestrian,1,,,,1,ADELAIDE AVE,BROAD ST ,James Lanier,211,24-May-18,"Two-Way, Divided, Unprotected (painted>4feet) Medium",Dry,Daylight,Clear,Not a Collision Between Two Motor Vehicles in Transport,No,Traffic Control Signal,3,1,Incapacitating,1,41.79885,-71.41547
731739,2018-00051609,23-May-18,12:48:00 PM,Pedestrian,1,,,,1,RESERVOIR AVE,ELMWOOD AVE ,Albert Deschamps,527,23-May-18,"Two-Way , Not Divided",Dry,Daylight,Clear,Not a Collision Between Two Motor Vehicles in Transport,"Yes, M/V and Driver Left Scene",No Controls,1,1,Complains Of Pain,,41.7978,-71.4261
731369,2018-00051221,22-May-18,12:11:00 PM,Pedestrian,1,,,,1,WHITE ST,10TH ST ,KEN MATSUMOTO,348,22-May-18,"Two-Way , Not Divided",Dry,Daylight,Clear,Not a Collision Between Two Motor Vehicles in Transport,No,Traffic Control Signal,3,1,Complains Of Pain,,41.85546,-71.40009
731402,2018-00051295,22-May-18,3:19:00 PM,Pedestrian,2,,,,1,WICKENDEN ST,SOUTH MAIN ST,MICHAEL R. TROIA / TRAFFIC BUREAU,331,22-May-18,"Two-Way, Divided, Positive Median Barrier",Dry,Daylight,Clear,Not a Collision Between Two Motor Vehicles in Transport,No,Traffic Control Signal,4,2,Complains Of Pain,4,41.81905,-71.4009
731611,2018-00051388,22-May-18,6:33:00 PM,Pedestrian,1,,,,1,KENNEDY PLZ,ARCADE ST ,Glen Morgan,558,22-May-18,One-Way Trafficway,Wet,Daylight,Clear,Head-On (Front - to - Front),"Yes, M/V and Driver Left Scene",No Controls,1,1,Complains Of Pain,,41.82451,-71.41186
731274,2018-00050776,21-May-18,11:53:00 AM,Pedestrian,2,,,,1,E GEORGE ST,GANO ST ,KEN MATSUMOTO,348,21-May-18,"Two-Way , Not Divided",Dry,Daylight,Clear,Not a Collision Between Two Motor Vehicles in Transport,No,Pavement Markings,5,2,Incapacitating,,41.82587,-71.3904
731291,2018-00050909,21-May-18,5:04:00 PM,Pedestrian,1,,,,1,ACADEMY AVE,MAPLEHURST AVE ,MICHAEL R.TROIA / TRAFFIC BUREAU,331,21-May-18,"Two-Way , Not Divided",Dry,Daylight,Clear,Not a Collision Between Two Motor Vehicles in Transport,"Yes, M/V and Driver Left Scene",No Controls,5,1,Complains Of Pain,2,41.82681,-71.44364
731175,2018-00050391,20-May-18,1:00:00 PM,Bicycle,,1,,,1,Earl St,ELMWOOD AVE ,Peter Salmons,207,20-May-18,"Two-Way, Divided, Positive Median Barrier",Dry,Daylight,Clear,Angle (Front - to - Side) Right Angle (Includes Broadside),No,No Controls,2,1,Complains Of Pain,,41.79809,-71.42618
732229,2018-00050403,20-May-18,1:57:00 PM,Bicycle,,1,,,1,7TH ST,HIGHLAND AVE,Joseph Dosreis,379,24-May-18,"Two-Way , Not Divided",Dry,Daylight,Clear,Other,No,Stop Signs,2,1,Complains Of Pain,,41.83793,-71.42404
730637,2018-00049932,19-May-18,1:17:00 AM,Pedestrian,1,,,,1,GASPEE ST,SMITH ST ,Kristen Barth,247,19-May-18,"Two-Way , Not Divided",Dry,Dark - Lighted,Clear,Not a Collision Between Two Motor Vehicles in Transport,No,Traffic Control Signal,2,1,Complains Of Pain,,41.83152,-71.41281
730662,2018-00050063,19-May-18,1:16:00 PM,Bicycle,,1,,,1,LUBEC ST,DOUGLAS AVE ,KEN MATSUMOTO,348,19-May-18,"Two-Way, Divided, Unprotected (painted>4feet) Medium",Wet,Daylight,Rain,Not a Collision Between Two Motor Vehicles in Transport,No,Pavement Markings,2,1,Complains Of Pain,,41.85573,-71.4417
730033,2018-00049130,17-May-18,12:58:00 AM,Pedestrian,2,,,,1,S WATER ST,POINT ST ,Anthony Moore,390,17-May-18,One-Way Trafficway,Wet,Dark - Lighted,Rain,Angle (Front - to - Side) Right Angle (Includes Broadside),No,Traffic Control Signal,4,2,Non-Incapacitating,,41.81869,-71.40178
730101,2018-00049222,17-May-18,11:37:00 AM,Pedestrian,1,,,,1,SILVER SPRING ST,TOURO ST ,Fernando Lopez,156,17-May-18,"Two-Way , Not Divided",Dry,Daylight,Cloudy,Not a Collision Between Two Motor Vehicles in Transport,No,No Controls,2,1,Non-Incapacitating,,41.84516,-71.41822
729290,2018-00048220,14-May-18,4:56:00 PM,Pedestrian,1,,,,1,PACKET ST,S MAIN ST ,Cory Vingi,237,14-May-18,"Two-Way , Not Divided",Dry,Daylight,Clear,Not a Collision Between Two Motor Vehicles in Transport,No,Stop Signs,2,1,Complains Of Pain,,41.8235,-71.40617
728771,2018-00047023,11-May-18,1:45:00 PM,Pedestrian,1,,,,1,VALLEY ST,RIVER AVE ,Luis Pelaez,336,11-May-18,"Two-Way , Not Divided",Dry,Daylight,Clear,Not a Collision Between Two Motor Vehicles in Transport,No,Traffic Control Signal,4,1,Complains Of Pain,2,41.82796,-71.43516
728778,2018-00047168,11-May-18,7:28:00 PM,Pedestrian,1,,,,1,SMITH ST,CHALKSTONE AVE ,Cory Vingi,237,11-May-18,"Two-Way , Not Divided",Dry,Dark - Lighted,Clear,Not a Collision Between Two Motor Vehicles in Transport,No,No Controls,3,1,Complains Of Pain,,41.83542,-71.42616
728408,2018-00046620,10-May-18,12:40:00 PM,Bicycle,,1,,,1,FEDERAL ST,DEAN ST ,Cory Vingi,237,10-May-18,"Two-Way , Not Divided",Dry,Daylight,Clear,Not a Collision Between Two Motor Vehicles in Transport,No,No Controls,3,1,Complains Of Pain,,41.82228,-71.42327
728178,2018-00046274,09-May-18,3:59:00 PM,Other,,1,,,1,601 N MAIN ST,,MICHAEL R. TROIA / TRAFFIC BUREAU,331,09-May-18,"Two-Way , Not Divided",Dry,Daylight,Clear,Not a Collision Between Two Motor Vehicles in Transport,No,No Controls,2,0,No Injury,,41.83825,-71.40925
727635,2018-00044685,05-May-18,2:15:00 PM,Pedestrian,1,,,,1,HOSPITAL ST,POINT ST ,Thomas Rose,465,05-May-18,"Two-Way , Not Divided",Dry,Daylight,Clear,Other,No,No Controls,3,1,Complains Of Pain,,41.81583,-71.40961
727662,2018-00044870,05-May-18,9:55:00 PM,Pedestrian,1,,,,1,MANTON AVE,LYNCH ST ,Daniel Hernandez,255,05-May-18,"Two-Way , Not Divided",Dry,Dark - Lighted,Clear,Not a Collision Between Two Motor Vehicles in Transport,"Yes, M/V and Driver Left Scene",No Controls,1,1,Complains Of Pain,,41.82415,-71.4522
727129,2018-00044113,04-May-18,9:01:00 AM,Pedestrian,1,,,,1,STEPHEN HOPKINS COURT,WILLIAM ELLERY PL ,Fernando Lopez,156,04-May-18,"Two-Way , Not Divided",Dry,Daylight,Clear,Not a Collision Between Two Motor Vehicles in Transport,"Yes, M/V and Driver Left Scene",No Controls,1,1,Complains Of Pain,,41.83745,-71.40714
727577,2018-00044276,04-May-18,4:19:00 PM,Pedestrian,1,,X,,1,CHARLES ST,CORLISS ST ,Paul Caminero,339,04-May-18,"Two-Way, Divided, Unprotected (painted>4feet) Medium",Dry,Daylight,Clear,Not a Collision Between Two Motor Vehicles in Transport,No,Stop Signs,2,1,Complains Of Pain,,41.83806,-71.41452
726983,2018-00043819,03-May-18,3:16:00 PM,Pedestrian,1,,,,1,S MAIN ST,COLLEGE ST ,Miguel Castillo,489,03-May-18,One-Way Trafficway,Dry,Daylight,Clear,Not a Collision Between Two Motor Vehicles in Transport,No,Traffic Control Signal,4,1,Non-Incapacitating,2,41.82568,-71.40787
726741,2018-00042888,01-May-18,11:45:00 AM,Pedestrian,1,,,,1,CHARLES ST,CHARLES ST ,Michael Moonan,286,01-May-18,Unknown,Dry,Daylight,Clear,Not a Collision Between Two Motor Vehicles in Transport,"Yes, M/V and Driver Left Scene",No Controls,1,1,Complains Of Pain,,41.84688,-71.41936
726621,2018-00042599,30-Apr-18,12:42:00 PM,Pedestrian,1,,,,1,62 DUDLEY ST,,Fernando Lopez,156,30-Apr-18,Unknown,Dry,Daylight,Clear,Not a Collision Between Two Motor Vehicles in Transport,No,No Controls,3,1,Complains Of Pain,,41.80731,-71.40725
726550,2018-00041781,28-Apr-18,12:37:00 PM,Pedestrian,1,,,,1,BROAD ST,OXFORD ST ,Joseph Nezier,233,29-Apr-18,"Two-Way , Not Divided",Dry,Daylight,Clear,Not a Collision Between Two Motor Vehicles in Transport,No,No Controls,3,1,Complains Of Pain,,41.79962,-71.41642
726283,2018-00041407,27-Apr-18,11:00:00 AM,Pedestrian,1,,,,1,FULTON ST,DORRANCE ST ,KEN MATSUMOTO,348,27-Apr-18,"Two-Way , Not Divided",Dry,Daylight,Clear,Not a Collision Between Two Motor Vehicles in Transport,No,Traffic Control Signal,5,1,Complains Of Pain,,41.82413,-71.41236
725871,2018-00040978,26-Apr-18,11:15:00 AM,Pedestrian,1,,,,1,PLAINFIELD ST,EDNA ST ,Jason Andrade,200,26-Apr-18,"Two-Way, Divided, Positive Median Barrier",Dry,Daylight,Clear,Other,No,Traffic Control Signal,3,1,Complains Of Pain,,41.81592,-71.44513
725895,2018-00041093,26-Apr-18,4:13:00 PM,Bicycle,,1,,,1,718 PLAINFIELD ST,,MICHAEL R. TROIA / TRAFFIC BUREAU,331,26-Apr-18,"Two-Way , Not Divided",Dry,Daylight,Clear,Not a Collision Between Two Motor Vehicles in Transport,No,No Controls,2,1,Complains Of Pain,2,41.81124,-71.46197
726183,2018-00041175,26-Apr-18,7:34:00 PM,Bicycle,,1,,,1,EAST DR,GENERAL ST ,Cory Vingi,237,26-Apr-18,"Two-Way , Not Divided",Dry,Dark - Lighted,Clear,Not a Collision Between Two Motor Vehicles in Transport,"Yes, M/V and Driver Left Scene",No Controls,2,1,Complains Of Pain,,41.85324,-71.44271
724893,2018-00040234,24-Apr-18,7:23:00 AM,Pedestrian,1,,,,1,POWER ST,THAYER ST ,Fernando Lopez,156,24-Apr-18,"Two-Way , Not Divided",Dry,Daylight,Clear,Not a Collision Between Two Motor Vehicles in Transport,No,Pavement Markings,3,1,Complains Of Pain,,41.82296,-71.39996
724379,2018-00039981,23-Apr-18,1:39:00 PM,Pedestrian,1,,,,1,BROAD ST,ADELAIDE AVE ,Erick Fernandez,228,23-Apr-18,"Two-Way , Not Divided",Dry,Dark - Lighted,Clear,Not a Collision Between Two Motor Vehicles in Transport,"Yes, M/V and Driver Left Scene",No Controls,1,1,Complains Of Pain,,41.79874,-71.41534
724398,2018-00040020,23-Apr-18,3:19:00 PM,Pedestrian,1,,,,1,235 Eaton St ,RADCLIFFE AVE ,Joseph Lopes,227,23-Apr-18,"Two-Way , Not Divided",Dry,Daylight,Clear,Not a Collision Between Two Motor Vehicles in Transport,No,No Controls,3,1,Complains Of Pain,,41.84115,-71.43001
724088,2018-00039628,22-Apr-18,1:23:00 PM,Pedestrian,1,,,,1,DOUGLAS AVE,WAYNE ST ,Fernando Lopez,156,22-Apr-18,"Two-Way , Not Divided",Dry,Daylight,Clear,Not a Collision Between Two Motor Vehicles in Transport,No,No Controls,3,1,Non-Incapacitating,,41.83594,-71.41935
722323,2018-00037985,17-Apr-18,2:42:00 PM,Pedestrian,1,,,,1,291 Thayer st,CUSHING ST ,Joseph Lopes,227,17-Apr-18,One-Way Trafficway,Dry,Daylight,Clear,Not a Collision Between Two Motor Vehicles in Transport,No,Stop Signs,2,1,Complains Of Pain,,41.83,-71.4009
721313,2018-00037005,14-Apr-18,12:09:00 PM,Pedestrian,1,,,,1,1010 CHALKSTONE AVENUE,TIFFANY ST ,Dormica Waters,427,14-Apr-18,"Two-Way , Not Divided",Dry,Daylight,Clear,Other,No,No Controls,2,1,Complains Of Pain,,41.83226,-71.44098
720530,2018-00036334,12-Apr-18,3:29:00 PM,Pedestrian,1,,,,1,Althea St ,Union Ave ,Jennifer Fonseca,402,12-Apr-18,"Two-Way, Divided, Unprotected (painted>4feet) Medium",Dry,Daylight,Clear,Not a Collision Between Two Motor Vehicles in Transport,No,No Controls,2,1,Complains Of Pain,,41.80934,-71.43873
720016,2018-00036070,11-Apr-18,9:46:00 PM,Pedestrian,1,,,,1,HAGAN ST,Charles St ,Joseph Lopes,227,11-Apr-18,"Two-Way , Not Divided",Dry,Dark - Lighted,Clear,Not a Collision Between Two Motor Vehicles in Transport,No,Stop Signs,3,1,Complains Of Pain,,41.85707,-71.42112
717576,2018-00034200,06-Apr-18,2:55:00 PM,Pedestrian,1,,,,1,BROAD ST,BROAD ST ,Raleek Byfield,375,06-Apr-18,"Two-Way, Divided, Unprotected (painted>4feet) Medium",Wet,Daylight,Snow,Not a Collision Between Two Motor Vehicles in Transport,"Yes, M/V and Driver Left Scene",Pavement Markings,2,1,Complains Of Pain,,41.80572,-71.41978
717770,2018-00034294,06-Apr-18,8:09:00 PM,Pedestrian,1,,,,1,DOUGLAS AVE,DOUGLAS AVE ,Cory Vingi,237,06-Apr-18,"Two-Way , Not Divided",Wet,Dark - Lighted,Cloudy,Not a Collision Between Two Motor Vehicles in Transport,No,No Controls,2,1,Complains Of Pain,,41.83567,-71.41871
716182,2018-00033121,03-Apr-18,1:01:00 PM,Pedestrian,1,,,,1,S MAIN ST,COLLEGE ST ,KEN MATSUMOTO,348,03-Apr-18,One-Way Trafficway,Dry,Daylight,Cloudy,Not a Collision Between Two Motor Vehicles in Transport,No,Pavement Markings,2,1,Complains Of Pain,,41.82528,-71.40756
715753,2018-00032749,02-Apr-18,12:00:00 PM,Pedestrian,1,,,,1,ELM ST,EDDY ST ,Thomas Rose,465,02-Apr-18,"Two-Way , Not Divided",Wet,Daylight,"Sleet, Hail (Freezing Rain or Drizzle)",Other,No,No Controls,4,1,Non-Incapacitating,,41.81825,-71.40748
715886,2018-00032799,02-Apr-18,3:11:00 PM,Pedestrian,1,,,,1,BROADWAY,SERVICE ROAD 8 ,Taft Manzotti,377,02-Apr-18,"Two-Way , Not Divided",Dry,Daylight,Clear,Not a Collision Between Two Motor Vehicles in Transport,No,Traffic Control Signal,3,1,Complains Of Pain,,41.82212,-71.41976
714851,2018-00031737,30-Mar-18,12:53:00 PM,Pedestrian,1,,,,1,SALMON ST,MANTON AVE ,Fernando Lopez,156,30-Mar-18,"Two-Way , Not Divided",Dry,Daylight,Clear,Not a Collision Between Two Motor Vehicles in Transport,No,Pavement Markings,3,1,Complains Of Pain,,41.82521,-71.45405
713626,2018-00030807,27-Mar-18,5:39:00 PM,Pedestrian,1,,,,1,Dean Street ,BROADWAY ,James Lanier,211,27-Mar-18,"Two-Way, Divided, Unprotected (painted>4feet) Medium",Dry,Daylight,Clear,Not a Collision Between Two Motor Vehicles in Transport,No,No Controls,2,1,Non-Incapacitating,2,41.82133,-71.42247
713019,2018-00030457,26-Mar-18,6:01:00 PM,Bicycle,,1,,,1,159 WEYBOSSET ST,,MICHAEL R. TROIA / TRAFFIC BUREAU,331,26-Mar-18,"Two-Way , Not Divided",Dry,Daylight,Clear,Not a Collision Between Two Motor Vehicles in Transport,No,No Controls,5,1,Complains Of Pain,2,41.82249,-71.41157
711316,2018-00028759,21-Mar-18,4:26:00 PM,Pedestrian,1,,,,1,881 WESTMINSTER ST,,MICHAEL R. TROIA / TRAFFIC BUREAU,331,21-Mar-18,"Two-Way , Not Divided",Wet,Daylight,Snow,Not a Collision Between Two Motor Vehicles in Transport,No,No Controls,4,1,Complains Of Pain,2,41.81737,-71.42278
711110,2018-00028601,20-Mar-18,6:15:00 PM,Bicycle,,1,,,1,BERGEN ST,ANDEM ST ,Michael Luke,245,21-Mar-18,"Two-Way , Not Divided",Dry,Dark - Lighted,Clear,Not a Collision Between Two Motor Vehicles in Transport,"Yes, M/V and Driver Left Scene",Stop Signs,1,1,Complains Of Pain,,41.83078,-71.43984
709180,2018-00027155,17-Mar-18,1:53:00 AM,Pedestrian,1,,,,1,ACORN ST,ATWELLS AVE ,Robert Heaton,539,17-Mar-18,"Two-Way , Not Divided",Dry,Dark - Lighted,Clear,Other,"Yes, M/V and Driver Left Scene",No Controls,4,1,Complains Of Pain,2,41.82385,-71.42801
707593,2018-00026407,14-Mar-18,11:55:00 PM,Pedestrian,1,,,,1,SOMERSET ST,BROAD ST ,Robert Heaton,539,15-Mar-18,"Two-Way , Not Divided",Wet,Dark - Lighted,Cloudy,Other,No,No Controls,4,1,Incapacitating,2,41.81332,-71.42129
705961,2018-00025420,12-Mar-18,12:14:00 AM,Other,,,,,1,BROADWAY,DEAN ST ,Robert Heaton,539,12-Mar-18,"Two-Way , Not Divided",Dry,Dark - Lighted,Clear,Other,No,Flashing Traffic Control Signal,2,1,Non-Incapacitating,2,41.82139,-71.42258
706008,2018-00025483,12-Mar-18,7:31:00 AM,Pedestrian,1,,,,1,CHARLES ST,LEDGE ST ,Fernando Lopez,156,12-Mar-18,"Two-Way , Not Divided",Dry,Daylight,Clear,Not a Collision Between Two Motor Vehicles in Transport,No,No Controls,5,1,Complains Of Pain,,41.85335,-71.42046
706159,2018-00025587,12-Mar-18,1:54:00 PM,Pedestrian,1,,,,1,ATLANTIC AVE,NIAGARA ST ,Fernando Lopez,156,12-Mar-18,"Two-Way , Not Divided",Dry,Daylight,Clear,Not a Collision Between Two Motor Vehicles in Transport,"Yes, M/V and Driver Left Scene",No Controls,2,1,Complains Of Pain,,41.79925,-71.41661
705343,2018-00025032,10-Mar-18,8:10:00 PM,Pedestrian,1,,,,1,atwells ave,STEUBEN ST ,Graig Sion,254,10-Mar-18,"Two-Way, Divided, Unprotected (painted>4feet) Medium",Dry,Dark - Lighted,Clear,Other,"Yes, M/V and Driver Left Scene",Person,1,1,Complains Of Pain,,41.82508,-71.44905
704642,2018-00024295,08-Mar-18,6:04:00 PM,Pedestrian,1,,,,1,COLLEGE ST,BENEFIT ST ,Noel Field,260,08-Mar-18,"Two-Way , Not Divided",Dry,Dusk,Cloudy,Other,"Yes, M/V and Driver Left Scene",Pavement Markings,4,1,Complains Of Pain,,41.826,-71.40683
704051,2018-00023898,07-Mar-18,1:21:00 PM,Pedestrian,1,,,,1,NARRAGANSETT BLVD,WASHINGTON AVE ,Fernando Lopez,156,07-Mar-18,"Two-Way , Not Divided",Wet,Daylight,Rain,Not a Collision Between Two Motor Vehicles in Transport,No,No Controls,3,1,Complains Of Pain,,41.78823,-71.39574
704252,2018-00024006,07-Mar-18,7:48:00 PM,Pedestrian,1,,,,1,THURBERS AVE,BROAD ST ,John Benros,481,07-Mar-18,"Two-Way , Not Divided",Snow,Dark - Lighted,Snow,Other,No,No Controls,2,1,Complains Of Pain,,41.79822,-71.41453
703644,2018-00023589,06-Mar-18,3:50:00 PM,Pedestrian,1,,,,1,REGENT AVE,HAROLD ST ,Joseph Lopes,227,06-Mar-18,"Two-Way , Not Divided",Dry,Daylight,Clear,Not a Collision Between Two Motor Vehicles in Transport,"Yes, M/V and Driver Left Scene",Stop Signs,1,1,Complains Of Pain,,41.82972,-71.4387
702707,2018-00022719,04-Mar-18,2:48:00 AM,Pedestrian,2,,,,1,MESSER ST,CRANSTON ST ,Joshua Cascione,225,04-Mar-18,"Two-Way , Not Divided",Dry,Dark - Lighted,Cloudy,Not a Collision Between Two Motor Vehicles in Transport,"Yes, M/V and Driver Left Scene",No Controls,2,0,No Injury,,41.80963,-71.43345
702989,2018-00022957,04-Mar-18,7:10:00 PM,Pedestrian,1,,,,1,Parade St ,HOLLYWOOD RD ,Joseph Lopes,227,04-Mar-18,"Two-Way , Not Divided",Dry,Dark - Lighted,Clear,Not a Collision Between Two Motor Vehicles in Transport,No,Pavement Markings,4,1,Incapacitating,,41.81576,-71.43309
702484,2018-00022411,03-Mar-18,1:09:00 PM,Pedestrian,1,,,,1,Angel St,BENEFIT ST ,James Annis,454,03-Mar-18,"Two-Way , Not Divided",Dry,Daylight,Clear,Not a Collision Between Two Motor Vehicles in Transport,"Yes, M/V and Driver Left Scene",Traffic Control Signal,3,1,Complains Of Pain,2,41.82725,-71.40751
702124,2018-00021946,02-Mar-18,1:20:00 PM,Pedestrian,1,,,,1,BROAD ST,BROAD ST ,James Lanier,211,02-Mar-18,"Two-Way , Not Divided",Wet,Daylight,Rain,Not a Collision Between Two Motor Vehicles in Transport,No,No Controls,3,1,Non-Incapacitating,,41.79692,-71.41307
702183,2018-00022144,02-Mar-18,7:07:00 PM,Pedestrian,1,,,,1,BROADWAY,HARKNESS ST ,Cory Vingi,237,02-Mar-18,"Two-Way , Not Divided",Wet,Dark - Lighted,Clear,Not a Collision Between Two Motor Vehicles in Transport,No,No Controls,3,1,Complains Of Pain,,41.81862,-71.43441
702324,2018-00022186,02-Mar-18,9:16:00 PM,Pedestrian,1,,,,1,Cranston St,DEXTER ST ,Deanna Johnson,408,02-Mar-18,"Two-Way , Not Divided",Wet,Dark - Lighted,Rain,Not a Collision Between Two Motor Vehicles in Transport,"Yes, M/V and Driver Left Scene",No Controls,1,1,Complains Of Pain,,41.81259,-71.42961
701370,2018-00021470,01-Mar-18,8:05:00 AM,Pedestrian,1,,,,1,BROADWAY,KNIGHT ST ,Fernando Lopez,156,01-Mar-18,"Two-Way , Not Divided",Dry,Daylight,Clear,Not a Collision Between Two Motor Vehicles in Transport,No,Pavement Markings,3,1,Complains Of Pain,,41.8198,-71.42936
700739,2018-00020804,27-Feb-18,2:20:00 PM,Pedestrian,1,,,,1,DORRANCE ST,WESTMINSTER ST ,Fernando Lopez,156,27-Feb-18,"Two-Way , Not Divided",Dry,Daylight,Clear,Not a Collision Between Two Motor Vehicles in Transport,No,Traffic Control Signal,2,1,Complains Of Pain,,41.8236,-71.41165
699965,2018-00019989,25-Feb-18,2:48:00 AM,Pedestrian,1,,,,1,BROAD ST,BROAD ST ,William Sherrill,363,25-Feb-18,"Two-Way , Not Divided",Dry,Dark - Lighted,Clear,Head-On (Front - to - Front),"Yes, M/V and Driver Left Scene",No Controls,4,1,Complains Of Pain,,41.79215,-71.40714