CrashReportId,ReportNumber,CrashDate,CrashTime,Collision Type,CountPedestrian,CountBicycle,Scooter,Wheel Chair,NumberofVehicles,StreetOrHighway,NearestIntersection,Officer,Badge,ReportDate,TypeOfRoadway,RoadSurfaceCondition,LightCondition,WeatherCondition,MannerofImpact,HitAndRun,TrafficControl,PersonCount,InjuryCount,MostSeriousInjury,NumberOfLanes,Latitude,Longitude
650857,2017-00120140,15-Nov-17,7:54:00 AM,Pedestrian,1,,,,1,ROSEBANK AVE,,James Annis,454,15-Nov-17,"Two-Way , Not Divided",Dry,Daylight,Clear,Not a Collision Between Two Motor Vehicles in Transport,No,No Controls,4,1,Complains Of Pain,2,41.83508,-71.43374
651118,2017-00120264,15-Nov-17,1:51:00 PM,Bicycle,,1,,,1,PARK ST,ORMS ST ,Cynthia Rodriguez,693,15-Nov-17,"Two-Way , Not Divided",Dry,Daylight,Clear,Not a Collision Between Two Motor Vehicles in Transport,"Yes, M/V and Driver Left Scene",No Controls,2,1,Complains Of Pain,,41.83474,-71.41541
651263,2017-00120385,15-Nov-17,6:54:00 PM,Pedestrian,1,,,,1,WASHINGTON ST,UNION ST ,Matthew Goddard,171,15-Nov-17,"Two-Way , Not Divided",Dry,Dark - Lighted,Clear,Not a Collision Between Two Motor Vehicles in Transport,No,Traffic Control Signal,3,0,No Injury,,41.8236,-71.414
651290,2017-00120352,15-Nov-17,5:36:00 PM,Pedestrian,1,,,,1,California Ave,VIRGINIA AVE ,Jessica Perez,414,15-Nov-17,"Two-Way , Not Divided",Dry,Dark - Lighted,Clear,Not a Collision Between Two Motor Vehicles in Transport,"Yes, M/V and Driver Left Scene",Stop Signs,1,1,Complains Of Pain,,41.78876,-71.39916
650063,2017-00119635,13-Nov-17,6:42:00 PM,Pedestrian,1,,,,1,RIVER AVE,DOUGLAS AVE ,James Lanier,211,13-Nov-17,"Two-Way, Divided, Unprotected (painted>4feet) Medium",Wet,Dark - Lighted,Rain,Not a Collision Between Two Motor Vehicles in Transport,No,No Controls,2,1,Incapacitating,,41.85272,-71.43718
649024,2017-00118955,11-Nov-17,6:49:00 PM,Pedestrian,1,,,,1,16 opper st,MONTICELLO ST ,David Impagliazzo,223,11-Nov-17,"Two-Way , Not Divided",Dry,Dark - Lighted,Clear,Not a Collision Between Two Motor Vehicles in Transport,No,No Controls,2,1,Complains Of Pain,,41.85211,-71.42308
646566,2017-00117262,07-Nov-17,8:35:00 AM,Pedestrian,1,,,,1,MORRIS AVE,ROCHAMBEAU AVE ,James Annis,454,07-Nov-17,"Two-Way , Not Divided",Dry,Daylight,Clear,Not a Collision Between Two Motor Vehicles in Transport,No,No Controls,2,1,Complains Of Pain,2,41.84697,-71.39476
646808,2017-00117546,07-Nov-17,10:29:00 PM,Bicycle,,1,,,1,Francis St,MEMORIAL BLVD ,Michael Clary,269,08-Nov-17,"Two-Way , Not Divided",Wet,Dark - Lighted,Rain,Not a Collision Between Two Motor Vehicles in Transport,No,Traffic Control Signal,3,1,Complains Of Pain,,41.82594,-71.41537
645773,2017-00116640,05-Nov-17,1:03:00 PM,Bicycle,,1,,,1,1303 NORTH MAIN ST,N MAIN ST ,Darren Hull,598,05-Nov-17,One-Way Trafficway,Dry,Daylight,Clear,Other,No,No Controls,3,0,No Injury,2,41.85581,-71.39988
645785,2017-00116676,05-Nov-17,1:19:00 PM,Pedestrian,1,,,,1,51 SILVER SPRING ST,,Fernando Lopez,156,05-Nov-17,Unknown,Dry,Daylight,Cloudy,Not a Collision Between Two Motor Vehicles in Transport,"Yes, M/V and Driver Left Scene",No Controls,3,1,Complains Of Pain,,41.84572,-71.41748
645669,2017-00116384,04-Nov-17,7:49:00 PM,Bicycle,,1,,,1,GREENWICH ST,BUCKLIN ST ,Troy Lambert,413,04-Nov-17,"Two-Way , Not Divided",Dry,Dark - Lighted,Clear,Not a Collision Between Two Motor Vehicles in Transport,"Yes, M/V and Driver Left Scene",Stop Signs,1,1,Complains Of Pain,,41.80232,-71.42765
645203,2017-00115697,03-Nov-17,6:34:00 AM,Bicycle,,1,,,1,CRANSTON ST,WAVERLY ST ,KEN MATSUMOTO - CAR 623,348,03-Nov-17,"Two-Way , Not Divided",Dry,Dark - Lighted,Clear,Not a Collision Between Two Motor Vehicles in Transport,No,No Controls,2,1,Complains Of Pain,,41.80832,-71.43454
644574,2017-00115425,02-Nov-17,3:20:00 PM,Pedestrian,1,,,,1,DORRANCE ST,WEYBOSSET ST ,Matthew Goddard,171,02-Nov-17,"Two-Way , Not Divided",Dry,Daylight,Clear,Not a Collision Between Two Motor Vehicles in Transport,No,Traffic Control Signal,3,1,Incapacitating,,41.82308,-71.411
646088,2017-00115597,02-Nov-17,9:52:00 PM,Pedestrian,1,,,,1,CHALKSTONE AVENUE ,GROVESNOR STREET ,Giuseppe Scarcello,485,06-Nov-17,"Two-Way , Not Divided",Dry,Dark - Lighted,Clear,Not a Collision Between Two Motor Vehicles in Transport,No,No Controls,5,1,Complains Of Pain,,41.82529,-71.42985
644402,2017-00115212,01-Nov-17,10:08:00 PM,Pedestrian,1,,,,1,STEEPLE ST,N MAIN ST ,Francisco Furtado,635,02-Nov-17,One-Way Trafficway,Dry,Daylight,Clear,Other,No,Traffic Control Signal,3,1,Complains Of Pain,,41.82748,-71.40909
643195,2017-00114181,30-Oct-17,2:40:00 PM,Pedestrian,1,,,,1,MEMORIAL BLVD,STEEPLE ST ,Fausto Garcia,109,30-Oct-17,"Two-Way, Divided, Positive Median Barrier",Dry,Daylight,Cloudy,Not a Collision Between Two Motor Vehicles in Transport,No,Traffic Control Signal,4,1,Complains Of Pain,4,41.82677,-71.41063
643270,2017-00114224,30-Oct-17,4:05:00 PM,Pedestrian,1,,,,1,SOUTH MAIN ST,COLLEGE ST ,Fausto Garcia,109,30-Oct-17,One-Way Trafficway,Dry,Daylight,Cloudy,Not a Collision Between Two Motor Vehicles in Transport,No,Traffic Control Signal,3,1,Complains Of Pain,2,41.82564,-71.40785
642622,2017-00113510,29-Oct-17,3:25:00 AM,Pedestrian,1,,,,1,FRIENDSHIP ST,RICHMOND ST ,Andrew Groot,188,29-Oct-17,"Two-Way , Not Divided",Dry,Dark - Lighted,Clear,Not a Collision Between Two Motor Vehicles in Transport,"Yes, M/V and Driver Left Scene",No Controls,1,1,Non-Incapacitating,,41.82051,-71.41087
642799,2017-00113741,29-Oct-17,6:46:00 PM,Pedestrian,1,,,,1,BURNS ST,MANILA ST ,David Harrington,276,29-Oct-17,One-Way Trafficway,Wet,Dark - Lighted,Rain,Not a Collision Between Two Motor Vehicles in Transport,"Yes, M/V and Driver Left Scene",No Controls,2,1,Complains Of Pain,,41.85385,-71.44526
642847,2017-00113744,29-Oct-17,6:54:00 PM,Pedestrian,1,,,,1,WASHINGTON ST,CANAL ST ,Miguel Castillo,489,29-Oct-17,One-Way Trafficway,Wet,Dark - Not Lighted,Rain,Not a Collision Between Two Motor Vehicles in Transport,No,Stop Signs,2,1,Complains Of Pain,,41.82673,-71.40939
642293,2017-00113324,28-Oct-17,9:06:00 PM,Pedestrian,1,,,,1,WASHINGTON ST,EMPIRE ST ,Genifer Wade,,28-Oct-17,"Two-Way , Not Divided",Dry,Dark - Lighted,Clear,Not a Collision Between Two Motor Vehicles in Transport,No,No Controls,2,1,Complains Of Pain,,41.82182,-71.41645
641593,2017-00112752,27-Oct-17,3:24:00 PM,Bicycle,,1,,,1,Blackstone Blvd,Irving Ave,Harrison Northup,232,27-Oct-17,One-Way Trafficway,Dry,Daylight,Clear,Angle (Front - to - Side) Right Angle (Includes Broadside),No,No Controls,2,0,No Injury,,41.83413,-71.38423
639765,2017-00111417,24-Oct-17,12:50:00 AM,Bicycle,,1,,,1,LAUREL HILL AVE,PLAINFIELD ST ,Gargar Grimes,323,24-Oct-17,"Two-Way, Divided, Unprotected (painted>4feet) Medium",Dry,Dark - Lighted,Clear,Not a Collision Between Two Motor Vehicles in Transport,No,Traffic Control Signal,3,1,Complains Of Pain,,41.81321,-71.45542
639820,2017-00111448,24-Oct-17,7:07:00 AM,Pedestrian,1,,,,1,CRANSTON ST,POTTERS AVE ,Fernando Lopez,156,24-Oct-17,"Two-Way , Not Divided",Wet,Daylight,Rain,Not a Collision Between Two Motor Vehicles in Transport,No,Pavement Markings,2,1,Complains Of Pain,,41.80511,-71.43769
639942,2017-00111449,24-Oct-17,7:09:00 AM,Pedestrian,1,,,,1,200 HAWKINS ST,BRANCH AVE ,Trent Hastings,326,24-Oct-17,"Two-Way , Not Divided",Wet,Daylight,Rain,Not a Collision Between Two Motor Vehicles in Transport,No,No Controls,4,1,Complains Of Pain,,41.85061,-71.4223
639390,2017-00111116,23-Oct-17,11:23:00 AM,Bicycle,,1,,,1,LIBRARY CT,WESTMINSTER ST ,Fernando Lopez,156,23-Oct-17,"Two-Way , Not Divided",Dry,Daylight,Clear,Not a Collision Between Two Motor Vehicles in Transport,No,Traffic Control Signal,3,0,No Injury,,41.81675,-71.44355
639744,2017-00111400,23-Oct-17,11:30:00 PM,Pedestrian,1,,,,1,343 broad st.,BROAD ST ,John Martin,186,24-Oct-17,Unknown,Dry,Dark - Lighted,Cloudy,Not a Collision Between Two Motor Vehicles in Transport,No,No Controls,3,1,Complains Of Pain,,41.81345,-71.42175
639068,2017-00110787,22-Oct-17,1:00:00 PM,Pedestrian,1,,,,1,Page St,WEYBOSSET ST ,Gary Slater,365,22-Oct-17,One-Way Trafficway,Dry,Daylight,Clear,Not a Collision Between Two Motor Vehicles in Transport,No,No Controls,2,1,Incapacitating,,41.8215,-71.41218
638752,2017-00110364,21-Oct-17,10:50:00 AM,Pedestrian,1,,,,1,MEMORIAL BLVD,EXCHANGE ST ,Rosemarie Chin,494,21-Oct-17,"Two-Way, Divided, Unprotected (painted>4feet) Medium",Dry,Daylight,Clear,"Sideswipe, Same Direction","Yes, M/V and Driver Left Scene",No Controls,1,1,Non-Incapacitating,,41.8268,-71.41207
638806,2017-00110410,21-Oct-17,2:11:00 PM,Bicycle,,1,,,1,CHALKSTONE AVE,RIVER AVE ,Raymond Criner,340,21-Oct-17,"Two-Way , Not Divided",Dry,Daylight,Clear,Not a Collision Between Two Motor Vehicles in Transport,No,Traffic Control Signal,5,1,Non-Incapacitating,,41.83258,-71.43854
638374,2017-00110039,20-Oct-17,3:38:00 PM,Pedestrian,1,,,,1,CHALKSTONE AVENUE ,ACADEMY AVENUE ,Giuseppe Scarcello,485,20-Oct-17,"Two-Way , Not Divided",Dry,Daylight,Clear,Not a Collision Between Two Motor Vehicles in Transport,"Yes, M/V and Driver Left Scene",Traffic Control Signal,2,1,Incapacitating,2,41.814,-71.44182
637754,2017-00109726,19-Oct-17,6:27:00 PM,Pedestrian,1,,,,1,CANAL ST,PARK ROW ,Fausto Garcia,109,19-Oct-17,One-Way Trafficway,Dry,Dark - Lighted,Clear,Not a Collision Between Two Motor Vehicles in Transport,No,No Controls,3,1,Complains Of Pain,,41.82862,-71.41074
635728,2017-00107786,14-Oct-17,6:56:00 PM,Pedestrian,1,,,,1,16 GROVER ST,LONGO ST ,Patrolman Malloy,311,14-Oct-17,"Two-Way , Not Divided",Dry,Dark - Lighted,Clear,Not a Collision Between Two Motor Vehicles in Transport,"Yes, M/V and Driver Left Scene",No Controls,1,1,Complains Of Pain,,41.81631,-71.45716
634351,2017-00107160,13-Oct-17,9:15:00 AM,Bicycle,,1,,,1,BROADWAY,GREENMAN LN ,Fernando Lopez,156,13-Oct-17,"Two-Way , Not Divided",Dry,Daylight,Clear,Not a Collision Between Two Motor Vehicles in Transport,No,Traffic Control Signal,4,1,Complains Of Pain,,41.82232,-71.41867
633885,2017-00106753,12-Oct-17,8:53:00 AM,Bicycle,,1,,,1,85 WATERMAN STREET,BROWN ST ,Brian Corcoran,562,12-Oct-17,One-Way Trafficway,Dry,Daylight,Clear,Other,No,No Controls,2,1,Complains Of Pain,1,41.82699,-71.40381
633890,2017-00106763,12-Oct-17,9:16:00 AM,Other,,,,X,2,NAHANT ST,OPPER ST ,Fernando Lopez,156,12-Oct-17,"Two-Way , Not Divided",Dry,Daylight,Clear,Other,No,No Controls,5,0,No Injury,,41.85297,-71.42179
634017,2017-00106853,12-Oct-17,2:29:00 PM,Pedestrian,1,,,,1,Broad street,CLAVERICK ST ,Michael Cifuentes,330,12-Oct-17,"Two-Way , Not Divided",Dry,Daylight,Clear,Other,No,No Controls,2,1,Complains Of Pain,,41.81939,-71.41492
633322,2017-00106313,11-Oct-17,6:24:00 AM,Pedestrian,2,,,,1,731 Eddy St,EUDORA ST ,Michael Sepe,367,11-Oct-17,"Two-Way, Divided, Unprotected (painted>4feet) Medium",Dry,Daylight,Clear,Not a Collision Between Two Motor Vehicles in Transport,No,No Controls,3,2,Complains Of Pain,,41.80791,-71.40724
633703,2017-00106497,11-Oct-17,4:05:00 PM,Bicycle,,1,,,1,COLLEGE RD,6TH AVE ,Alexa Levesque,248,11-Oct-17,"Two-Way , Not Divided",Dry,Daylight,Clear,Not a Collision Between Two Motor Vehicles in Transport,No,No Controls,3,1,Non-Incapacitating,,41.84066,-71.46723
633739,2017-00106494,11-Oct-17,4:01:00 PM,Pedestrian,1,,,,1,MATHEWSON ST,WESTMINSTER ST ,Miguel Castillo,489,11-Oct-17,One-Way Trafficway,Dry,Daylight,Clear,Not a Collision Between Two Motor Vehicles in Transport,No,No Controls,3,1,Incapacitating,,41.82211,-71.41356
633009,2017-00106092,10-Oct-17,5:37:00 PM,Pedestrian,1,,,,1,361 RESERVOIR AVE,PONTIAC AVE,Edward Leste,595,10-Oct-17,Unknown,Dry,Dawn,Clear,Not a Collision Between Two Motor Vehicles in Transport,No,No Controls,2,1,Complains Of Pain,,41.78767,-71.43147
632639,2017-00105749,09-Oct-17,7:13:00 PM,Pedestrian,1,,,,1,SUPERIOR ST,CRANSTON ST ,Ptlm Ramos,285,09-Oct-17,"Two-Way , Not Divided",Wet,Dark - Lighted,Rain,Not a Collision Between Two Motor Vehicles in Transport,No,No Controls,2,1,Complains Of Pain,,41.81043,-71.43265
632641,2017-00105750,09-Oct-17,7:15:00 PM,Pedestrian,1,,,,1,SACKETT ST,BROAD ST ,Daryl Pfeiffer,241,09-Oct-17,"Two-Way , Not Divided",Wet,Dark - Lighted,Rain,Not a Collision Between Two Motor Vehicles in Transport,"Yes, M/V and Driver Left Scene",No Controls,1,1,Complains Of Pain,,41.79616,-71.41212
632425,2017-00105431,08-Oct-17,8:42:00 PM,Bicycle,,1,,,1,CRANSTON STREET,POTTERS AVE ,Luis Pelaez,336,08-Oct-17,"Two-Way , Not Divided",Dry,Dark - Lighted,Clear,Not a Collision Between Two Motor Vehicles in Transport,"Yes, M/V and Driver Left Scene",Stop Signs,1,1,Complains Of Pain,2,41.80505,-71.43778
631798,2017-00104739,07-Oct-17,3:35:00 AM,Pedestrian,1,,,,1,571 Union Ave,POCASSET AVE ,Kristen Barth,247,07-Oct-17,"Two-Way , Not Divided",Dry,Dark - Lighted,Clear,Not a Collision Between Two Motor Vehicles in Transport,"Yes, M/V and Driver Left Scene",No Controls,1,1,Complains Of Pain,,41.80649,-71.4574
631767,2017-00104588,06-Oct-17,9:30:00 PM,Pedestrian,1,,,,1,MERINO ST/ HARTFORD AVE,CROWNINSHIELD ST ,Ryan Malloy,311,06-Oct-17,"Two-Way , Not Divided",Dry,Dark - Lighted,Clear,Not a Collision Between Two Motor Vehicles in Transport,"Yes, M/V and Driver Left Scene",No Controls,1,0,Unknown,,41.81863,-71.45912
631403,2017-00104120,05-Oct-17,8:33:00 PM,Pedestrian,2,,,,1,WESTMINSTER ST,SERVICE ROAD 8 ,Glen Morgan,558,05-Oct-17,One-Way Trafficway,Dry,Dark - Lighted,Clear,Not a Collision Between Two Motor Vehicles in Transport,No,No Controls,4,2,Complains Of Pain,,41.81923,-71.41782
631432,2017-00104052,05-Oct-17,5:52:00 PM,Pedestrian,1,,,,1,WESTMINSTER ST,KNIGHT ST ,Christopher Castagliuolo,351,05-Oct-17,"Two-Way , Not Divided",Dry,Daylight,Clear,Not a Collision Between Two Motor Vehicles in Transport,No,No Controls,3,1,Complains Of Pain,,41.81713,-71.42626
630508,2017-00103156,03-Oct-17,3:04:00 PM,Pedestrian,1,,,,1,BRIDGHAM ST,ELMWOOD AVE ,Christopher Castagliuolo,351,03-Oct-17,"Two-Way , Not Divided",Dry,Daylight,Clear,Not a Collision Between Two Motor Vehicles in Transport,No,Traffic Control Signal,3,1,Complains Of Pain,,41.81277,-71.42218
629952,2017-00102756,02-Oct-17,2:37:00 PM,Pedestrian,1,,,,1,UNION AVE,RT 10 NORTH ON RAMP,Jose Deschamps,419,02-Oct-17,One-Way Trafficway,Dry,Daylight,Clear,Not a Collision Between Two Motor Vehicles in Transport,No,Traffic Control Signal,2,1,Complains Of Pain,,41.8088,-71.44022
630136,2017-00102766,02-Oct-17,3:10:00 PM,Pedestrian,1,,,,1,Broad St,THURBERS AVE ,Anthony Moore,390,02-Oct-17,"Two-Way , Not Divided",Dry,Daylight,Clear,Not a Collision Between Two Motor Vehicles in Transport,No,Traffic Control Signal,2,1,Complains Of Pain,,41.7982,-71.41467
629027,2017-00101920,30-Sep-17,10:59:00 AM,Bicycle,1,,,,1,BOND ST,ATWELLS AVE ,Fernando Lopez,156,30-Sep-17,"Two-Way , Not Divided",Dry,Daylight,Clear,Not a Collision Between Two Motor Vehicles in Transport,No,No Controls,3,0,No Injury,,41.82329,-71.42313
628264,2017-00010183,28-Sep-17,3:15:00 PM,Pedestrian,1,,,,1,Smith St,Chalkstone Ave,Shaun Marmas,216,28-Sep-17,"Two-Way, Divided, Unprotected (painted>4feet) Medium",Dry,Daylight,Clear,Not a Collision Between Two Motor Vehicles in Transport,"Yes, M/V and Driver Left Scene",No Controls,1,1,Complains Of Pain,,41.83525,-71.42574
628267,2017-00101161,28-Sep-17,5:57:00 PM,Pedestrian,1,,,,1,WESTMINSTER ST,DORRANCE ST ,Raleek Byfield,375,28-Sep-17,"Two-Way, Divided, Unprotected (painted>4feet) Medium",Dry,Daylight,Clear,Not a Collision Between Two Motor Vehicles in Transport,No,No Controls,4,1,Complains Of Pain,,41.82361,-71.41167
627848,2017-00100740,27-Sep-17,7:13:00 PM,Bicycle,,1,,,1,KNIGHT ST,WESTMINSTER ST ,Guillermo Vargas,404,27-Sep-17,"Two-Way, Divided, Positive Median Barrier",Dry,Dark - Lighted,Clear,Other,No,Person,3,1,Complains Of Pain,,41.81719,-71.42627
626749,2017-00100159,26-Sep-17,11:10:00 AM,Bicycle,,1,,,1,LAUREL AVE,ELMGROVE AVE ,Fernando Lopez,156,26-Sep-17,"Two-Way , Not Divided",Dry,Daylight,Clear,Not a Collision Between Two Motor Vehicles in Transport,No,Stop Signs,5,1,Complains Of Pain,,41.83699,-71.39177
626991,2017-00100331,26-Sep-17,6:59:00 PM,Pedestrian,1,,,,1,HENRIETTA ST,MOY ST ,Brad McParlin,395,26-Sep-17,"Two-Way , Not Divided",Dry,Dark - Lighted,Clear,Not a Collision Between Two Motor Vehicles in Transport,No,Stop Signs,4,1,Complains Of Pain,,41.85423,-71.43637
627035,2017-00100301,26-Sep-17,5:38:00 PM,Pedestrian,1,,,,1,ELMA ST,Broad Street,Ybelis Gonzalez,376,26-Sep-17,One-Way Trafficway,Dry,Daylight,Clear,Not a Collision Between Two Motor Vehicles in Transport,"Yes, M/V and Driver Left Scene",Other,2,1,Complains Of Pain,,41.79693,-71.41298
625705,2017-00099457,24-Sep-17,4:10:00 PM,Bicycle,,1,,,1,HENDRICK ST,ACADEMY AVE ,Michael Gammino,491,24-Sep-17,"Two-Way, Divided, Unprotected (painted>4feet) Medium",Dry,Daylight,Clear,Head-On (Front - to - Front),"Yes, M/V and Driver Left Scene",No Controls,1,1,Non-Incapacitating,,41.8279,-71.44383
625718,2017-00099506,24-Sep-17,6:24:00 PM,Bicycle,,1,,,1,200 Exchange Street ,STILLMAN ST ,Anthony Doucette,475,24-Sep-17,"Two-Way , Not Divided",Dry,Daylight,Clear,Not a Collision Between Two Motor Vehicles in Transport,No,Stop Signs,3,0,No Injury,,41.82778,-71.41276
625747,2017-00040900,24-Sep-17,4:15:00 PM,Bicycle,,1,,,1,VEAZIE ST,DOUGLAS AVE ,Jason Dennis,392,24-Sep-17,"Two-Way , Not Divided",Dry,Daylight,Clear,Not a Collision Between Two Motor Vehicles in Transport,No,No Controls,2,1,Non-Incapacitating,2,41.85086,-71.43433
624829,2017-00098882,23-Sep-17,1:01:00 PM,Pedestrian,1,,,X,1,BROAD ST,SERVICE ROAD 7 ,Fernando Lopez,156,23-Sep-17,One-Way Trafficway,Dry,Daylight,Clear,Not a Collision Between Two Motor Vehicles in Transport,No,Traffic Control Signal,3,1,Complains Of Pain,,41.81736,-71.41696
625212,2017-00099037,23-Sep-17,7:39:00 PM,Bicycle,,1,,,1,1000 Elmwood Ave,ROSE AVE ,Ybelis Gonzalez,376,23-Sep-17,"Two-Way, Divided, Unprotected (painted>4feet) Medium",Dry,Dark - Lighted,Clear,Not a Collision Between Two Motor Vehicles in Transport,No,No Controls,2,0,No Injury,,41.78427,-71.41877
624629,2017-00098589,22-Sep-17,7:19:00 PM,Pedestrian,1,,,,1,LINWOOD AVE,DEXTER ST ,Adrian Francis,239,22-Sep-17,"Two-Way, Divided, Unprotected (painted>4feet) Medium",Wet,Dark - Lighted,Rain,Not a Collision Between Two Motor Vehicles in Transport,"Yes, M/V and Driver Left Scene",No Controls,1,1,Complains Of Pain,,41.80536,-71.42958
624633,2017-00098637,22-Sep-17,9:34:00 PM,Pedestrian,1,,,,1,BRADFORD ST,ATWELLS AVE ,Brittany Boudreau,236,22-Sep-17,"Two-Way, Divided, Unprotected (painted>4feet) Medium",Wet,Dark - Lighted,Rain,Not a Collision Between Two Motor Vehicles in Transport,"Yes, M/V and Driver Left Scene",No Controls,1,1,Complains Of Pain,,41.82323,-71.42178
623943,2017-00098001,21-Sep-17,11:28:00 AM,Pedestrian,1,,,,1,Manton Ave,RIDGEWAY AVE ,Anthony Moore,390,21-Sep-17,"Two-Way , Not Divided",Dry,Daylight,Clear,"Sidwswipe, Opposite Direction",No,No Controls,3,1,Complains Of Pain,,41.82721,-71.46093
623974,2017-00098107,21-Sep-17,4:03:00 PM,Bicycle,,1,,,1,PARK ROW E,CANAL ST ,Glen Morgan,558,21-Sep-17,"Two-Way , Not Divided",Dry,Daylight,Clear,"Sideswipe, Same Direction",No,No Controls,3,0,No Injury,,41.82846,-71.41071
623878,2017-00097699,20-Sep-17,4:50:00 PM,Pedestrian,1,,,,1,EXCHANGE TER,Dorrance St,Francisco Furtado,635,21-Sep-17,"Two-Way, Divided, Positive Median Barrier",Dry,Daylight,Clear,Other,No,Traffic Control Signal,2,1,Complains Of Pain,,41.82503,-71.4148
622530,2017-00096973,18-Sep-17,7:24:00 PM,Bicycle,,1,,,1,Potters Avenue and Broad Street,BROAD ST ,Marwing Pena,423,18-Sep-17,"Two-Way , Not Divided",Dry,Dark - Lighted,Clear,Angle (Front - to - Side) Opposite Direction,No,Traffic Control Signal,2,1,Complains Of Pain,,41.80297,-71.41893
621639,2017-00096259,17-Sep-17,1:56:00 AM,Pedestrian,1,,,,1,ATWELLS AVE,EUTAW ST ,Vincent Lopez,219,17-Sep-17,"Two-Way , Not Divided",Dry,Dark - Lighted,Clear,Not a Collision Between Two Motor Vehicles in Transport,"Yes, M/V and Driver Left Scene",No Controls,1,0,No Injury,,41.82353,-71.42605
621159,2017-00095713,16-Sep-17,1:52:00 AM,Bicycle,,1,,,2,PUTNAM ST,HALE ST ,Joseph Amoroso,613,16-Sep-17,"Two-Way , Not Divided",Dry,Dark - Lighted,Clear,Not a Collision Between Two Motor Vehicles in Transport,No,No Controls,4,1,Incapacitating,,41.82384,-71.44389
621490,2017-00095998,16-Sep-17,6:35:00 PM,Bicycle,,1,,,1,HUNTINGTON AVE,PLYMOUTH ST ,Michael Camardo,357,16-Sep-17,"Two-Way , Not Divided",Dry,Dusk,Clear,"Sidwswipe, Opposite Direction",No,Stop Signs,3,1,Complains Of Pain,,41.80115,-71.43221
621610,2017-00096012,16-Sep-17,7:02:00 PM,Pedestrian,1,,,,1,Smith Street,Pinehurst Avenue,Joseph Amoroso,613,16-Sep-17,"Two-Way , Not Divided",Dry,Dark - Lighted,Clear,Not a Collision Between Two Motor Vehicles in Transport,No,No Controls,2,1,Incapacitating,,41.8373,-71.43289
620596,2017-00095274,15-Sep-17,9:05:00 AM,Bicycle,,1,,,1,CARRINGTON AVE,HOPE ST ,Jose Deschamps,419,15-Sep-17,"Two-Way, Divided, Unprotected (painted>4feet) Medium",Dry,Daylight,Clear,Other,"Yes, M/V and Driver Left Scene",No Controls,2,1,Non-Incapacitating,,41.83658,-71.40118
620603,2017-00095276,15-Sep-17,9:07:00 AM,Bicycle,,1,,,1,WARRINGTON AVE,ELMWOOD AVE,Jose Deschamps,419,15-Sep-17,"Two-Way, Divided, Positive Median Barrier",Dry,Daylight,Clear,Angle (Front - to - Side) Right Angle (Includes Broadside),No,Stop Signs,3,1,Complains Of Pain,,41.82267,-71.46053
620624,2017-00095321,15-Sep-17,10:53:00 AM,Bicycle,,1,,,1,ELMWOOD AVE,PEACE ST,Jose Deschamps,419,15-Sep-17,"Two-Way, Divided, Unprotected (painted>4feet) Medium",Dry,Daylight,Clear,Not a Collision Between Two Motor Vehicles in Transport,"Yes, M/V and Driver Left Scene",Traffic Control Signal,1,1,Complains Of Pain,,41.80655,-71.42494
620685,2017-00095397,15-Sep-17,2:32:00 PM,Pedestrian,1,,,,1,Pleasant Valley Pkwy,Valley Street,Robert Foley,242,15-Sep-17,One-Way Trafficway,Dry,Daylight,Clear,Not a Collision Between Two Motor Vehicles in Transport,No,No Controls,3,1,Complains Of Pain,,41.83076,-71.4281
620994,2017-00095556,15-Sep-17,8:11:00 PM,Bicycle,,1,,,1,EXIT 22A (RT ),FRANCIS ST ,Stephen Sage,353,15-Sep-17,One-Way Trafficway,Dry,Dark - Lighted,Clear,Other,No,Traffic Control Signal,2,1,Complains Of Pain,,41.82577,-71.41527
619234,2017-00093939,12-Sep-17,7:40:00 AM,Bicycle,,1,,,1,POTTERS AVE,CRANSTON ST ,Fernando Lopez,156,12-Sep-17,"Two-Way , Not Divided",Dry,Daylight,Clear,Not a Collision Between Two Motor Vehicles in Transport,No,Other,4,1,Complains Of Pain,,41.80502,-71.4377
619243,2017-00093967,12-Sep-17,9:22:00 AM,Bicycle,,1,,,1,CRARY STREET,EDDY STREET,Jessica Salmeron,356,12-Sep-17,One-Way Trafficway,Dry,Daylight,Clear,Not a Collision Between Two Motor Vehicles in Transport,No,Traffic Control Signal,3,1,Complains Of Pain,2,41.82004,-71.43725
619034,2017-00093785,11-Sep-17,7:20:00 PM,Bicycle,1,1,,,1,chapin ave,ELLERY ST ,Alex Diaz ,420,11-Sep-17,"Two-Way , Not Divided",Dry,Dawn,Clear,"Sidwswipe, Opposite Direction","Yes, M/V and Driver Left Scene",No Controls,3,0,No Injury,,41.81188,-71.43817
618207,2017-00093226,10-Sep-17,2:09:00 PM,Bicycle,,1,,,1,RANKIN STREET,WHITFORD STREET,Jessica Salmeron,356,10-Sep-17,"Two-Way , Not Divided",Dry,Daylight,Clear,Not a Collision Between Two Motor Vehicles in Transport,No,Stop Signs,3,1,Complains Of Pain,,41.8386,-71.43575