CrashReportId,ReportNumber,CrashDate,CrashTime,Collision Type,CountPedestrian,CountBicycle,Scooter,Wheel Chair,NumberofVehicles,StreetOrHighway,NearestIntersection,Officer,Badge,ReportDate,TypeOfRoadway,RoadSurfaceCondition,LightCondition,WeatherCondition,MannerofImpact,HitAndRun,TrafficControl,PersonCount,InjuryCount,MostSeriousInjury,NumberOfLanes,Latitude,Longitude
578795,2017-00053747,07-Jun-17,7:54:00 AM,Pedestrian,1,,,,1,US HWY 6 E,WESTMINSTER ST ,Thiago Gomes,532,07-Jun-17,One-Way Trafficway,Dry,Daylight,Cloudy,Head-On (Front - to - Front),No,Traffic Control Signal,2,1,Complains Of Pain,2,41.81576,-71.43875
577920,2017-00053208,05-Jun-17,3:00:00 PM,Pedestrian,1,,,,1,PUBLIC ST,HILTON ST ,Trent Hastings,326,05-Jun-17,"Two-Way , Not Divided",Dry,Daylight,Cloudy,Not a Collision Between Two Motor Vehicles in Transport,No,No Controls,2,1,Complains Of Pain,,41.80593,-71.41316
577944,2017-00053231,05-Jun-17,6:50:00 PM,Bicycle,,1,,,1,4TH ST,SUMMIT AVE ,Jessica Leone,258,05-Jun-17,"Two-Way , Not Divided",Dry,Dark - Lighted,Clear,Other,"Yes, M/V and Driver Left Scene",No Controls,2,0,No Injury,,41.85052,-71.39825
576913,2017-00052068,02-Jun-17,4:45:00 PM,Bicycle,,1,,,1,PUMGANSETT ST,ADMIRAL ST ,KEN MATSUMOTO,348,02-Jun-17,"Two-Way , Not Divided",Wet,Daylight,Cloudy,Not a Collision Between Two Motor Vehicles in Transport,No,Pavement Markings,3,1,Complains Of Pain,,41.84268,-71.422
576980,2017-00052151,02-Jun-17,8:08:00 PM,Bicycle,,1,,,1,HAMLIN ST,ELMWOOD AVE ,KEN MATSUMOTO,348,02-Jun-17,"Two-Way , Not Divided",Dry,Daylight,Clear,Not a Collision Between Two Motor Vehicles in Transport,No,No Controls,2,0,No Injury,,41.7809,-71.42112
576803,2017-00051792,01-Jun-17,9:40:00 PM,Pedestrian,1,,,,1,PLAINFIELD ST,DUXBURY ST ,Jose Mendez,321,01-Jun-17,"Two-Way , Not Divided",Dry,Dark - Lighted,Clear,Other,No,No Controls,2,1,Complains Of Pain,,41.81215,-71.46159
576369,2017-00051270,31-May-17,12:47:00 PM,Bicycle,,1,,,1,391 CHARLES ST,SILVER SPRING ST ,Jose Deschamps,419,31-May-17,"Two-Way , Not Divided",Dry,Daylight,Clear,Other,No,No Controls,4,1,Complains Of Pain,,41.84455,-71.41863
575796,2017-00050760,29-May-17,9:01:00 PM,Pedestrian,1,,,,1,Huntington Ave,,Michael Clary,269,30-May-17,One-Way Trafficway,Dry,Dark - Lighted,Clear,Not a Collision Between Two Motor Vehicles in Transport,No,No Controls,5,1,Complains Of Pain,,41.80394,-71.43901
574021,2017-00049066,25-May-17,1:24:00 PM,Pedestrian,1,,,,1,ATWELLS AVE,VALLEY ST ,Raymond King,633,25-May-17,"Two-Way , Not Divided",Wet,Daylight,Rain,Not a Collision Between Two Motor Vehicles in Transport,No,Traffic Control Signal,4,1,Complains Of Pain,2,41.82456,-71.43949
573119,2017-00048018,22-May-17,3:40:00 PM,Pedestrian,1,,,,1,SMITH ST,CHALKSTONE AVE ,Trent Hastings,326,22-May-17,"Two-Way , Not Divided",Dry,Daylight,Rain,Not a Collision Between Two Motor Vehicles in Transport,No,No Controls,3,1,Complains Of Pain,,41.83521,-71.42565
573133,2017-00047998,22-May-17,3:03:00 PM,Pedestrian,1,,,,1,UNION AVE,SORRENTO ST ,Adrian Francis,239,22-May-17,"Two-Way, Divided, Unprotected (painted>4feet) Medium",Wet,Daylight,Cloudy,Not a Collision Between Two Motor Vehicles in Transport,No,No Controls,2,1,Non-Incapacitating,,41.81003,-71.4355
572355,2017-00047503,21-May-17,3:47:00 AM,Pedestrian,1,,,,1,BROAD ST,SOMERSET ST ,Robert Heaton,539,21-May-17,"Two-Way , Not Divided",Dry,Dark - Lighted,Clear,Other,"Yes, M/V and Driver Left Scene",No Controls,3,1,Incapacitating,2,41.81373,-71.42156
571646,2017-00046724,19-May-17,3:16:00 PM,Bicycle,,1,,,1,WESTMINSTER ST,DEXTER ST ,Richard Mendez,288,19-May-17,"Two-Way , Not Divided",Dry,Daylight,Clear,Not a Collision Between Two Motor Vehicles in Transport,"Yes, M/V and Driver Left Scene",Pavement Markings,1,0,No Injury,,41.81659,-71.43134
572160,2017-00046682,19-May-17,1:23:00 PM,Bicycle,,,,,2,I 95 N,DOUGLAS AVE ,Cynthia Rodriguez,693,19-May-17,"Two-Way , Not Divided",Dry,Daylight,Clear,Angle (Front - to - Side) Same Direction,"Yes, M/V and Driver Left Scene",No Controls,1,0,No Injury,,41.8347,-71.41607
570932,2017-00046131,18-May-17,7:57:00 AM,Pedestrian,1,,,,1,ATWELLS AVE,VALLEY ST ,Jose Deschamps,419,18-May-17,"Two-Way, Divided, Unprotected (painted>4feet) Medium",Dry,Daylight,Clear,Not a Collision Between Two Motor Vehicles in Transport,No,Traffic Control Signal,2,0,No Injury,,41.82456,-71.43948
571007,2017-00046231,18-May-17,1:00:00 PM,Bicycle,,1,,,1,DOUGLAS AVE,LUBEC ST,Jose Deschamps,419,18-May-17,"Two-Way, Divided, Unprotected (painted>4feet) Medium",Dry,Daylight,Clear,Not a Collision Between Two Motor Vehicles in Transport,No,No Controls,2,1,Complains Of Pain,,41.84258,-71.44515
571177,2017-00046289,18-May-17,3:38:00 PM,Pedestrian,1,,,,1,RICHMOND ST,POINT ST ,Trent Hastings,326,18-May-17,"Two-Way , Not Divided",Dry,Daylight,Clear,Not a Collision Between Two Motor Vehicles in Transport,No,Traffic Control Signal,3,1,Complains Of Pain,,41.81657,-71.40728
570432,2017-00045458,16-May-17,2:23:00 PM,Pedestrian,1,,,,1,DUTTON ST,ATWELLS AVE ,Brian Ramos,285,16-May-17,"Two-Way , Not Divided",Dry,Daylight,Clear,Not a Collision Between Two Motor Vehicles in Transport,"Yes, M/V and Driver Left Scene",No Controls,1,1,Complains Of Pain,,41.82558,-71.45317
570503,2017-00045543,16-May-17,5:47:00 PM,Pedestrian,1,,,,1,BROAD ST,CLAVERICK ST ,Donald Castigliego,287,16-May-17,"Two-Way , Not Divided",Dry,Daylight,Clear,Not a Collision Between Two Motor Vehicles in Transport,No,Traffic Control Signal,7,1,Complains Of Pain,,41.81938,-71.41493
569919,2017-00045017,15-May-17,10:59:00 AM,Pedestrian,1,,,,1,635 ELMWOOD AVE,,MICHAEL R. TROIA / TRAFFIC BUREAU,331,15-May-17,"Two-Way, Divided, Positive Median Barrier",Wet,Daylight,Rain,Not a Collision Between Two Motor Vehicles in Transport,No,No Controls,4,1,Complains Of Pain,4,41.79479,-71.4245
569971,2017-00045106,15-May-17,3:30:00 PM,Bicycle,,1,,,1,GALLUP ST,GORDON AVE ,Donald Castigliego,287,15-May-17,"Two-Way , Not Divided",Dry,Daylight,Cloudy,Not a Collision Between Two Motor Vehicles in Transport,No,Stop Signs,3,1,Complains Of Pain,,41.79971,-71.41403
570185,2017-00044393,13-May-17,1:06:00 PM,Bicycle,,1,,,1,cranston st,wendell st,Albert Deschamps,527,16-May-17,"Two-Way , Not Divided",Dry,Daylight,Cloudy,Not a Collision Between Two Motor Vehicles in Transport,No,No Controls,2,0,No Injury,,41.80938,-71.42439
569842,2017-00044141,12-May-17,9:27:00 PM,Pedestrian,1,,,,1,375 Plainfield St,,Michael Clary,269,12-May-17,"Two-Way , Not Divided",Dry,Dark - Lighted,Clear,Not a Collision Between Two Motor Vehicles in Transport,No,No Controls,2,1,Complains Of Pain,,41.81377,-71.44875
567889,2017-00043195,10-May-17,8:59:00 AM,Pedestrian,1,,,,1,PUBLIC ST,PRAIRIE AVE ,Jose Deschamps,419,10-May-17,"Two-Way, Divided, Unprotected (painted>4feet) Medium",Dry,Daylight,Clear,Not a Collision Between Two Motor Vehicles in Transport,"Yes, M/V and Driver Left Scene",Traffic Control Signal,5,1,Incapacitating,,41.80556,-71.41481
567996,2017-00043282,10-May-17,2:16:00 PM,Pedestrian,1,,,,1,DEAN ST,W FOUNTAIN ST ,KEN MATSUMOTO,348,10-May-17,"Two-Way , Not Divided",Dry,Daylight,Cloudy,Not a Collision Between Two Motor Vehicles in Transport,No,Pavement Markings,2,1,Complains Of Pain,,41.81955,-71.42104
568407,2017-00043465,10-May-17,11:06:00 PM,Pedestrian,1,,,,1,VALLEY ST,DEAN ST ,Kyle Richards,209,11-May-17,"Two-Way, Divided, Unprotected (painted>4feet) Medium",Dry,Dark - Lighted,Clear,Not a Collision Between Two Motor Vehicles in Transport,No,Traffic Control Signal,2,1,Non-Incapacitating,,41.83149,-71.42836
567253,2017-00422375,07-May-17,6:42:00 PM,Pedestrian,1,,,,1,15 CLEMATIS ST,CHALKSTONE AVE ,Trent Hastings,326,07-May-17,"Two-Way , Not Divided",Dry,Daylight,Clear,Not a Collision Between Two Motor Vehicles in Transport,No,No Controls,3,1,Complains Of Pain,,41.83303,-71.4459
567341,2017-00042111,07-May-17,12:01:00 AM,Bicycle,,1,,,1,BROADWAY,COURTLAND ST ,Robert Heaton,539,07-May-17,"Two-Way , Not Divided",Wet,Dark - Lighted,Cloudy,Other,"Yes, M/V and Driver Left Scene",No Controls,2,1,Complains Of Pain,2,41.81936,-71.43122
566337,2017-00041315,05-May-17,12:08:00 AM,Bicycle,,1,,,1,CRANSTON ST,POTTERS AVE ,Ryan Fedo,210,05-May-17,"Two-Way, Divided, Unprotected (painted>4feet) Medium",Dry,Dark - Lighted,Clear,Not a Collision Between Two Motor Vehicles in Transport,No,No Controls,3,1,Non-Incapacitating,,41.80505,-71.43778
566566,2017-00041486,05-May-17,2:59:00 PM,Pedestrian,1,,,,1,DOUGLAS AVE,EATON ST ,Donald Castigliego,287,05-May-17,"Two-Way , Not Divided",Wet,Daylight,Rain,Not a Collision Between Two Motor Vehicles in Transport,"Yes, M/V and Driver Left Scene",No Controls,1,1,Complains Of Pain,,41.84099,-71.4273
566153,2017-00041212,04-May-17,5:37:00 PM,Pedestrian,1,,,,1,MANTON AVE,PALFREY PL ,Robert Carlin,309,04-May-17,"Two-Way , Not Divided",Dry,Daylight,Clear,Other,"Yes, M/V and Driver Left Scene",Traffic Control Signal,2,1,Complains Of Pain,,41.83389,-71.4677
565279,2017-00040492,02-May-17,4:42:00 PM,Bicycle,,1,,,1,MANTON AVE,Unit St,Juan Rodrigues,194,02-May-17,"Two-Way, Divided, Unprotected (painted>4feet) Medium",Dry,Daylight,Clear,Angle (Front - to - Side) Right Angle (Includes Broadside),No,No Controls,2,1,Complains Of Pain,,41.82538,-71.45468
564705,2017-00040060,01-May-17,12:07:00 PM,Bicycle,,1,,,1,GROVE ST,VINTON ST ,KEN MATSUMOTO,348,01-May-17,One-Way Trafficway,Dry,Daylight,Clear,Not a Collision Between Two Motor Vehicles in Transport,"Yes, M/V and Driver Left Scene",No Controls,3,1,Complains Of Pain,,41.82075,-71.42856
564319,2017-00039723,30-Apr-17,11:53:00 AM,Pedestrian,1,,,,1,CRANSTON ST,HARRISON ST ,KEN MATSUMOTO,348,30-Apr-17,"Two-Way , Not Divided",Dry,Daylight,Clear,Not a Collision Between Two Motor Vehicles in Transport,No,Stop Signs,3,1,Complains Of Pain,,41.81305,-71.42872
564089,2017-00039369,29-Apr-17,4:22:00 PM,Pedestrian,1,,,,1,895 ELMWOOD AVENUE,,Donald Castigliego,287,29-Apr-17,"Two-Way , Not Divided",Dry,Daylight,Clear,Not a Collision Between Two Motor Vehicles in Transport,No,No Controls,4,1,Non-Incapacitating,,41.7882,-71.42084
563569,2017-00038664,28-Apr-17,12:51:00 AM,Pedestrian,1,,,,1,STONELAW AVE,SHARON ST ,Robert Heaton,539,28-Apr-17,"Two-Way , Not Divided",Dry,Dark - Lighted,Cloudy,Other,No,No Controls,3,0,No Injury,2,41.84682,-71.44274
563645,2017-00038854,28-Apr-17,2:40:00 PM,Pedestrian,1,,X,,1,MANTON AVE,FRUIT HILL AVE ,KEN MATSUMOTO,348,28-Apr-17,"Two-Way , Not Divided",Dry,Daylight,Clear,Not a Collision Between Two Motor Vehicles in Transport,No,Traffic Control Signal,3,0,No Injury,,41.83388,-71.46783
563003,2017-00037957,25-Apr-17,6:35:00 PM,Pedestrian,1,,,,1,ACADEMY AVE,CHALKSTONE AVE ,Trent Hastings,326,25-Apr-17,"Two-Way , Not Divided",Wet,Daylight,Rain,Not a Collision Between Two Motor Vehicles in Transport,No,Traffic Control Signal,3,1,Complains Of Pain,,41.83243,-71.44453
561942,2017-00037215,23-Apr-17,1:01:00 PM,Pedestrian,1,,,,1,SMITH ST,HUXLEY AVE ,Fernando Lopez,156,23-Apr-17,"Two-Way , Not Divided",Dry,Daylight,Clear,Not a Collision Between Two Motor Vehicles in Transport,No,No Controls,3,1,Complains Of Pain,,41.83783,-71.43405
560650,2017-00035958,19-Apr-17,2:13:00 PM,Pedestrian,1,,,,1,PENNSYLVANIA AVE,PRAIRIE AVE ,KEN MATSUMOTO,348,19-Apr-17,"Two-Way , Not Divided",Dry,Daylight,Clear,Not a Collision Between Two Motor Vehicles in Transport,"Yes, M/V and Driver Left Scene",Stop Signs,2,1,Non-Incapacitating,,41.79785,-71.41152
560537,2017-00035722,18-Apr-17,7:57:00 PM,Bicycle,,1,,,1,COLLEGE ST,COLLEGE ST ,Trent Hastings,326,18-Apr-17,"Two-Way , Not Divided",Dry,Dark - Lighted,Clear,Not a Collision Between Two Motor Vehicles in Transport,No,Traffic Control Signal,2,1,Complains Of Pain,,41.82564,-71.40785
560145,2017-00035314,17-Apr-17,6:47:00 PM,Pedestrian,1,,X,,1,Branch Avenue,RT 146 South Exit Ramp,Matthew Nadeau,271,17-Apr-17,"Two-Way, Divided, Unprotected (painted>4feet) Medium",Dry,Dusk,Clear,Not a Collision Between Two Motor Vehicles in Transport,No,Traffic Control Signal,3,0,No Injury,,41.85338,-71.42771
559728,2017-00034792,16-Apr-17,12:55:00 PM,Bicycle,,1,,,1,HILLCREST AVE,CHALKSTONE AVE ,Jose Deschamps,419,16-Apr-17,"Two-Way, Divided, Unprotected (painted>4feet) Medium",Dry,Daylight,Clear,Not a Collision Between Two Motor Vehicles in Transport,No,Stop Signs,2,1,Complains Of Pain,,41.83289,-71.45858
559787,2017-00034855,16-Apr-17,5:07:00 PM,Bicycle,,1,,,1,EARLY ST,BROAD ST ,Donald Castigliego,287,16-Apr-17,"Two-Way , Not Divided",Dry,Daylight,Clear,Not a Collision Between Two Motor Vehicles in Transport,"Yes, M/V and Driver Left Scene",No Controls,1,1,Complains Of Pain,,41.79547,-71.41127
559294,2017-00034386,15-Apr-17,12:47:00 PM,Pedestrian,1,,,,1,E GEORGE ST,IVES ST ,William Hutchinson,391,15-Apr-17,"Two-Way , Not Divided",Dry,Daylight,Clear,Other,No,Stop Signs,3,1,Complains Of Pain,,41.82567,-71.39262
559491,2017-00034441,15-Apr-17,3:15:00 PM,Bicycle,,1,,,1,Valley St,BARSTOW ST ,Juan Rodrigues,194,15-Apr-17,"Two-Way, Divided, Unprotected (painted>4feet) Medium",Dry,Daylight,Clear,Not a Collision Between Two Motor Vehicles in Transport,No,No Controls,2,0,No Injury,,41.82406,-71.43959
558762,2017-00033823,14-Apr-17,12:09:00 AM,Pedestrian,1,,,,1,MEMORIAL BLVD,WASHINGTON ST ,Robert Heaton,539,14-Apr-17,"Two-Way, Divided, Positive Median Barrier",Dry,Dark - Lighted,Clear,Other,No,Traffic Control Signal,2,1,Non-Incapacitating,4,41.8263,-71.41009
558143,2017-00033138,12-Apr-17,11:17:00 AM,Pedestrian,1,,,,1,THOMAS ST,ANGELL ST ,KEN MATSUMOTO,348,12-Apr-17,One-Way Trafficway,Dry,Daylight,Clear,Not a Collision Between Two Motor Vehicles in Transport,No,Traffic Control Signal,2,1,Complains Of Pain,,41.82751,-71.40765
558315,2017-00033213,12-Apr-17,2:58:00 PM,Pedestrian,1,,,,1,FELIX ST,CHALKSTONE AVE ,Trent Hastings,326,12-Apr-17,"Two-Way , Not Divided",Dry,Daylight,Clear,Not a Collision Between Two Motor Vehicles in Transport,No,Stop Signs,3,1,Complains Of Pain,,41.83457,-71.42839
558422,2017-00033372,12-Apr-17,8:30:00 PM,Pedestrian,1,,,,1,ELMWOOD AVE,PARKIS AVE ,Robert Heaton,539,12-Apr-17,"Two-Way , Not Divided",Dry,Dark - Lighted,Clear,Other,"Yes, M/V and Driver Left Scene",Unknown,2,1,Complains Of Pain,4,41.80913,-71.42451
557829,2017-00032785,11-Apr-17,2:31:00 PM,Pedestrian,1,,,,1,Pitman St,E GEORGE ST ,Noel Field,260,11-Apr-17,One-Way Trafficway,Dry,Daylight,Clear,Not a Collision Between Two Motor Vehicles in Transport,No,No Controls,5,1,Complains Of Pain,,41.8268,-71.38731
557105,2017-00032023,09-Apr-17,3:23:00 PM,Bicycle,,1,,,1,BATTEY ST,WASHINGTON ST ,Donald Castigliego,287,09-Apr-17,"Two-Way , Not Divided",Dry,Daylight,Clear,Not a Collision Between Two Motor Vehicles in Transport,No,Stop Signs,3,1,Complains Of Pain,,41.81794,-71.42472
556707,2017-00031398,08-Apr-17,2:09:00 AM,Pedestrian,1,,,,1,CRANSTON ST,PARADE ST ,Isaiah Nerney,15636,08-Apr-17,"Two-Way , Not Divided",Dry,Dark - Lighted,Clear,Not a Collision Between Two Motor Vehicles in Transport,"Yes, M/V and Driver Left Scene",Unknown,1,1,Complains Of Pain,,41.8118,-71.43114
556790,2017-00031646,08-Apr-17,5:50:00 PM,Pedestrian,1,,,,1,SABIN ST,W EXCHANGE ST,MICHAEL R. TROIA / TRAFFIC BUREAU,331,08-Apr-17,One-Way Trafficway,Dry,Daylight,Clear,Not a Collision Between Two Motor Vehicles in Transport,No,No Controls,3,1,Complains Of Pain,3,41.82462,-71.41556
556651,2017-00031275,07-Apr-17,8:09:00 PM,Pedestrian,1,,,,1,100 LAURA ST,HAMILTON ST ,Trent Hastings,326,07-Apr-17,"Two-Way , Not Divided",Dry,Dark - Lighted,Clear,Not a Collision Between Two Motor Vehicles in Transport,No,No Controls,2,1,Complains Of Pain,,41.80116,-71.42243
554764,2017-00029897,03-Apr-17,3:54:00 PM,Pedestrian,2,,,,1,BRIDGHAM ST,ELMWOOD AVE ,Donald Castigliego,287,03-Apr-17,"Two-Way , Not Divided",Dry,Daylight,Clear,Not a Collision Between Two Motor Vehicles in Transport,"Yes, M/V and Driver Left Scene",Traffic Control Signal,2,2,Complains Of Pain,,41.81277,-71.42218
554767,2017-00029902,03-Apr-17,4:11:00 PM,Pedestrian,1,,,,1,PRAIRIE AVE,POTTERS AVE ,John Benros,481,03-Apr-17,"Two-Way , Not Divided",Dry,Daylight,Clear,Not a Collision Between Two Motor Vehicles in Transport,No,No Controls,3,1,Complains Of Pain,,41.80375,-71.41406
553984,2017-00029162,01-Apr-17,12:25:00 PM,Pedestrian,1,,,,1,CHALKSTONE AVE,ACADEMY AVE ,Richard Ramirez,338,01-Apr-17,"Two-Way, Divided, Unprotected (painted>4feet) Medium",Wet,Daylight,"Sleet, Hail (Freezing Rain or Drizzle)",Not a Collision Between Two Motor Vehicles in Transport,"Yes, M/V and Driver Left Scene",Traffic Control Signal,4,1,Complains Of Pain,2,41.83245,-71.44453
554144,2017-00029285,01-Apr-17,8:55:00 PM,Pedestrian,1,,,,1,MEMORIAL BLVD,EXCHANGE ST ,Kenneth Demarco,176,01-Apr-17,"Two-Way , Not Divided",Dry,Dark - Lighted,Cloudy,Not a Collision Between Two Motor Vehicles in Transport,No,Traffic Control Signal,4,1,Incapacitating,,41.8268,-71.41207
553543,2017-00028891,31-Mar-17,3:10:00 PM,Pedestrian,1,,,,1,PUBLIC ST,OCEAN ST ,Jose Deschamps,419,31-Mar-17,"Two-Way, Divided, Unprotected (painted>4feet) Medium",Wet,Daylight,Rain,Not a Collision Between Two Motor Vehicles in Transport,No,No Controls,4,1,Complains Of Pain,,41.80623,-71.41188
553643,2017-00029008,31-Mar-17,10:34:00 PM,Pedestrian,1,,,,1, Elmwood Ave,Princeton Ave,Michael Clary,269,01-Apr-17,"Two-Way , Not Divided",Wet,Dark - Lighted,Rain,Not a Collision Between Two Motor Vehicles in Transport,"Yes, M/V and Driver Left Scene",Pavement Markings,1,1,Complains Of Pain,,41.80542,-71.42521
552934,2017-00028382,30-Mar-17,8:03:00 AM,Bicycle,,1,,,1,ACADEMY AVE,WHITFORD AVE ,Fernando Lopez,156,30-Mar-17,"Two-Way , Not Divided",Dry,Daylight,Clear,Not a Collision Between Two Motor Vehicles in Transport,No,Stop Signs,3,1,Complains Of Pain,,41.83897,-71.44487
551314,2017-00027318,26-Mar-17,9:02:00 PM,Pedestrian,1,,,,1,ADMIRAL ST,GRAPE ST ,Trent Hastings,326,26-Mar-17,"Two-Way , Not Divided",Wet,Dark - Lighted,Cloudy,Not a Collision Between Two Motor Vehicles in Transport,No,No Controls,3,1,Complains Of Pain,,41.84625,-71.43011
550717,2017-00026520,24-Mar-17,1:35:00 PM,Pedestrian,1,,,,1,FLOWER ST,WHELAN ST,Jose Deschamps,419,24-Mar-17,"Two-Way , Not Divided",Wet,Daylight,"Sleet, Hail (Freezing Rain or Drizzle)",Not a Collision Between Two Motor Vehicles in Transport,No,No Controls,2,1,Complains Of Pain,,41.83921,-71.43712
550352,2017-00026135,23-Mar-17,12:05:00 PM,Pedestrian,1,,,,1,BROAD ST,HARVARD AVE,Jose Deschamps,419,23-Mar-17,"Two-Way , Not Divided",Dry,Daylight,Clear,Not a Collision Between Two Motor Vehicles in Transport,No,No Controls,3,1,Complains Of Pain,,41.80867,-71.4207
549708,2017-00025750,22-Mar-17,8:57:00 AM,Pedestrian,1,,,,1,PLAIN ST,PUBLIC ST ,Edwin Kemble,364,22-Mar-17,"Two-Way , Not Divided",Dry,Daylight,Clear,Not a Collision Between Two Motor Vehicles in Transport,"Yes, M/V and Driver Left Scene",Stop Signs,3,1,Complains Of Pain,,41.80665,-71.40997
547480,2017-00024262,18-Mar-17,1:06:00 AM,Pedestrian,1,,,,1,ELMWOOD AVE,HEMPSTEAD ST ,Daniel Hernandez,255,18-Mar-17,"Two-Way, Divided, Unprotected (painted>4feet) Medium",Dry,Dark - Lighted,Clear,Angle (Front - to - Side) Opposite Direction,"Yes, M/V and Driver Left Scene",No Controls,1,1,Complains Of Pain,,41.78987,-71.42175
548223,2017-00002480,18-Mar-17,8:20:00 PM,Pedestrian,1,,,,1,Charles St.,Randall St.,Harrison Northup,232,19-Mar-17,One-Way Trafficway,Dry,Dark - Lighted,Clear,Not a Collision Between Two Motor Vehicles in Transport,"Yes, M/V and Driver Left Scene",No Controls,1,1,Complains Of Pain,,41.83665,-71.41272
547416,2017-00024175,17-Mar-17,8:33:00 PM,Pedestrian,1,,,,1,Francis St,,Michael Clary,269,17-Mar-17,"Two-Way , Not Divided",Dry,Dark - Lighted,Clear,Not a Collision Between Two Motor Vehicles in Transport,"Yes, M/V and Driver Left Scene",No Controls,2,1,Complains Of Pain,,41.8309,-71.41638
545647,2017-00022682,13-Mar-17,2:56:00 PM,Pedestrian,1,,,,1,BROAD ST,SUMTER ST,MICHAEL R. TROIA / TRAFFIC BUREAU,331,13-Mar-17,"Two-Way , Not Divided",Dry,Daylight,Clear,Not a Collision Between Two Motor Vehicles in Transport,No,No Controls,2,1,Complains Of Pain,2,41.79775,-71.41413
543757,2017-00021314,09-Mar-17,7:24:00 AM,Pedestrian,1,,,,1,MEETING ST,HOPE ST ,KEN MATSUMOTO,348,09-Mar-17,"Two-Way , Not Divided",Dry,Daylight,Clear,Not a Collision Between Two Motor Vehicles in Transport,"Yes, M/V and Driver Left Scene",Person,2,0,No Injury,,41.82936,-71.39816
544271,2017-00021558,09-Mar-17,7:45:00 PM,Pedestrian,1,,,,1,HAWKINS ST,ADMIRAL ST ,MICHAEL R. TROIA / TRAFFIC BUREAU,331,09-Mar-17,"Two-Way , Not Divided",Dry,Dark - Lighted,Clear,Not a Collision Between Two Motor Vehicles in Transport,No,Stop Signs,2,1,Complains Of Pain,2,41.84594,-71.42837
541776,2017-00019999,04-Mar-17,7:53:00 PM,Pedestrian,1,,,,1,847 BROAD ST,,Donald Castigliego,287,04-Mar-17,"Two-Way , Not Divided",Dry,Dark - Lighted,Clear,Not a Collision Between Two Motor Vehicles in Transport,"Yes, M/V and Driver Left Scene",No Controls,1,1,Complains Of Pain,,41.80094,-71.41796
541589,2017-00019721,03-Mar-17,9:25:00 PM,Pedestrian,1,,,,1,2 SACKETT ST,,MICHAEL R. TROIA / TRAFFIC BUREAU,331,03-Mar-17,"Two-Way , Not Divided",Dry,Dark - Lighted,Clear,Not a Collision Between Two Motor Vehicles in Transport,No,No Controls,2,1,Complains Of Pain,2,41.79611,-71.41228
540168,2017-00018561,28-Feb-17,8:00:00 AM,Pedestrian,1,,,,1,SMITHFIELD AVE,NELLIE ST ,Fernando Lopez,156,28-Feb-17,"Two-Way , Not Divided",Dry,Daylight,Clear,Not a Collision Between Two Motor Vehicles in Transport,No,No Controls,2,1,Complains Of Pain,,41.85759,-71.41084
540331,2017-00018701,28-Feb-17,6:04:00 PM,Pedestrian,1,,,,1,ADMIRAL ST,DURHAM ST ,Trent Hastings,326,28-Feb-17,"Two-Way , Not Divided",Dry,Dark - Lighted,Cloudy,Not a Collision Between Two Motor Vehicles in Transport,No,No Controls,2,1,Complains Of Pain,,41.84788,-71.43576
539713,2017-00018245,27-Feb-17,8:08:00 AM,Pedestrian,1,,,,1,BROADWAY,KNIGHT ST ,Fernando Lopez,156,27-Feb-17,"Two-Way , Not Divided",Dry,Daylight,Clear,Not a Collision Between Two Motor Vehicles in Transport,No,Traffic Control Signal,7,1,Complains Of Pain,,41.8198,-71.42936
538783,2017-00017302,24-Feb-17,2:48:00 PM,Pedestrian,1,,,,1,ELMWOOD AVE,BROAD ST ,Trent Hastings,326,24-Feb-17,"Two-Way , Not Divided",Dry,Daylight,Clear,Not a Collision Between Two Motor Vehicles in Transport,No,Traffic Control Signal,3,1,Complains Of Pain,,41.813,-71.42203
538398,2017-00016827,23-Feb-17,9:23:00 AM,Bicycle,,1,,,1,BRANCH AVE,N MAIN ST ,Richard Mills,424,23-Feb-17,"Two-Way , Not Divided",Dry,Daylight,Clear,Not a Collision Between Two Motor Vehicles in Transport,No,Traffic Control Signal,2,0,No Injury,,41.84199,-71.40798
538515,2017-00016935,23-Feb-17,3:05:00 PM,Bicycle,,1,,,1,859 North Main St.,,Harrison Northup,232,23-Feb-17,"Two-Way, Divided, Positive Median Barrier",Dry,Daylight,Clear,Not a Collision Between Two Motor Vehicles in Transport,"Yes, M/V and Driver Left Scene",No Controls,3,1,Complains Of Pain,,41.84376,-71.40679
538024,2017-00016586,22-Feb-17,3:13:00 PM,Pedestrian,1,,,,1,BROADWAY,DE PASQUALE AVE ,Brittany Boudreau,236,22-Feb-17,"Two-Way, Divided, Unprotected (painted>4feet) Medium",Dry,Daylight,Clear,Not a Collision Between Two Motor Vehicles in Transport,No,No Controls,2,1,Complains Of Pain,,41.82077,-71.42526