CrashReportId,ReportNumber,CrashDate,CrashTime,Collision Type,CountPedestrian,CountBicycle,Scooter,Wheel Chair,NumberofVehicles,StreetOrHighway,NearestIntersection,Officer,Badge,ReportDate,TypeOfRoadway,RoadSurfaceCondition,LightCondition,WeatherCondition,MannerofImpact,HitAndRun,TrafficControl,PersonCount,InjuryCount,MostSeriousInjury,NumberOfLanes,Latitude,Longitude
538035,2017-00016611,22-Feb-17,4:09:00 PM,Pedestrian,1,,,,1,BROAD ST,ROGER WILLIAMS PARK,Jose Deschamps,419,22-Feb-17,"Two-Way, Divided, Unprotected (painted>4feet) Medium",Dry,Daylight,Clear,Not a Collision Between Two Motor Vehicles in Transport,"Yes, M/V and Driver Left Scene",Traffic Control Signal,3,1,Complains Of Pain,,41.8133,-71.42185
537110,2017-00015898,20-Feb-17,7:48:00 AM,Pedestrian,1,,,,1,48 OLIVE ST,,Fernando Lopez,156,20-Feb-17,Unknown,Dry,Daylight,Clear,Not a Collision Between Two Motor Vehicles in Transport,No,No Controls,3,1,Complains Of Pain,,41.82841,-71.40207
537384,2017-00016108,20-Feb-17,10:11:00 PM,Pedestrian,1,,,,1,CANAL ST,SMITH ST ,Donald Castigliego,287,21-Feb-17,One-Way Trafficway,Dry,Dark - Lighted,Clear,Not a Collision Between Two Motor Vehicles in Transport,"Yes, M/V and Driver Left Scene",Traffic Control Signal,3,1,Complains Of Pain,,41.8314,-71.41134
535255,2017-00014903,17-Feb-17,7:58:00 AM,Pedestrian,1,,,,1,BARTON ST,WESTMINSTER ST ,KEN MATSUMOTO,348,17-Feb-17,"Two-Way , Not Divided",Dry,Daylight,Clear,Not a Collision Between Two Motor Vehicles in Transport,No,No Controls,4,1,Complains Of Pain,2,41.81677,-71.43675
534617,2017-00014438,15-Feb-17,5:43:00 PM,Pedestrian,1,,,,1,SILVER SPRING ST,BISMARK ST ,Donald Castigliego,287,15-Feb-17,"Two-Way , Not Divided",Wet,Dark - Lighted,Cloudy,Not a Collision Between Two Motor Vehicles in Transport,No,No Controls,5,1,Incapacitating,,41.85441,-71.41203
533947,2017-00014114,14-Feb-17,4:25:00 PM,Pedestrian,1,,,,1,Dean st,ATWELLS AVE ,Alexa Levesque,248,14-Feb-17,"Two-Way , Not Divided",Dry,Daylight,Clear,Other,No,No Controls,3,1,Non-Incapacitating,,41.82332,-71.42413
533969,2017-00014101,14-Feb-17,4:28:00 PM,Pedestrian,1,,,,1,WESTMINSTER ST,TOBEY ST ,Donald Castigliego,287,14-Feb-17,"Two-Way , Not Divided",Dry,Daylight,Clear,Not a Collision Between Two Motor Vehicles in Transport,No,No Controls,3,1,Non-Incapacitating,,41.81617,-71.43472
533979,2017-00014150,14-Feb-17,6:28:00 PM,Pedestrian,1,,,,1,SUPERIOR ST,CRANSTON ST ,Troy Lambert,413,14-Feb-17,"Two-Way , Not Divided",Slush,Dark - Lighted,Clear,Not a Collision Between Two Motor Vehicles in Transport,"Yes, M/V and Driver Left Scene",No Controls,2,1,Complains Of Pain,,41.81042,-71.43262
532510,2017-00013401,12-Feb-17,10:39:00 AM,Pedestrian,1,,,,1,850 MANTON AVE,,KEN MATSUMOTO,348,12-Feb-17,Unknown,Slush,Daylight,Cloudy,Not a Collision Between Two Motor Vehicles in Transport,No,No Controls,5,1,Non-Incapacitating,,41.83391,-71.46728
530740,2017-00012156,08-Feb-17,12:53:00 PM,Bicycle,,1,,,1,BROAD ST,CAHIR ST ,Luis Fernandez,531,08-Feb-17,"Two-Way, Divided, Unprotected (painted>4feet) Medium",Dry,Daylight,Clear,Other,No,Traffic Control Signal,3,0,No Injury,,41.81692,-71.41795
531678,2017-00012155,08-Feb-17,12:48:00 PM,Pedestrian,1,,,,1,PRAIRIE AVE,PAVILION AVE ,James Annis,454,10-Feb-17,"Two-Way , Not Divided",Dry,Daylight,Clear,Not a Collision Between Two Motor Vehicles in Transport,"Yes, M/V and Driver Left Scene",No Controls,2,1,Complains Of Pain,,41.79505,-71.41036
529337,2017-00010942,04-Feb-17,12:00:00 PM,Pedestrian,1,,,,1,BROAD ST,CAHIR ST ,Luis Fernandez,531,04-Feb-17,"Two-Way, Not Divided With a Continuous Left Turn Lane",Dry,Daylight,Clear,Not a Collision Between Two Motor Vehicles in Transport,No,Traffic Control Signal,2,1,Complains Of Pain,,41.8169,-71.41798
527670,2017-00010340,02-Feb-17,3:51:00 PM,Bicycle,,1,,,1,SERVICE ROAD 7,BROADWAY ,Brian Murphy,231,02-Feb-17,One-Way Trafficway,Dry,Daylight,Clear,Not a Collision Between Two Motor Vehicles in Transport,No,Traffic Control Signal,2,0,No Injury,,41.82169,-71.4208
527074,2017-00009724,31-Jan-17,3:39:00 PM,Pedestrian,1,,,,1,THURBERS AVE,PRAIRIE AVE ,Joseph Amoroso,613,31-Jan-17,"Two-Way , Not Divided",Snow,Daylight,Snow,Other,No,Traffic Control Signal,2,1,Incapacitating,,41.79873,-71.41191
525334,2017-00008658,28-Jan-17,1:22:00 AM,Bicycle,,1,,,1,ATWELLS AVE,HANNAH ST ,Brian Muldoon,182,28-Jan-17,"Two-Way , Not Divided",Dry,Dark - Lighted,Clear,Not a Collision Between Two Motor Vehicles in Transport,"Yes, M/V and Driver Left Scene",Traffic Control Signal,1,1,Complains Of Pain,,41.82507,-71.44867
524755,2017-00008121,26-Jan-17,2:51:00 PM,Pedestrian,1,,,,1,PRAIRIE AVE,THURBERS AVE ,Donald Castigliego,287,26-Jan-17,"Two-Way , Not Divided",Wet,Daylight,Clear,Not a Collision Between Two Motor Vehicles in Transport,No,No Controls,4,1,Complains Of Pain,,41.79856,-71.41183
524921,2017-00008225,26-Jan-17,7:46:00 PM,Pedestrian,1,,,,1,353 SMITH ST,ORMS ST ,Adam Chin,289,26-Jan-17,"Two-Way , Not Divided",Wet,Dark - Lighted,Clear,Other,No,No Controls,2,1,Complains Of Pain,,41.83428,-71.4233
523489,2017-00007410,24-Jan-17,12:15:00 PM,Pedestrian,1,,,,1,601 North Main St,N MAIN ST ,Ptlm. Chin,516,24-Jan-17,"Two-Way , Not Divided",Wet,Daylight,Rain,Not a Collision Between Two Motor Vehicles in Transport,No,No Controls,3,0,No Injury,,41.83723,-71.40947
523713,2017-00007564,24-Jan-17,8:47:00 PM,Pedestrian,1,,,,1,DAVE GAVITT WAY,ATWELLS AVE ,MICHAEL R. TROIA / TRAFFIC BUREAU,331,24-Jan-17,One-Way Trafficway,Wet,Dark - Lighted,Clear,Not a Collision Between Two Motor Vehicles in Transport,"Yes, M/V and Driver Left Scene",Traffic Control Signal,4,2,Complains Of Pain,1,41.82317,-71.42053
522425,2017-00006542,21-Jan-17,3:41:00 PM,Pedestrian,1,,,,1,LLOYD AVE,ARLINGTON AVE ,Donald Castigliego,287,21-Jan-17,"Two-Way , Not Divided",Dry,Daylight,Clear,Not a Collision Between Two Motor Vehicles in Transport,No,Stop Signs,4,1,Complains Of Pain,,41.83348,-71.3943
520281,2017-00005292,17-Jan-17,5:11:00 PM,Pedestrian,1,,,,1,FRIENDSHIP ST,DORRANCE ST ,Donald Brien,630,17-Jan-17,One-Way Trafficway,Wet,Dark - Lighted,Rain,Not a Collision Between Two Motor Vehicles in Transport,No,Traffic Control Signal,2,1,Complains Of Pain,1,41.82197,-71.40948
520447,2017-00005362,17-Jan-17,9:35:00 PM,Pedestrian,1,,,,1,Raymond St,Chalkstone Ave,Michael Clary,269,18-Jan-17,"Two-Way , Not Divided",Wet,Dark - Lighted,Rain,Not a Collision Between Two Motor Vehicles in Transport,No,Traffic Control Signal,5,1,Incapacitating,,41.83419,-71.43024
518744,2017-00004021,13-Jan-17,6:45:00 PM,Pedestrian,1,,,,1,FRANCIS ST,MEMORIAL BLVD ,KEN MATSUMOTO,348,13-Jan-17,"Two-Way, Not Divided With a Continuous Left Turn Lane",Dry,Dark - Lighted,Clear,Not a Collision Between Two Motor Vehicles in Transport,No,Traffic Control Signal,3,1,Complains Of Pain,,41.82601,-71.4154
518123,2017-00003650,12-Jan-17,5:05:00 PM,Bicycle,,1,,,1,ATWELLS AVE,EAGLE ST ,KEN MATSUMOTO,348,12-Jan-17,"Two-Way, Not Divided With a Continuous Left Turn Lane",Dry,Dark - Lighted,Clear,Not a Collision Between Two Motor Vehicles in Transport,No,Traffic Control Signal,2,0,No Injury,,41.82446,-71.4355
517086,2017-00003083,10-Jan-17,10:26:00 PM,Pedestrian,1,,,,1,MEMORIAL BLVD,STEEPLE ST ,Michael Clary,269,10-Jan-17,"Two-Way , Not Divided",Wet,Dark - Lighted,Rain,Not a Collision Between Two Motor Vehicles in Transport,No,Pavement Markings,3,1,Complains Of Pain,,41.82677,-71.41063
517284,2017-00002683,09-Jan-17,5:10:00 PM,Pedestrian,1,,,,1,Broad Street,BROAD ST ,Raymond Majeau,275,11-Jan-17,"Two-Way , Not Divided",Slush,Dark - Lighted,Clear,Not a Collision Between Two Motor Vehicles in Transport,"Yes, M/V and Driver Left Scene",No Controls,1,0,No Injury,,41.81634,-71.41923
514569,2017-00001507,05-Jan-17,4:48:00 PM,Pedestrian,1,,,,1,PLAINFIELD ST,POCASSET AVE ,KEN MATSUMOTO,348,05-Jan-17,"Two-Way , Not Divided",Dry,Dark - Lighted,Clear,Not a Collision Between Two Motor Vehicles in Transport,No,No Controls,3,1,Fatal,2,41.81398,-71.44758
514695,2017-00001605,05-Jan-17,10:30:00 PM,Pedestrian,1,,,,1,ATWELLS AVE,DEAN ST ,Tracie Miller,212,05-Jan-17,"Two-Way, Divided, Unprotected (painted>4feet) Medium",Dry,Dark - Lighted,Clear,Not a Collision Between Two Motor Vehicles in Transport,No,Traffic Control Signal,5,1,Complains Of Pain,,41.82339,-71.4242
513653,2017-00000870,03-Jan-17,5:16:00 PM,Pedestrian,1,,,,1,CRANSTON ST,WESTMINSTER ST ,Donald Castigliego,287,03-Jan-17,"Two-Way , Not Divided",Wet,Dark - Lighted,Rain,Not a Collision Between Two Motor Vehicles in Transport,No,Traffic Control Signal,5,1,Non-Incapacitating,,41.81765,-71.42139
513775,2017-00000949,03-Jan-17,9:17:00 PM,Pedestrian,1,,,,1,HARRIS AVE,ATWELLS AVE ,MICHAEL R. TROIA / TRAFFIC BUREAU,331,03-Jan-17,"Two-Way , Not Divided",Wet,Dark - Lighted,Rain,Not a Collision Between Two Motor Vehicles in Transport,No,No Controls,3,1,Complains Of Pain,,41.82449,-71.43538
512799,2017-00000014,01-Jan-17,12:30:00 PM,Pedestrian,1,,,,1,PINE ST,CHESTNUT ST ,Christopher Beach,230,01-Jan-17,One-Way Trafficway,Wet,Dark - Unknown Lighting,Rain,Not a Collision Between Two Motor Vehicles in Transport,"Yes, M/V and Driver Left Scene",Traffic Control Signal,1,1,Non-Incapacitating,1,41.81944,-71.41294
512244,2016-00128966,30-Dec-16,9:35:00 AM,Pedestrian,1,,,,1,HAYWARD ST,PORTLAND ST ,Isaiah Nerney,15636,30-Dec-16,"Two-Way , Not Divided",Dry,Daylight,Clear,Unknown,"Yes, M/V and Driver Left Scene",No Controls,1,1,Complains Of Pain,,41.81368,-71.42041
512458,2016-00129117,30-Dec-16,6:43:00 PM,Pedestrian,1,,,,1,ROYAL LITTLE DR,BRANCH AVE ,Donald Castigliego,287,30-Dec-16,"Two-Way , Not Divided",Dry,Dark - Lighted,Clear,Not a Collision Between Two Motor Vehicles in Transport,No,No Controls,2,1,Non-Incapacitating,,41.84724,-71.41342
508303,2016-00126029,20-Dec-16,3:39:00 PM,Bicycle,,1,,,1,Federal St,VINTON ST ,Brittany Boudreau,236,20-Dec-16,"Two-Way , Not Divided",Dry,Daylight,Clear,Not a Collision Between Two Motor Vehicles in Transport,No,Stop Signs,3,0,No Injury,,41.82152,-71.42902
507491,2016-00125688,19-Dec-16,2:21:00 PM,Pedestrian,1,,,,1,ANGELL STREET,S ANGELL ST ,George Pereira,421,19-Dec-16,One-Way Trafficway,Dry,Daylight,Cloudy,Other,No,Traffic Control Signal,5,1,Non-Incapacitating,,41.83008,-71.38825
505764,2016-00124543,16-Dec-16,12:01:00 AM,Pedestrian,1,,,,1,FEDERAL ST,DEAN ST ,Mitchell Guerra,217,16-Dec-16,"Two-Way , Not Divided",Wet,Dark - Lighted,Severe Crosswinds,Not a Collision Between Two Motor Vehicles in Transport,"Yes, M/V and Driver Left Scene",Stop Signs,1,1,Complains Of Pain,,41.82228,-71.42328
505250,2016-00124145,14-Dec-16,8:01:00 PM,Pedestrian,1,,,,1,Hope St,George St,Michael Clary,269,14-Dec-16,"Two-Way , Not Divided",Dry,Dark - Lighted,Clear,Not a Collision Between Two Motor Vehicles in Transport,No,Stop Signs,3,1,Complains Of Pain,,41.82586,-71.39727
504801,2016-00123790,13-Dec-16,6:00:00 PM,Pedestrian,1,,,,1,Butler Avenue,E ORCHARD AVE ,Nicole Darling,325,13-Dec-16,"Two-Way , Not Divided",Dry,Dark - Not Lighted,Clear,Not a Collision Between Two Motor Vehicles in Transport,No,No Controls,2,0,No Injury,,41.83234,-71.38406
502348,2016-00122334,09-Dec-16,8:22:00 AM,Pedestrian,1,,,,1,BROADWAY,KNIGHT ST ,David Schiavulli,027,09-Dec-16,"Two-Way , Not Divided",Dry,Daylight,Clear,Not a Collision Between Two Motor Vehicles in Transport,No,No Controls,2,1,Complains Of Pain,,41.8198,-71.42936
500189,2016-00121395,06-Dec-16,7:31:00 AM,Pedestrian,1,,,,1,PUBLIC ST,BROAD ST ,Jose Deschamps,419,06-Dec-16,"Two-Way, Divided, Unprotected (painted>4feet) Medium",Dry,Daylight,Clear,Not a Collision Between Two Motor Vehicles in Transport,No,Traffic Control Signal,2,1,Complains Of Pain,,41.80442,-71.41935
498913,2016-00120569,03-Dec-16,3:43:00 PM,Pedestrian,1,,,,1,ELMWOOD AVE,WILSON ST,Luis Pelaez,336,03-Dec-16,"Two-Way , Not Divided",Dry,Daylight,Clear,Not a Collision Between Two Motor Vehicles in Transport,"Yes, M/V and Driver Left Scene",No Controls,1,1,Complains Of Pain,2,41.81123,-71.42315
498742,2016-00120185,02-Dec-16,2:40:00 PM,Bicycle,,1,,,1,ANGELL ST,ARLINGTON AVE ,Jose Deschamps,419,02-Dec-16,One-Way Trafficway,Dry,Daylight,Clear,Not a Collision Between Two Motor Vehicles in Transport,No,No Controls,3,1,Complains Of Pain,,41.82937,-71.39217
497554,2016-00119703,01-Dec-16,7:55:00 AM,Pedestrian,1,,,,1,14 BODELL AVE,SYRACUSE ST ,Patrolman Darren Hull Car-152,598,01-Dec-16,Unknown,Wet,Daylight,Clear,Not a Collision Between Two Motor Vehicles in Transport,"Yes, M/V and Driver Left Scene",No Controls,1,1,Complains Of Pain,,41.817,-71.45355
496826,2016-00119517,30-Nov-16,4:00:00 PM,Pedestrian,1,,,,1,SACKETT ST,MELROSE ST ,Michael Barrera,249,30-Nov-16,"Two-Way , Not Divided",Wet,Daylight,Clear,Other,"Yes, M/V and Driver Left Scene",Person,1,1,Complains Of Pain,,41.79365,-71.42019
497008,2016-00119561,30-Nov-16,6:29:00 PM,Pedestrian,1,,,,1,STEEPLE ST,N MAIN ST ,Donald Castigliego,287,30-Nov-16,One-Way Trafficway,Wet,Dark - Lighted,Rain,Not a Collision Between Two Motor Vehicles in Transport,No,Traffic Control Signal,2,1,Complains Of Pain,,41.82749,-71.40906
496143,2016-00119229,29-Nov-16,6:05:00 PM,Pedestrian,1,,,,1,RHODE ISLAND COLL,RI COL NEEDS NAME 4 ,Trent Hastings,326,29-Nov-16,"Two-Way , Not Divided",Wet,Dark - Lighted,Rain,Not a Collision Between Two Motor Vehicles in Transport,No,No Controls,2,1,Complains Of Pain,,41.84131,-71.45992
495322,2016-00118798,28-Nov-16,12:44:00 PM,Bicycle,,1,,,1,BENEFIT ST,COLLEGE ST ,Fernando Lopez,156,28-Nov-16,"Two-Way , Not Divided",Dry,Daylight,Clear,Not a Collision Between Two Motor Vehicles in Transport,"Yes, M/V and Driver Left Scene",Stop Signs,2,0,No Injury,,41.826,-71.40683
494137,2016-00118101,26-Nov-16,3:26:00 AM,Bicycle,,,,,2,ORMS ST,ASHBURTON ST ,Cory Vingi,237,26-Nov-16,"Two-Way , Not Divided",Dry,Dark - Lighted,"Fog, Smog, Smoke",Not a Collision Between Two Motor Vehicles in Transport,No,No Controls,2,0,No Injury,,41.83523,-71.41175
491736,2016-00117101,22-Nov-16,5:03:00 PM,Pedestrian,1,,,,1,COLLEGE ST,PROSPECT ST ,MICHAEL R. TROIA / TRAFFIC BUREAU,331,22-Nov-16,"Two-Way , Not Divided",Dry,Dark - Lighted,Clear,Not a Collision Between Two Motor Vehicles in Transport,No,Stop Signs,3,1,Complains Of Pain,2,41.82611,-71.4046
491967,2016-00117132,22-Nov-16,6:33:00 PM,Pedestrian,1,,,,1,WHIPPLE ST,GEOFFREYS CT ,Adam Chin,289,22-Nov-16,"Two-Way , Not Divided",Dry,Dark - Lighted,Clear,Rear - to - Side,No,No Controls,3,1,Complains Of Pain,,41.83766,-71.42098
491141,2016-00116754,21-Nov-16,3:07:00 PM,Bicycle,,1,,,1,CAHIR ST,BROAD ST ,MICHAEL R. TROIA / TRAFFIC BUREAU,331,21-Nov-16,"Two-Way , Not Divided",Dry,Daylight,Clear,Not a Collision Between Two Motor Vehicles in Transport,No,Traffic Control Signal,2,1,Complains Of Pain,2,41.81695,-71.41797
489947,2016-00115890,19-Nov-16,12:06:00 AM,Bicycle,,1,,,1,BERGEN ST,CHALKSTONE AVE ,Riggins Jones,542,19-Nov-16,"Two-Way , Not Divided",Dry,Dark - Lighted,Clear,Angle (Front - to - Side) Same Direction,"Yes, M/V and Driver Left Scene",Stop Signs,2,1,Complains Of Pain,,41.83233,-71.44013
490409,2016-00116228,19-Nov-16,10:32:00 PM,Bicycle,,1,,,1,PARK ST,BROWNELL ST ,Stephen Sage,353,19-Nov-16,"Two-Way , Not Divided",Wet,Dark - Lighted,Rain,Angle (Front - to - Side) Right Angle (Includes Broadside),No,No Controls,3,1,Complains Of Pain,,41.83023,-71.41735
488912,2016-00115340,17-Nov-16,2:26:00 PM,Pedestrian,1,,,,1,HAYWARD ST,PORTLAND ST ,Fernando Lopez,156,17-Nov-16,"Two-Way , Not Divided",Dry,Daylight,Clear,Not a Collision Between Two Motor Vehicles in Transport,No,Stop Signs,2,1,Complains Of Pain,,41.81368,-71.42041
489178,2016-00115434,17-Nov-16,6:34:00 PM,Pedestrian,1,,,,1,CHALKSTONE AVENUE,CANTON STREET,Giuseppe Scarcello,485,17-Nov-16,"Two-Way , Not Divided",Dry,Dark - Lighted,Clear,Not a Collision Between Two Motor Vehicles in Transport,"Yes, M/V and Driver Left Scene",No Controls,3,1,Complains Of Pain,,41.81954,-71.43755
487949,2016-00115033,16-Nov-16,3:41:00 PM,Pedestrian,1,,,,1,WALLACE ST,WEBSTER AVE ,KEN MATSUMOTO,348,16-Nov-16,"Two-Way , Not Divided",Dry,Daylight,Clear,Not a Collision Between Two Motor Vehicles in Transport,"Yes, Driver Left Scene",Stop Signs,3,1,Complains Of Pain,,41.80936,-71.44876
488723,2016-00115162,16-Nov-16,10:42:00 PM,Pedestrian,1,,,,1,BROADWAY,VINTON ST ,Robert Heaton,539,17-Nov-16,"Two-Way , Not Divided",Dry,Dark - Lighted,Clear,Other,No,Pavement Markings,2,1,Non-Incapacitating,2,41.82009,-71.42812
486283,2016-00114111,13-Nov-16,6:28:00 PM,Pedestrian,1,,,,1,20 Swiss St,KNIGHT ST ,Brittany Boudreau,236,13-Nov-16,"Two-Way , Not Divided",Dry,Dark - Lighted,Clear,Not a Collision Between Two Motor Vehicles in Transport,No,No Controls,3,1,Complains Of Pain,,41.82317,-71.43288
485385,2016-00113309,11-Nov-16,12:08:00 PM,Pedestrian,1,,,,1,EXIT 21 (RT ),ATWELLS AVE ,Fernando Lopez,156,11-Nov-16,One-Way Trafficway,Dry,Daylight,Clear,Not a Collision Between Two Motor Vehicles in Transport,No,Traffic Control Signal,3,1,Incapacitating,,41.82323,-71.42052
485479,2016-00113423,11-Nov-16,7:02:00 PM,Pedestrian,1,,,,1,SABIN STREET,SABIN ST ,Donald Castigliego,287,11-Nov-16,One-Way Trafficway,Dry,Dark - Lighted,Clear,Not a Collision Between Two Motor Vehicles in Transport,"Yes, M/V and Driver Left Scene",No Controls,5,1,Non-Incapacitating,3,41.82411,-71.41614
485266,2016-00113103,10-Nov-16,7:18:00 PM,Pedestrian,1,,,,1,Atwells Ave,Erastus St,Michael Clary,269,11-Nov-16,"Two-Way , Not Divided",Dry,Dark - Lighted,Clear,Not a Collision Between Two Motor Vehicles in Transport,No,No Controls,3,1,Complains Of Pain,,41.82517,-71.45089
484072,2016-00112383,08-Nov-16,1:55:00 PM,Pedestrian,1,,,,1,493 MT. PLEASANT AVE,MT. PLEASANT AVE,Jose Deschamps,419,08-Nov-16,"Two-Way , Not Divided",Dry,Daylight,Clear,Not a Collision Between Two Motor Vehicles in Transport,No,No Controls,3,1,Complains Of Pain,,41.84145,-71.44247
484284,2016-00112528,08-Nov-16,9:56:00 PM,Bicycle,,1,,,1,NORTH MAIN ST,7TH ST ,Robert Heaton,539,08-Nov-16,"Two-Way, Divided, Positive Median Barrier",Dry,Dark - Lighted,Clear,Angle (Front - to - Side) Right Angle (Includes Broadside),No,Traffic Control Signal,2,1,Complains Of Pain,,41.85332,-71.40104
483619,2016-00112066,07-Nov-16,2:30:00 PM,Bicycle,,1,,,1,Charles St,HAWKINS ST ,Ptlm. Chin,516,07-Nov-16,"Two-Way , Not Divided",Dry,Daylight,Clear,Not a Collision Between Two Motor Vehicles in Transport,No,No Controls,5,1,Complains Of Pain,2,41.85156,-71.42019
483844,2016-00112212,07-Nov-16,10:33:00 PM,Bicycle,,1,,,1,LLOYD AVE,THAYER ST ,Robert Heaton,539,07-Nov-16,"Two-Way , Not Divided",Dry,Dark - Lighted,Clear,Angle - Direction Not Specified,No,Stop Signs,2,1,Non-Incapacitating,2,41.83148,-71.40108
483011,2016-00111674,06-Nov-16,3:24:00 AM,Pedestrian,1,,,,1,CRANSTON ST,HUNTINGTON AVE ,Vincent Lopez,219,06-Nov-16,"Two-Way , Not Divided",Dry,Dark - Lighted,Cloudy,Other,"Yes, M/V and Driver Left Scene",No Controls,3,1,Complains Of Pain,,41.80346,-71.43981
482320,2016-00111273,05-Nov-16,2:12:00 AM,Pedestrian,1,,,,1,ALLENS AVE,CHAPMAN ST ,Robert Heaton,539,05-Nov-16,"Two-Way , Not Divided",Dry,Dark - Lighted,Clear,Other,No,No Controls,6,1,Non-Incapacitating,2,41.79347,-71.39747
482216,2016-00111093,04-Nov-16,4:58:00 PM,Pedestrian,1,,,,1,SUTTON ST,ATWELLS AVE ,MICHAEL R. TROIA / TRAFFIC BUREAU,331,04-Nov-16,One-Way Trafficway,Dry,Daylight,Clear,Not a Collision Between Two Motor Vehicles in Transport,"Yes, M/V and Driver Left Scene",Pavement Markings,1,1,Complains Of Pain,,41.82378,-71.42929
487555,2016-00111026,04-Nov-16,1:39:00 PM,Bicycle,,1,,,1,HAROLD ST,CHALKSTONE AVE ,Robert Carlin,309,15-Nov-16,"Two-Way , Not Divided",Dry,Daylight,Clear,Angle (Front - to - Side) Same Direction,No,No Controls,3,1,Complains Of Pain,,41.83242,-71.43934
481236,2016-00110370,02-Nov-16,3:12:00 PM,Other,,,X,,2,ELMWOOD AVE,W FRIENDSHIP ST,KEN MATSUMOTO,348,02-Nov-16,"Two-Way , Not Divided",Dry,Daylight,Clear,Unknown,"Yes, M/V and Driver Left Scene",Traffic Control Signal,2,0,No Injury,,41.80989,-71.42405
481277,2016-00110440,02-Nov-16,6:27:00 PM,Bicycle,,1,,,1,LESTER ST,BRIDGHAM ST ,Brittany Boudreau,236,02-Nov-16,"Two-Way, Divided, Unprotected (painted>4feet) Medium",Dry,Dark - Lighted,Clear,Other,"Yes, M/V and Driver Left Scene",No Controls,3,1,Complains Of Pain,,41.81345,-71.42655
481498,2016-00110288,02-Nov-16,11:20:00 AM,Pedestrian,1,,,,1,SERVICE ROAD 7,BROAD ST ,Jose Deschamps,419,03-Nov-16,One-Way Trafficway,Dry,Daylight,Clear,Rear End(Front-to-Rear),No,No Controls,3,2,Complains Of Pain,,41.81782,-71.41762
481501,2016-00110296,02-Nov-16,11:46:00 AM,Bicycle,,1,,,1,BROAD ST,SERVICE ROAD 7 ,Jose Deschamps,419,03-Nov-16,One-Way Trafficway,Dry,Daylight,Clear,Not a Collision Between Two Motor Vehicles in Transport,No,Traffic Control Signal,5,1,Complains Of Pain,,41.81736,-71.41696
480993,2016-00109968,01-Nov-16,12:29:00 PM,Pedestrian,1,,,,1,COLFAX ST,GORDON AVE ,Jose Deschamps,419,01-Nov-16,"Two-Way , Not Divided",Dry,Daylight,Clear,Not a Collision Between Two Motor Vehicles in Transport,No,No Controls,2,1,Complains Of Pain,,41.79936,-71.41308
480076,2016-00109521,31-Oct-16,7:47:00 AM,Pedestrian,1,,,,1,593 EDDY ST, EDDY ST,Jose Deschamps,419,31-Oct-16,"Two-Way, Divided, Unprotected (painted>4feet) Medium",Dry,Daylight,Clear,Not a Collision Between Two Motor Vehicles in Transport,No,No Controls,3,1,Complains Of Pain,,41.81174,-71.40707
480094,2016-00109547,31-Oct-16,9:53:00 AM,Bicycle,,1,,,1,GEORGE ST,HOPE ST ,Fernando Lopez,156,31-Oct-16,"Two-Way , Not Divided",Dry,Daylight,Clear,Not a Collision Between Two Motor Vehicles in Transport,"Yes, M/V and Driver Left Scene",Stop Signs,2,1,Complains Of Pain,,41.82579,-71.39727
480190,2016-00109688,31-Oct-16,4:53:00 PM,Pedestrian,1,,,,1,ELMWOOD AVE,EXIT ,Matthew Goddard,171,31-Oct-16,"Two-Way , Not Divided",Dry,Daylight,Clear,Not a Collision Between Two Motor Vehicles in Transport,No,No Controls,3,1,Complains Of Pain,,41.78184,-71.41959
480332,2016-00109776,31-Oct-16,9:26:00 PM,Bicycle,,1,,,1,40 CYPRESS ST,,MICHAEL R. TROIA / TRAFFIC BUREAU,331,31-Oct-16,"Two-Way , Not Divided",Dry,Dark - Lighted,Clear,Not a Collision Between Two Motor Vehicles in Transport,No,No Controls,2,1,Complains Of Pain,2,41.84184,-71.4019
479955,2016-00109353,30-Oct-16,4:23:00 PM,Bicycle,,1,,,1,WESTMINSTER ST,BARTON ST ,Adrian Francis,239,30-Oct-16,"Two-Way, Divided, Unprotected (painted>4feet) Medium",Wet,Daylight,Rain,Not a Collision Between Two Motor Vehicles in Transport,"Yes, M/V and Driver Left Scene",Traffic Control Signal,3,1,Non-Incapacitating,,41.81592,-71.43656
479355,2016-00108842,29-Oct-16,12:04:00 PM,Bicycle,,1,,,1,NORTHUP AVE,SILVER SPRING ST ,Fernando Lopez,156,29-Oct-16,"Two-Way , Not Divided",Dry,Daylight,Clear,Not a Collision Between Two Motor Vehicles in Transport,No,Traffic Control Signal,3,1,Complains Of Pain,,41.85178,-71.41304
478687,2016-00108346,28-Oct-16,1:45:00 AM,Pedestrian,1,,,,1,210 EATON ST,RIVER AVE ,Joseph Pineau,256,28-Oct-16,"Two-Way , Not Divided",Wet,Dark - Lighted,Rain,Not a Collision Between Two Motor Vehicles in Transport,"Yes, M/V and Driver Left Scene",No Controls,2,1,Complains Of Pain,,41.84174,-71.43624
478266,2016-00108239,27-Oct-16,6:47:00 PM,Pedestrian,1,,,,1,ALTHEA ST,UNION AVE ,Daryl Pfeiffer,241,27-Oct-16,"Two-Way , Not Divided",Wet,Dark - Lighted,Rain,Not a Collision Between Two Motor Vehicles in Transport,No,No Controls,2,0,No Injury,,41.8093,-71.43823