CrashReportId,ReportNumber,CrashDate,CrashTime,Collision Type,CountPedestrian,CountBicycle,Scooter,Wheel Chair,NumberofVehicles,StreetOrHighway,NearestIntersection,Officer,Badge,ReportDate,TypeOfRoadway,RoadSurfaceCondition,LightCondition,WeatherCondition,MannerofImpact,HitAndRun,TrafficControl,PersonCount,InjuryCount,MostSeriousInjury,NumberOfLanes,Latitude,Longitude
477623,2016-00107714,26-Oct-16,7:57:00 AM,Bicycle,,1,,,1,933 SMITH ST,SMITH ST ,Jose Deschamps,419,26-Oct-16,"Two-Way, Divided, Unprotected (painted>4feet) Medium",Dry,Daylight,Clear,Not a Collision Between Two Motor Vehicles in Transport,No,No Controls,2,2,Complains Of Pain,,41.84207,-71.44395
477339,2016-00107451,25-Oct-16,12:06:00 PM,Bicycle,,1,,,1,674 PRAIRIE AVE,PRAIRIE AVE,Jose Deschamps,419,25-Oct-16,"Two-Way, Divided, Unprotected (painted>4feet) Medium",Dry,Daylight,Clear,Not a Collision Between Two Motor Vehicles in Transport,No,No Controls,3,2,Complains Of Pain,,41.80915,-71.42085
475524,2016-00105946,21-Oct-16,8:01:00 AM,Pedestrian,1,,,,1,HAWKINS ST,BRANCH AVE ,Ptlm. Chin,516,21-Oct-16,"Two-Way , Not Divided",Wet,Daylight,Cloudy,Not a Collision Between Two Motor Vehicles in Transport,No,Traffic Control Signal,3,1,Complains Of Pain,2,41.85088,-71.42147
476100,2016-00106215,21-Oct-16,8:59:00 PM,Pedestrian,1,,,,1,BOUGH ST,WESTMINSTER ST ,KEN MATSUMOTO,348,21-Oct-16,"Two-Way , Not Divided",Wet,Dark - Lighted,Rain,Not a Collision Between Two Motor Vehicles in Transport,"Yes, M/V and Driver Left Scene",Pavement Markings,3,1,Complains Of Pain,,41.8166,-71.44187
476116,2016-00106228,21-Oct-16,9:46:00 PM,Pedestrian,1,,,,1,MEMORIAL BLVD,STEEPLE ST ,KEN MATSUMOTO,348,21-Oct-16,"Two-Way , Not Divided",Wet,Dark - Lighted,Rain,Not a Collision Between Two Motor Vehicles in Transport,"Yes, M/V and Driver Left Scene",Traffic Control Signal,2,1,Complains Of Pain,,41.82677,-71.41063
473206,2016-00104508,17-Oct-16,9:14:00 AM,Pedestrian,1,,,,1,CHALKSTONE AVE,ALDINE ST ,Jin O,147,17-Oct-16,"Two-Way , Not Divided",Dry,Daylight,Clear,Not a Collision Between Two Motor Vehicles in Transport,No,No Controls,3,1,Complains Of Pain,2,41.83231,-71.45382
473388,2016-00104502,17-Oct-16,8:55:00 AM,Bicycle,,1,,,1,WHITMARSH ST,BUCKLIN ST ,Eugene Craven,517,17-Oct-16,"Two-Way , Not Divided",Dry,Daylight,Clear,Head-On (Front - to - Front),No,No Controls,3,1,Complains Of Pain,,41.8059,-71.42776
472808,2016-00104264,16-Oct-16,2:08:00 PM,Pedestrian,1,,,,1,265 HARTFORD AVE,,Fernando Lopez,156,16-Oct-16,Unknown,Dry,Daylight,Clear,Not a Collision Between Two Motor Vehicles in Transport,No,No Controls,3,1,Complains Of Pain,,41.81725,-71.44976
472173,2016-00103903,15-Oct-16,3:13:00 PM,Pedestrian,1,,,,1,HARTFORD AVE,HARTFORD AVE ,KEN MATSUMOTO,348,15-Oct-16,"Two-Way , Not Divided",Dry,Daylight,Clear,Not a Collision Between Two Motor Vehicles in Transport,No,No Controls,2,1,Complains Of Pain,,41.81916,-71.46286
471210,2016-00103487,14-Oct-16,1:36:00 PM,Bicycle,,1,,,1,825 Chalkstone Ave ,ROSEBANK AVE ,Ptlm. Chin,516,14-Oct-16,"Two-Way , Not Divided",Dry,Daylight,Clear,Not a Collision Between Two Motor Vehicles in Transport,"Yes, M/V and Driver Left Scene",No Controls,1,1,Complains Of Pain,2,41.83396,-71.43458
470582,2016-00103133,13-Oct-16,12:36:00 PM,Bicycle,,,,,2,WATERMAN ST,COOKE ST ,Fernando Lopez,156,13-Oct-16,One-Way Trafficway,Dry,Daylight,Clear,Rear End(Front-to-Rear),No,No Controls,2,0,No Injury,,41.82761,-71.39576
470849,2016-00103238,13-Oct-16,6:02:00 PM,Pedestrian,1,,,,1,638 Charles st,CHARLES ST ,Michael Moonan,286,13-Oct-16,"Two-Way , Not Divided",Dry,Daylight,Clear,Not a Collision Between Two Motor Vehicles in Transport,"Yes, M/V and Driver Left Scene",No Controls,1,1,Complains Of Pain,,41.85402,-71.42056
469831,2016-00102730,12-Oct-16,12:36:00 PM,Pedestrian,1,,,,1,BROAD STREET,BROAD ST ,Jared Stanzione,193,12-Oct-16,"Two-Way , Not Divided",Dry,Daylight,Clear,Not a Collision Between Two Motor Vehicles in Transport,No,Stop Signs,6,1,Complains Of Pain,,41.7969,-71.41305
470241,2016-00102844,12-Oct-16,4:34:00 PM,Bicycle,,1,,,1,GREENWICH ST,BUCKLIN ST ,Adrian Francis,239,12-Oct-16,"Two-Way, Divided, Unprotected (painted>4feet) Medium",Dry,Daylight,Clear,Not a Collision Between Two Motor Vehicles in Transport,"Yes, M/V and Driver Left Scene",Stop Signs,1,1,Non-Incapacitating,,41.80232,-71.42768
470408,2016-00102968,12-Oct-16,10:15:00 PM,Pedestrian,1,,,,1,70 Kennedy Plz,,Michael Clary,269,13-Oct-16,"Two-Way , Not Divided",Dry,Dark - Lighted,Clear,Not a Collision Between Two Motor Vehicles in Transport,"Yes, M/V and Driver Left Scene",No Controls,1,1,Complains Of Pain,,41.82506,-71.41108
474241,2016-00102848,12-Oct-16,4:40:00 PM,Pedestrian,2,,,,1,HARTFORD AVE,HEATH ST,KEN MATSUMOTO,348,18-Oct-16,"Two-Way , Not Divided",Dry,Daylight,Clear,Not a Collision Between Two Motor Vehicles in Transport,"Yes, M/V and Driver Left Scene",Pavement Markings,4,2,Complains Of Pain,,41.81726,-71.4499
469430,2016-00102422,11-Oct-16,1:47:00 PM,Pedestrian,1,,,,1,250 Benefit St,HOPKINS ST ,Ptlm. Chin,516,11-Oct-16,"Two-Way , Not Divided",Dry,Daylight,Clear,Not a Collision Between Two Motor Vehicles in Transport,No,No Controls,3,1,Complains Of Pain,2,41.82566,-71.4066
468214,2016-00101671,09-Oct-16,2:13:00 AM,Pedestrian,1,,,,1,DEXTER ST,POTTERS AVE ,John Martin,186,09-Oct-16,"Two-Way , Not Divided",Wet,Dark - Lighted,Rain,Not a Collision Between Two Motor Vehicles in Transport,No,No Controls,3,1,Complains Of Pain,2,41.80249,-71.43059
467881,2016-00101391,08-Oct-16,12:50:00 PM,Bicycle,,1,,,1,POTTERS AVE,BAXTER ST ,Fernando Lopez,156,08-Oct-16,"Two-Way , Not Divided",Dry,Daylight,Clear,Not a Collision Between Two Motor Vehicles in Transport,No,No Controls,4,1,Complains Of Pain,,41.80343,-71.41698
468132,2016-00101571,08-Oct-16,9:59:00 PM,Pedestrian,2,,,,1,Empire St,Washington St,Michael Clary,269,09-Oct-16,"Two-Way , Not Divided",Wet,Dark - Lighted,Rain,Not a Collision Between Two Motor Vehicles in Transport,"Yes, M/V and Driver Left Scene",Traffic Control Signal,5,2,Complains Of Pain,,41.8218,-71.41643
466867,2016-00100282,05-Oct-16,11:05:00 AM,Bicycle,,1,,,1,Knight St,GRANT ST ,John Bento,329,05-Oct-16,"Two-Way , Not Divided",Dry,Daylight,Clear,Other,No,No Controls,3,0,No Injury,,41.81855,-71.42784
465041,2016-00098949,01-Oct-16,1:25:00 PM,Pedestrian,1,,,,1,29 FORD ST,DEXTER ST ,Jose Deschamps,419,01-Oct-16,"Two-Way , Not Divided",Wet,Daylight,"Sleet, Hail (Freezing Rain or Drizzle)",Not a Collision Between Two Motor Vehicles in Transport,"Yes, M/V and Driver Left Scene",No Controls,2,1,Complains Of Pain,,41.80895,-71.42928
464027,2016-00098185,29-Sep-16,7:52:00 AM,Pedestrian,2,,,,1,DEXTER ST,POTTERS AVE ,Ptlm. Chin,516,29-Sep-16,"Two-Way , Not Divided",Dry,Daylight,Cloudy,Not a Collision Between Two Motor Vehicles in Transport,No,No Controls,7,2,Incapacitating,2,41.80249,-71.43059
464122,2016-00098228,29-Sep-16,11:07:00 AM,Pedestrian,1,,,,1,HAYES ST,PARK ST ,John Henderson,148,29-Sep-16,"Two-Way , Not Divided",Dry,Daylight,Cloudy,Other,No,No Controls,4,1,Non-Incapacitating,,41.82928,-71.41675
463806,2016-00097993,28-Sep-16,3:23:00 PM,Bicycle,,1,,,1,HOPE ST,ANGELL ST ,Scott Sousa,464,28-Sep-16,"Two-Way , Not Divided",Dry,Daylight,Cloudy,Head-On (Front - to - Front),No,No Controls,2,1,Complains Of Pain,,41.82847,-71.39756
463872,2016-00098074,28-Sep-16,7:14:00 PM,Pedestrian,1,,,,1,HAWKINS ST,BRANCH AVE ,Donald Castigliego,287,28-Sep-16,"Two-Way , Not Divided",Wet,Dark - Lighted,Rain,Not a Collision Between Two Motor Vehicles in Transport,No,Traffic Control Signal,5,1,Complains Of Pain,2,41.8509,-71.42142
461798,2016-00096754,25-Sep-16,7:00:00 AM,Pedestrian,1,,,,1,SERVICE ROAD 7,PINE ST ,Fernando Lopez,156,25-Sep-16,"Two-Way , Not Divided",Dry,Daylight,Clear,Not a Collision Between Two Motor Vehicles in Transport,"Yes, M/V and Driver Left Scene",Traffic Control Signal,1,1,Complains Of Pain,,41.81735,-71.41694
460164,2016-00095111,21-Sep-16,12:43:00 PM,Pedestrian,1,,,,1,930 Broad St,BROAD ST ,Ptlm. Chin,516,21-Sep-16,"Two-Way , Not Divided",Dry,Daylight,Clear,Not a Collision Between Two Motor Vehicles in Transport,"Yes, M/V and Driver Left Scene",No Controls,1,1,Complains Of Pain,3,41.79888,-71.4155
460379,2016-00095284,21-Sep-16,7:37:00 PM,Bicycle,,1,,,1,WHITMARSH ST,ELMWOOD AVE,KEN MATSUMOTO,348,21-Sep-16,"Two-Way, Not Divided With a Continuous Left Turn Lane",Dry,Dark - Lighted,Clear,Not a Collision Between Two Motor Vehicles in Transport,No,Stop Signs,2,1,Complains Of Pain,,41.80596,-71.42507
459736,2016-00094466,19-Sep-16,3:38:00 PM,Pedestrian,1,,,,1,smith st,DANFORTH ST ,Michael Moonan,286,19-Sep-16,"Two-Way , Not Divided",Wet,Daylight,Rain,Not a Collision Between Two Motor Vehicles in Transport,No,No Controls,3,1,Non-Incapacitating,,41.83557,-71.42652
458757,2016-00094101,18-Sep-16,2:03:00 PM,Pedestrian,1,,,,1,ALLENS AVE,ALLENS AVE ,Amoroso/Castigliego,613,18-Sep-16,"Two-Way , Not Divided",Wet,Daylight,Cloudy,Not a Collision Between Two Motor Vehicles in Transport,No,No Controls,4,2,Fatal,,41.80652,-71.40295
458434,2016-00093623,17-Sep-16,4:41:00 PM,Bicycle,,1,,,1,53-55 CONGRESS AVE,CONGRESS AVE,Robert Heaton,539,17-Sep-16,"Two-Way , Not Divided",Dry,Daylight,Clear,Other,No,No Controls,5,1,Non-Incapacitating,,41.80035,-71.42024
457812,2016-00093199,16-Sep-16,5:07:00 PM,Pedestrian,1,,,,1,RIVER AVE,ADMIRAL ST ,David Harrington,276,16-Sep-16,"Two-Way , Not Divided",Dry,Daylight,Clear,Not a Collision Between Two Motor Vehicles in Transport,"Yes, M/V and Driver Left Scene",No Controls,1,1,Complains Of Pain,,41.8491,-71.43891
457940,2016-00093293,16-Sep-16,9:14:00 PM,Bicycle,,1,,,1,Douglas Ave,Clym St,Michael Clary,269,16-Sep-16,"Two-Way , Not Divided",Dry,Dark - Lighted,Clear,Not a Collision Between Two Motor Vehicles in Transport,"Yes, M/V and Driver Left Scene",No Controls,1,1,Complains Of Pain,,41.84317,-71.42774
457187,2016-00092843,15-Sep-16,6:42:00 PM,Pedestrian,1,,,,1,STEUBEN ST,ANDERSON ST ,Juan Rodrigues,194,15-Sep-16,"Two-Way, Divided, Unprotected (painted>4feet) Medium",Dry,Daylight,Clear,"Sidwswipe, Opposite Direction","Yes, M/V and Driver Left Scene",No Controls,1,1,Non-Incapacitating,,41.82273,-71.45014
457394,2016-00092836,15-Sep-16,6:25:00 PM,Pedestrian,1,,,,1,ORMS ST,STATE ST ,KEN MATSUMOTO,348,15-Sep-16,"Two-Way, Divided, Positive Median Barrier",Dry,Daylight,Clear,Not a Collision Between Two Motor Vehicles in Transport,No,No Controls,4,1,Fatal,4,41.83482,-71.4136
456353,2016-00092222,14-Sep-16,8:54:00 AM,Pedestrian,1,,,,1,BROAD ST,JOHN PARTINGTON WAY,Alberto DaCruz,205,14-Sep-16,"Two-Way , Not Divided",Dry,Daylight,Clear,Not a Collision Between Two Motor Vehicles in Transport,No,Traffic Control Signal,2,0,No Injury,,41.81736,-71.41696
456508,2016-00092334,14-Sep-16,2:59:00 PM,Pedestrian,1,,,,1,FRANCIS STREET,AMERICAN EXPRESS PLZ ,Leonel Pichs,615,14-Sep-16,"Two-Way, Divided, Unprotected (painted>4feet) Medium",Dry,Daylight,Clear,Angle (Front - to - Side) Right Angle (Includes Broadside),"Yes, M/V and Driver Left Scene",Traffic Control Signal,3,1,Complains Of Pain,,41.82741,-71.41541
456617,2016-00092426,14-Sep-16,6:19:00 PM,Pedestrian,1,,,,1,N MAIN ST,N MAIN ST ,Glen Morgan,558,14-Sep-16,"Two-Way , Not Divided",Dry,Dusk,Clear,Angle - Direction Not Specified,No,No Controls,3,1,Complains Of Pain,,41.85331,-71.40104
456887,2016-00092487,14-Sep-16,9:05:00 PM,Pedestrian,1,,,,1,MEMORIAL BLVD,COLLEGE ST ,Robert Heaton,539,14-Sep-16,"Two-Way, Divided, Unprotected (painted>4feet) Medium",Dry,Dark - Lighted,Clear,Other,No,Pavement Markings,4,1,Incapacitating,4,41.82538,-71.40886
455890,2016-00091829,13-Sep-16,8:53:00 AM,Bicycle,,1,,,1,FOUNTAIN ST,FRANCIS ST ,Fernando Lopez,156,13-Sep-16,One-Way Trafficway,Dry,Daylight,Clear,Not a Collision Between Two Motor Vehicles in Transport,No,Traffic Control Signal,5,1,Complains Of Pain,,41.82481,-71.41469
456214,2016-00092012,13-Sep-16,4:54:00 PM,Pedestrian,1,,,,1,ANGELL ST,WAYLAND AVE ,Erik Breault,226,13-Sep-16,"Two-Way, Divided, Unprotected (painted>4feet) Medium",Dry,Daylight,Clear,Not a Collision Between Two Motor Vehicles in Transport,No,Traffic Control Signal,3,1,Incapacitating,,41.83015,-71.38792
456274,2016-00092170,13-Sep-16,11:00:00 PM,Pedestrian,1,,,,1,webster ave,STERLING AVE ,Kristen Barth,247,14-Sep-16,"Two-Way , Not Divided",Dry,Dark - Lighted,Clear,Not a Collision Between Two Motor Vehicles in Transport,"Yes, M/V and Driver Left Scene",Stop Signs,1,1,Complains Of Pain,,41.81036,-71.44923
455626,2016-00091428,12-Sep-16,7:37:00 AM,Pedestrian,1,,,,1,Hartford Ave,Bowlet Street,Joseph Kane,544,12-Sep-16,"Two-Way, Divided, Unprotected (painted>4feet) Medium",Dry,Daylight,Clear,Other,No,No Controls,4,1,Complains Of Pain,,41.81907,-71.46227
455693,2016-00091602,12-Sep-16,4:06:00 PM,Bicycle,,1,,,1,POTTERS AVE,NINIGRET AVE ,Donald Castigliego,287,12-Sep-16,"Two-Way , Not Divided",Dry,Daylight,Clear,Not a Collision Between Two Motor Vehicles in Transport,No,No Controls,3,1,Complains Of Pain,,41.80466,-71.43675
455701,2016-00091634,12-Sep-16,5:30:00 PM,Pedestrian,1,,,,1,Hartford Ave,HARTFORD AVE ,Louy Marroquin,218,12-Sep-16,"Two-Way , Not Divided",Dry,Daylight,Clear,Other,No,No Controls,4,1,Complains Of Pain,,41.81727,-71.44995
454138,2016-00089920,08-Sep-16,4:16:00 PM,Pedestrian,1,,,,1,Hope St.,Cypress St.,Harrison Northup,232,08-Sep-16,"Two-Way , Not Divided",Dry,Daylight,Clear,Not a Collision Between Two Motor Vehicles in Transport,"Yes, M/V and Driver Left Scene",Traffic Control Signal,3,1,Non-Incapacitating,,41.84102,-71.39899
453227,2016-00089285,06-Sep-16,7:03:00 PM,Bicycle,,1,,,1,Dorrance st,PINE ST ,Alexa Levesque,248,06-Sep-16,"Two-Way , Not Divided",Wet,Daylight,Cloudy,Not a Collision Between Two Motor Vehicles in Transport,No,No Controls,3,1,Complains Of Pain,,41.82239,-71.4101
452267,2016-00088483,04-Sep-16,4:02:00 PM,Other,,,,X,1,HARTFORD AV,IDA ST,Joseph Gallucci,503,04-Sep-16,"Two-Way , Not Divided",Dry,Daylight,Clear,Other,"Yes, M/V and Driver Left Scene",No Controls,3,1,Complains Of Pain,2,41.81835,-71.4574
452357,2016-00088627,04-Sep-16,10:23:00 PM,Pedestrian,1,,,,1,MEMORIAL BLVD,FRANCIS ST,Robert Heaton,539,05-Sep-16,"Two-Way, Divided, Positive Median Barrier",Dry,Dark - Lighted,Clear,Other,"Yes, M/V and Driver Left Scene",Pavement Markings,5,1,Incapacitating,6,41.82582,-71.4151
451810,2016-00088053,03-Sep-16,4:06:00 PM,Pedestrian,1,,,,1,ELMWOOD AVE,EXIT 17 ,Richard Mendez,288,03-Sep-16,One-Way Trafficway,Dry,Daylight,Clear,Not a Collision Between Two Motor Vehicles in Transport,"Yes, M/V and Driver Left Scene",Traffic Control Signal,2,1,Complains Of Pain,,41.78853,-71.42091
450852,2016-00087274,01-Sep-16,8:28:00 PM,Bicycle,,1,,,1,CHALKSTONE AVE,CANTON ST ,KEN MATSUMOTO,348,01-Sep-16,"Two-Way , Not Divided",Dry,Dark - Lighted,Clear,Not a Collision Between Two Motor Vehicles in Transport,No,Stop Signs,3,1,Complains Of Pain,,41.8323,-71.4425
450909,2016-00087056,01-Sep-16,8:33:00 AM,Bicycle,,1,,,1,ALEPPO ST,MANTON AVE ,Joseph Kane,544,02-Sep-16,"Two-Way, Divided, Unprotected (painted>4feet) Medium",Wet,Daylight,Rain,Angle (Front - to - Side) Right Angle (Includes Broadside),No,No Controls,3,1,Non-Incapacitating,,41.81968,-71.44739
450264,2016-00086730,31-Aug-16,10:43:00 AM,Pedestrian,1,,,,1,WASHINGTON ST,EMPIRE ST ,Jose Deschamps,419,31-Aug-16,"Two-Way, Divided, Unprotected (painted>4feet) Medium",Dry,Daylight,Clear,Not a Collision Between Two Motor Vehicles in Transport,No,No Controls,3,1,Complains Of Pain,,41.82182,-71.41645
450273,2016-00086776,31-Aug-16,1:00:00 PM,Bicycle,,1,,,1,ABRAM ST,BRANCH AVE ,Fernando Lopez,156,31-Aug-16,"Two-Way , Not Divided",Dry,Daylight,Clear,Not a Collision Between Two Motor Vehicles in Transport,No,Other,2,1,Complains Of Pain,,41.85412,-71.4307
450504,2016-00086817,31-Aug-16,3:33:00 PM,Bicycle,,1,,,1,broad st,FOSTER ST ,Alexa Levesque,248,31-Aug-16,"Two-Way , Not Divided",Dry,Daylight,Clear,Not a Collision Between Two Motor Vehicles in Transport,No,No Controls,3,1,Complains Of Pain,,41.81878,-71.41549
450509,2016-00086833,31-Aug-16,4:07:00 PM,Bicycle,,1,,,1,157 WATERMAN STREET,,Donald Castigliego,287,31-Aug-16,One-Way Trafficway,Dry,Daylight,Clear,Not a Collision Between Two Motor Vehicles in Transport,No,No Controls,2,1,Complains Of Pain,,41.82762,-71.39503
450523,2016-00086856,31-Aug-16,4:49:00 PM,Bicycle,,1,,,1,S WATER ST,POWER STREET,Donald Castigliego,287,31-Aug-16,One-Way Trafficway,Dry,Daylight,Clear,Not a Collision Between Two Motor Vehicles in Transport,No,Other,5,1,Non-Incapacitating,,41.82239,-71.40603
449765,2016-00086331,30-Aug-16,8:45:00 AM,Pedestrian,1,,,,1,STEEPLE ST,CANAL ST ,Ptlm. Chin,516,30-Aug-16,One-Way Trafficway,Dry,Daylight,Clear,Not a Collision Between Two Motor Vehicles in Transport,No,Traffic Control Signal,2,1,Complains Of Pain,3,41.82719,-71.40988
449809,2016-00086445,30-Aug-16,3:27:00 PM,Bicycle,,1,,,1,WAITE ST,GENERAL ST ,David Harrington,276,30-Aug-16,"Two-Way , Not Divided",Dry,Daylight,Clear,Not a Collision Between Two Motor Vehicles in Transport,No,Stop Signs,3,0,No Injury,,41.85356,-71.4408
450145,2016-00086608,30-Aug-16,11:09:00 PM,Pedestrian,1,,,,1,SOUTH WATER ST,WILLIAMS ST ,Robert Heaton,539,31-Aug-16,"Two-Way , Not Divided",Dry,Dark - Lighted,Clear,Other,"Yes, M/V and Driver Left Scene",No Controls,5,1,Incapacitating,2,41.82152,-71.40517
449368,2016-00085768,28-Aug-16,6:04:00 PM,Pedestrian,1,,,,1,Public St,GORDON AVE ,Peter Salmons,207,28-Aug-16,"Two-Way , Not Divided",Dry,Daylight,Clear,Not a Collision Between Two Motor Vehicles in Transport,"Yes, M/V and Driver Left Scene",No Controls,2,1,Incapacitating,,41.80517,-71.41646
449133,2016-00085282,27-Aug-16,4:33:00 PM,Bicycle,,1,,,1,OXFORD ST,LOUISA ST ,Robert Heaton,539,27-Aug-16,"Two-Way , Not Divided",Dry,Daylight,Clear,Head-On (Front - to - Front),No,No Controls,3,0,No Injury,2,41.80243,-71.40951
447978,2016-00084744,26-Aug-16,12:57:00 PM,Bicycle,,1,,,1,CANAL ST,SMITH ST ,Scott Keenan,546,26-Aug-16,One-Way Trafficway,Dry,Daylight,Clear,Angle (Front - to - Side) Right Angle (Includes Broadside),No,Traffic Control Signal,2,0,No Injury,,41.83142,-71.41134
447187,2016-00084003,24-Aug-16,1:28:00 PM,Pedestrian,1,,,,1,BOWDOIN ST,KOSSUTH ST ,Fernando Lopez,156,24-Aug-16,"Two-Way , Not Divided",Dry,Daylight,Clear,Not a Collision Between Two Motor Vehicles in Transport,No,No Controls,3,1,Complains Of Pain,,41.82252,-71.44316
447369,2016-00083911,24-Aug-16,8:14:00 AM,Pedestrian,1,,,,1,WASHINGTON ST,EAST APPROACH,J. Amoroso/F. Furtado,613,24-Aug-16,One-Way Trafficway,Dry,Daylight,Clear,Not a Collision Between Two Motor Vehicles in Transport,No,No Controls,5,1,Fatal,,41.82465,-71.41247
446764,2016-00083582,23-Aug-16,12:36:00 PM,Pedestrian,1,,,,1,Chalkstone Ave,ACADEMY AVE ,Ptlm. Chin,516,23-Aug-16,"Two-Way , Not Divided",Dry,Daylight,Clear,Not a Collision Between Two Motor Vehicles in Transport,No,No Controls,5,1,Complains Of Pain,2,41.83242,-71.44438
446247,2016-00083338,22-Aug-16,5:44:00 PM,Pedestrian,1,,,,1,WEYBOSSET ST,DORRANCE ST ,MICHAEL R. TROIA / TRAFFIC BUREAU,331,22-Aug-16,"Two-Way , Not Divided",Dry,Daylight,Clear,Not a Collision Between Two Motor Vehicles in Transport,No,Traffic Control Signal,3,1,Complains Of Pain,,41.82307,-71.41098
444408,2016-00081621,18-Aug-16,1:04:00 PM,Pedestrian,1,,,,1,EXCHANGE ST,EXCHANGE TER ,Fernando Lopez,156,18-Aug-16,"Two-Way , Not Divided",Dry,Daylight,Clear,Not a Collision Between Two Motor Vehicles in Transport,No,Stop Signs,4,1,Complains Of Pain,,41.82621,-71.41169
443932,2016-00081253,17-Aug-16,1:55:00 PM,Pedestrian,1,,,,1,elmwood ave ,ELMWOOD AVE ,David Schiavulli,027,17-Aug-16,"Two-Way , Not Divided",Dry,Daylight,Clear,Not a Collision Between Two Motor Vehicles in Transport,No,No Controls,3,0,No Injury,,41.80861,-71.42467
443208,2016-00080899,16-Aug-16,2:27:00 PM,Pedestrian,1,,,,1,WASHINGTON ST,EMPIRE ST ,Jose Deschamps,419,16-Aug-16,"Two-Way, Divided, Unprotected (painted>4feet) Medium",Wet,Daylight,"Sleet, Hail (Freezing Rain or Drizzle)",Not a Collision Between Two Motor Vehicles in Transport,No,Traffic Control Signal,2,1,Complains Of Pain,,41.82182,-71.41645
442992,2016-00080621,15-Aug-16,7:18:00 PM,Pedestrian,1,,,,1,BROADWAY,GREENMAN LN ,Robert Heaton,539,16-Aug-16,"Two-Way , Not Divided",Dry,Daylight,Clear,Other,"Yes, M/V and Driver Left Scene",Traffic Control Signal,3,1,Non-Incapacitating,4,41.82232,-71.41867
442516,2016-00080285,14-Aug-16,11:54:00 PM,Bicycle,,1,,,1,218 Dexter St,,Michael Clary,269,15-Aug-16,"Two-Way , Not Divided",Dry,Dark - Lighted,Clear,Not a Collision Between Two Motor Vehicles in Transport,No,Pavement Markings,2,1,Complains Of Pain,,41.81049,-71.42865
442589,2016-00080202,14-Aug-16,7:33:00 PM,Pedestrian,1,,,,1,732 Plainfield St,,Michael Clary,269,15-Aug-16,"Two-Way , Not Divided",Dry,Daylight,Clear,Not a Collision Between Two Motor Vehicles in Transport,No,No Controls,3,1,Complains Of Pain,,41.81063,-71.46222
442208,2016-00079720,13-Aug-16,5:21:00 PM,Pedestrian,1,,,,1,850 MANTON AVE,CHALKSTONE AVE ,Trent Hastings,326,13-Aug-16,"Two-Way , Not Divided",Dry,Daylight,Clear,Not a Collision Between Two Motor Vehicles in Transport,No,No Controls,6,1,Incapacitating,,41.83391,-71.46721
442221,2016-00079714,13-Aug-16,4:54:00 PM,Bicycle,,1,,,1,North Main St.,Olney St.,Harrison Northup,232,13-Aug-16,One-Way Trafficway,Dry,Daylight,Clear,Not a Collision Between Two Motor Vehicles in Transport,No,No Controls,3,1,Complains Of Pain,,41.83522,-71.4098
442044,2016-00079490,12-Aug-16,2:18:00 AM,Pedestrian,2,,,,1,115 Harris Ave,HARRIS AVE EXIT 22C ,Erik Breault,226,13-Aug-16,"Two-Way, Divided, Unprotected (painted>4feet) Medium",Dry,Dark - Lighted,Clear,Not a Collision Between Two Motor Vehicles in Transport,"Yes, M/V and Driver Left Scene",No Controls,2,2,Complains Of Pain,,41.82692,-71.4245
441292,2016-00078918,11-Aug-16,6:09:00 PM,Pedestrian,1,,,,1,BROAD ST,VERNDALE AVE ,Donald Castigliego,287,11-Aug-16,"Two-Way , Not Divided",Dry,Daylight,Clear,Not a Collision Between Two Motor Vehicles in Transport,No,Pavement Markings,4,1,Complains Of Pain,2,41.79177,-71.40668
438786,2016-00077650,08-Aug-16,12:19:00 PM,Bicycle,,1,,,1,CRANSTON ST,ALTHEA ST ,Fernando Lopez,156,08-Aug-16,"Two-Way , Not Divided",Dry,Daylight,Clear,Not a Collision Between Two Motor Vehicles in Transport,No,No Controls,2,1,Complains Of Pain,,41.80766,-71.43514
437950,2016-00076938,06-Aug-16,5:14:00 PM,Bicycle,,1,,,1,POCASSET AVE,BANCROFT ST ,David Preston,251,06-Aug-16,"Two-Way , Not Divided",Dry,Daylight,Clear,"Sidwswipe, Opposite Direction",No,Unknown,2,0,No Injury,,41.81334,-71.44837
437609,2016-00076499,05-Aug-16,5:08:00 PM,Bicycle,,1,,,1,WHITMARSH ST,BUCKLIN ST ,Stephen Sage,353,05-Aug-16,"Two-Way , Not Divided",Dry,Daylight,Clear,Other,No,No Controls,5,1,Complains Of Pain,,41.80593,-71.42659
436672,2016-00075654,03-Aug-16,2:23:00 PM,Bicycle,,1,,,1,BROAD ST,EARLY ST ,Jose Deschamps,419,03-Aug-16,"Two-Way, Divided, Unprotected (painted>4feet) Medium",Dry,Daylight,Clear,Other,"Yes, M/V and Driver Left Scene",No Controls,1,1,Complains Of Pain,,41.79526,-71.41102
442363,2016-00075682,03-Aug-16,2:09:00 PM,Pedestrian,2,,,,1,N MAIN ST,DOYLE AVE ,David Morgan,474,09-Aug-16,"Two-Way, Divided, Positive Median Barrier",Dry,Daylight,Clear,Not a Collision Between Two Motor Vehicles in Transport,"Yes, Driver Left Scene",Pavement Markings,2,0,No Injury,,41.83833,-71.40923
435237,2016-00074863,01-Aug-16,8:23:00 AM,Pedestrian,3,,,,1,CHALKSTONE AVE,FALLON AVE ,Fernando Lopez,156,01-Aug-16,"Two-Way , Not Divided",Dry,Daylight,Clear,Not a Collision Between Two Motor Vehicles in Transport,No,No Controls,7,1,Non-Incapacitating,,41.83235,-71.44388