CrashReportId,ReportNumber,CrashDate,CrashTime,Collision Type,CountPedestrian,CountBicycle,Scooter,Wheel Chair,NumberofVehicles,StreetOrHighway,NearestIntersection,Officer,Badge,ReportDate,TypeOfRoadway,RoadSurfaceCondition,LightCondition,WeatherCondition,MannerofImpact,HitAndRun,TrafficControl,PersonCount,InjuryCount,MostSeriousInjury,NumberOfLanes,Latitude,Longitude
434313,2016-00074120,30-Jul-16,11:26:00 AM,Bicycle,,1,,,1,CRANSTON ST,ALTHEA ST ,Thiago Gomes,532,30-Jul-16,"Two-Way , Not Divided",Dry,Daylight,Clear,"Sidwswipe, Opposite Direction",No,Traffic Control Signal,4,1,Complains Of Pain,,41.80773,-71.43508
434240,2016-00073899,29-Jul-16,9:32:00 PM,Bicycle,,1,,,1,River Ave,Pleasant Valley Prkwy,Michael Clary,269,30-Jul-16,"Two-Way , Not Divided",Dry,Dark - Lighted,Clear,Not a Collision Between Two Motor Vehicles in Transport,No,Stop Signs,3,1,Complains Of Pain,,41.83528,-71.43912
433523,2016-00073281,28-Jul-16,9:50:00 AM,Bicycle,,1,,,1,WESTMINSTER ST EXIT,WESTMINSTER ST ,Jose Deschamps,419,28-Jul-16,One-Way Trafficway,Dry,Daylight,Clear,Not a Collision Between Two Motor Vehicles in Transport,No,Traffic Control Signal,2,1,Complains Of Pain,,41.81576,-71.43865
434140,2016-00073535,28-Jul-16,10:30:00 PM,Pedestrian,1,,,,1,WHIPPLE ST,GEOFFREYS CT ,Andrew Mignanelli,361,29-Jul-16,"Two-Way , Not Divided",Dry,Dark - Lighted,Clear,Unknown,"Yes, M/V and Driver Left Scene",No Controls,1,1,Incapacitating,,41.83708,-71.42139
429399,2016-00070601,21-Jul-16,12:30:00 PM,Pedestrian,1,,,,1,HAWKINS ST,BRANCH AVE ,Jose Deschamps,419,21-Jul-16,"Two-Way, Divided, Unprotected (painted>4feet) Medium",Dry,Daylight,Clear,Not a Collision Between Two Motor Vehicles in Transport,No,Traffic Control Signal,4,1,Complains Of Pain,,41.8509,-71.42142
429438,2016-00070615,21-Jul-16,1:40:00 PM,Pedestrian,1,,,,1,DUDLEY ST,CULVER ST ,Jose Deschamps,419,21-Jul-16,"Two-Way, Divided, Unprotected (painted>4feet) Medium",Dry,Daylight,Clear,Not a Collision Between Two Motor Vehicles in Transport,No,No Controls,3,0,No Injury,,41.81069,-71.40797
429439,2016-00070621,21-Jul-16,2:02:00 PM,Pedestrian,1,,,,1,MEETING ST,THAYER ST ,Jose Deschamps,419,21-Jul-16,One-Way Trafficway,Dry,Daylight,Clear,Not a Collision Between Two Motor Vehicles in Transport,"Yes, M/V and Driver Left Scene",No Controls,1,1,Complains Of Pain,,41.82916,-71.40079
429720,2016-00070777,21-Jul-16,9:26:00 PM,Bicycle,,1,,,1,WASHINGTON ST,SNOW ST ,Michael Sullivan,347,21-Jul-16,"Two-Way , Not Divided",Dry,Dark - Lighted,Clear,Not a Collision Between Two Motor Vehicles in Transport,No,No Controls,3,1,Complains Of Pain,2,41.82252,-71.4155
428996,2016-00070308,20-Jul-16,4:55:00 PM,Pedestrian,1,,,,1,LINDEN AVE,ELMWOOD AVE ,Daryl Pfeiffer,241,20-Jul-16,"Two-Way , Not Divided",Dry,Daylight,Clear,Not a Collision Between Two Motor Vehicles in Transport,No,No Controls,2,1,Complains Of Pain,,41.78612,-71.41951
427535,2016-00069498,18-Jul-16,12:52:00 PM,Pedestrian,3,,,,1,ROCHAMBEAU AVE,HOPE ST ,Fernando Lopez,156,18-Jul-16,"Two-Way , Not Divided",Dry,Daylight,Clear,Not a Collision Between Two Motor Vehicles in Transport,"Yes, M/V and Driver Left Scene",Pavement Markings,8,3,Non-Incapacitating,,41.84691,-71.39615
427575,2016-00069526,18-Jul-16,1:41:00 PM,Bicycle,,1,,,1,111 POINT ST,CHESTNUT ST ,Edwin Kemble,364,18-Jul-16,"Two-Way , Not Divided",Dry,Daylight,Clear,Angle (Front - to - Side) Right Angle (Includes Broadside),No,Stop Signs,3,0,No Injury,,41.81626,-71.408
426919,2016-00069070,17-Jul-16,2:03:00 AM,Bicycle,,1,,,1,INDIA ST,BRIDGE ST ,Robert Savage,238,17-Jul-16,One-Way Trafficway,Dry,Dark - Lighted,Clear,"Sideswipe, Same Direction",No,No Controls,4,0,No Injury,,41.81828,-71.40226
426774,2016-00068626,16-Jul-16,2:20:00 AM,Pedestrian,1,,,,1,HARTFORD AVE,MERINO ST,Matthew Fadale,214,16-Jul-16,"Two-Way , Not Divided",Dry,Dark - Lighted,Clear,Not a Collision Between Two Motor Vehicles in Transport,No,No Controls,3,1,Complains Of Pain,,41.81891,-71.46106
426866,2016-00068827,16-Jul-16,4:27:00 PM,Bicycle,,1,,,1,UPDIKE ST,MAWNEY ST,MICHAEL R. TROIA / TRAFFIC BUREAU,331,16-Jul-16,"Two-Way , Not Divided",Dry,Daylight,Clear,Not a Collision Between Two Motor Vehicles in Transport,No,No Controls,4,1,Complains Of Pain,2,41.80364,-71.42239
426690,2016-00068493,15-Jul-16,8:48:00 PM,Pedestrian,1,,,,1,ATWELLS AVE,DE PASQUALE AVE ,Donald Castigliego,287,15-Jul-16,"Two-Way , Not Divided",Dry,Dark - Lighted,Clear,Not a Collision Between Two Motor Vehicles in Transport,No,No Controls,2,1,Complains Of Pain,,41.82359,-71.42694
426160,2016-00067949,14-Jul-16,12:11:00 PM,Pedestrian,1,,,,1,ELMWOOD AVE,ELMWOOD AVE ,Fernando Lopez,156,14-Jul-16,"Two-Way , Not Divided",Dry,Daylight,Cloudy,Not a Collision Between Two Motor Vehicles in Transport,No,No Controls,4,1,Complains Of Pain,,41.8037,-71.42567
426361,2016-00068123,14-Jul-16,8:58:00 PM,Pedestrian,1,,,,1,241 Jewett St,,Michael Clary,269,14-Jul-16,"Two-Way , Not Divided",Dry,Dark - Lighted,Clear,Not a Collision Between Two Motor Vehicles in Transport,No,No Controls,3,1,Complains Of Pain,,41.83239,-71.42645
425862,2016-00067581,13-Jul-16,9:51:00 AM,Bicycle,,1,,,1,BROAD ST,CHESTNUT ST ,Ptlm.Chin,516,13-Jul-16,"Two-Way , Not Divided",Dry,Daylight,Clear,Not a Collision Between Two Motor Vehicles in Transport,No,No Controls,2,1,Complains Of Pain,3,41.82003,-71.41432
425930,2016-00067720,13-Jul-16,5:40:00 PM,Bicycle,,1,,,1,LINWOOD AVE,UNION AVE ,Luis Pelaez,336,13-Jul-16,"Two-Way , Not Divided",Dry,Daylight,Clear,Not a Collision Between Two Motor Vehicles in Transport,No,No Controls,3,1,Complains Of Pain,2,41.80885,-71.43939
425191,2016-00067068,11-Jul-16,6:49:00 PM,Bicycle,,1,,,1,ROANOKE ST,ACADEMY AVE ,Robert Foley,242,11-Jul-16,"Two-Way , Not Divided",Dry,Daylight,Clear,Not a Collision Between Two Motor Vehicles in Transport,No,No Controls,2,1,Complains Of Pain,,41.83168,-71.44442
425583,2016-00067000,11-Jul-16,4:20:00 PM,Bicycle,,1,,,1,BROAD ST,BROAD ST ,Edwardo Curi,294,11-Jul-16,"Two-Way , Not Divided",Dry,Daylight,Clear,Angle (Front - to - Side) Same Direction,No,No Controls,2,1,Complains Of Pain,,41.8057,-71.41977
424339,2016-00066239,09-Jul-16,12:27:00 PM,Bicycle,,2,,,1,WEYBOSSET ST,ABBOTT PARK PL ,Fernando Lopez,156,09-Jul-16,"Two-Way , Not Divided",Dry,Daylight,Cloudy,Not a Collision Between Two Motor Vehicles in Transport,No,No Controls,3,1,Complains Of Pain,,41.8205,-71.41363
423317,2016-00065169,06-Jul-16,12:03:00 PM,Bicycle,,1,,,1,Broadway,ATWELLS AVE ,Edwin Kemble,364,06-Jul-16,"Two-Way , Not Divided",Dry,Daylight,Clear,Not a Collision Between Two Motor Vehicles in Transport,No,Traffic Control Signal,3,1,Complains Of Pain,,41.82311,-71.42008
423866,2016-00065211,06-Jul-16,2:04:00 PM,Pedestrian,1,,,,1,WESTMINSTER ST,BRIDGHAM ST ,Eugene Craven,517,07-Jul-16,"Two-Way, Divided, Unprotected (painted>4feet) Medium",Dry,Daylight,Clear,Not a Collision Between Two Motor Vehicles in Transport,No,Traffic Control Signal,2,1,Non-Incapacitating,,41.8169,-71.42848
423024,2016-00064910,05-Jul-16,4:19:00 PM,Pedestrian,1,,,,1,WASHINGTON STREET,EMPIRE ST ,William O'Donnell,150,05-Jul-16,"Two-Way , Not Divided",Dry,Daylight,Clear,Angle - Direction Not Specified,No,Traffic Control Signal,2,1,Complains Of Pain,,41.82182,-71.41645
423119,2016-00065013,05-Jul-16,9:27:00 PM,Pedestrian,1,,,,1,GODDARD ST,CANDACE ST ,David Harrington,276,05-Jul-16,"Two-Way , Not Divided",Dry,Dark - Lighted,Clear,Not a Collision Between Two Motor Vehicles in Transport,No,No Controls,3,1,Complains Of Pain,,41.83447,-71.42156
422625,2016-00064499,04-Jul-16,7:39:00 PM,Pedestrian,1,,,,1,ROWAN STREET,CHALKSTONE AVE ,Leonel Pichs,615,04-Jul-16,"Two-Way , Not Divided",Dry,Daylight,Clear,"Sideswipe, Same Direction","Yes, M/V and Driver Left Scene",No Controls,1,1,Complains Of Pain,,41.83337,-71.44742
421443,2016-00063002,01-Jul-16,6:46:00 AM,Pedestrian,1,,,,1,EDDY ST,EDDY ST EXIT ,Fernando Lopez,156,01-Jul-16,"Two-Way , Not Divided",Dry,Daylight,Clear,Other,No,No Controls,2,0,No Injury,,41.81158,-71.40709
421468,2016-00063027,01-Jul-16,9:04:00 AM,Pedestrian,1,,,,1,30 Hagan Street,30 Hagan Street ,Michele Tella,668,01-Jul-16,"Two-Way , Not Divided",Dry,Daylight,Clear,Other,No,Person,4,1,Incapacitating,,41.83623,-71.43046
420681,2016-00062305,29-Jun-16,11:49:00 AM,Pedestrian,1,,,,1,649 N MAIN ST,,Darren Hull,598,29-Jun-16,Unknown,Dry,Daylight,Clear,Unknown,"Yes, M/V and Driver Left Scene",Pavement Markings,3,1,Complains Of Pain,,41.83823,-71.40925
419624,2016-00061268,26-Jun-16,5:18:00 PM,Bicycle,,1,,,1,BROADWAY,SERVICE ROAD 8 ,KEN MATSUMOTO,348,26-Jun-16,One-Way Trafficway,Dry,Daylight,Clear,Not a Collision Between Two Motor Vehicles in Transport,No,Pavement Markings,3,1,Complains Of Pain,,41.82212,-71.41976
418990,2016-00060263,24-Jun-16,10:34:00 AM,Pedestrian,1,,,,1,280 WASHINGTON STREET,SERVICE ROAD 8 ,Thomas Connetta,374,24-Jun-16,"Two-Way , Not Divided",Dry,Daylight,Clear,Not a Collision Between Two Motor Vehicles in Transport,No,No Controls,5,1,Non-Incapacitating,,41.82067,-71.4181
419052,2016-00060359,24-Jun-16,3:25:00 PM,Pedestrian,1,,,,1,5 Elmwood Ave,,Troy Lambert,413,24-Jun-16,"Two-Way , Not Divided",Dry,Daylight,Clear,Not a Collision Between Two Motor Vehicles in Transport,No,No Controls,4,1,Incapacitating,,41.81268,-71.42208
419086,2016-00060352,24-Jun-16,3:03:00 PM,Pedestrian,1,,,,1,10 BODELL AVENUE,,Donald Castigliego,287,24-Jun-16,"Two-Way , Not Divided",Dry,Daylight,Clear,Not a Collision Between Two Motor Vehicles in Transport,No,No Controls,3,1,Incapacitating,,41.81664,-71.4525
418360,2016-00059814,23-Jun-16,8:21:00 AM,Pedestrian,1,,,,1,SOUTH ST,RICHMOND ST ,Brian Corcoran,562,23-Jun-16,"Two-Way , Not Divided",Dry,Daylight,Clear,Other,No,Stop Signs,2,1,Complains Of Pain,2,41.81737,-71.40785
418398,2016-00059841,23-Jun-16,9:47:00 AM,Pedestrian,1,,,,1,ATWELLS AVE,HANNAH ST ,Kenneth Pike,130,23-Jun-16,Unknown,Dry,Daylight,Clear,Not a Collision Between Two Motor Vehicles in Transport,No,No Controls,2,1,Complains Of Pain,,41.82508,-71.44898
418488,2016-00059959,23-Jun-16,3:31:00 PM,Bicycle,,1,,,1,WESTMINSTER ST EXIT,WESTMINSTER ST ,KEN MATSUMOTO,348,23-Jun-16,"Two-Way, Divided, Unprotected (painted>4feet) Medium",Dry,Daylight,Clear,Angle (Front - to - Side) Right Angle (Includes Broadside),No,Traffic Control Signal,2,0,No Injury,,41.81577,-71.43886
418532,2016-00060024,23-Jun-16,5:48:00 PM,Bicycle,,1,,,1,HARWICH RD,BLACKSTONE BLVD ,KEN MATSUMOTO,348,23-Jun-16,"Two-Way, Divided, Positive Median Barrier",Dry,Daylight,Clear,Not a Collision Between Two Motor Vehicles in Transport,"Yes, M/V and Driver Left Scene",Pavement Markings,1,1,Incapacitating,,41.85012,-71.38739
417407,2016-00059045,21-Jun-16,6:54:00 AM,Pedestrian,1,,,,1,DEAN ST,SPRUCE ST ,Fernando Lopez,156,21-Jun-16,"Two-Way, Divided, Unprotected (painted>4feet) Medium",Wet,Daylight,Rain,Other,No,No Controls,3,1,Complains Of Pain,,41.82365,-71.42446
417498,2016-00059121,21-Jun-16,12:15:00 PM,Pedestrian,1,,,,1,Thurbers Ave,I 95 S ,John Bento,329,21-Jun-16,One-Way Trafficway,Dry,Daylight,Clear,Other,No,No Controls,2,1,Complains Of Pain,,41.80057,-71.40309
417636,2016-00059253,21-Jun-16,6:50:00 PM,Pedestrian,1,,,,1,ADMIRAL ST,WINONA ST ,Donald Castigliego,287,21-Jun-16,"Two-Way , Not Divided",Dry,Daylight,Clear,Not a Collision Between Two Motor Vehicles in Transport,No,No Controls,2,1,Complains Of Pain,,41.85253,-71.44562
413464,2016-00056046,14-Jun-16,9:06:00 AM,Pedestrian,1,,,,1,PARK ROW E,CANAL ST ,Fernando Lopez,156,14-Jun-16,"Two-Way , Not Divided",Dry,Daylight,Clear,Other,No,Stop Signs,3,1,Complains Of Pain,,41.82846,-71.41075
412116,2016-00055052,11-Jun-16,2:55:00 PM,Bicycle,,1,,,1,Blackstone Blvd,Freeman Pkwy ,Harrison Northup,232,11-Jun-16,One-Way Trafficway,Wet,Daylight,Rain,Angle (Front - to - Side) Right Angle (Includes Broadside),No,No Controls,2,1,Complains Of Pain,,41.83895,-71.38512
411801,2016-00054720,10-Jun-16,5:53:00 PM,Pedestrian,1,,,,1,993 MANTON AVE,,MICHAEL R. TROIA / TRAFFIC BUREAU,331,10-Jun-16,"Two-Way , Not Divided",Dry,Daylight,Clear,Not a Collision Between Two Motor Vehicles in Transport,No,No Controls,3,1,Complains Of Pain,2,41.8332,-71.46984
411873,2016-00054754,10-Jun-16,7:47:00 PM,Bicycle,,1,,,1,Prairie Ave,Public St,Michael Clary,269,10-Jun-16,"Two-Way , Not Divided",Dry,Daylight,Clear,Not a Collision Between Two Motor Vehicles in Transport,"Yes, Driver Left Scene",No Controls,1,1,Complains Of Pain,,41.8056,-71.41483
412338,2016-00054812,10-Jun-16,10:14:00 PM,Bicycle,,1,,,1,BRANCH AVE,MOY ST ,Jeremy Doucette,482,11-Jun-16,"Two-Way , Not Divided",Dry,Dark - Not Lighted,Clear,Not a Collision Between Two Motor Vehicles in Transport,"Yes, M/V and Driver Left Scene",No Controls,1,1,Complains Of Pain,,41.85486,-71.43605
410896,2016-00053987,08-Jun-16,4:48:00 PM,Pedestrian,1,,,,1,PARK ROW,N MAIN ST ,Fausto Garcia,109,08-Jun-16,One-Way Trafficway,Dry,Daylight,Cloudy,Not a Collision Between Two Motor Vehicles in Transport,"Yes, M/V and Driver Left Scene",Stop Signs,2,1,Complains Of Pain,,41.82865,-71.40964
409396,2016-00053036,06-Jun-16,7:45:00 AM,Bicycle,,1,,,1,Wickenden St,BROOK ST ,Frank Moody,328,06-Jun-16,"Two-Way , Not Divided",Dry,Daylight,Clear,Angle (Front - to - Side) Opposite Direction,No,Traffic Control Signal,5,1,Incapacitating,,41.81948,-71.39826
409656,2016-00053173,06-Jun-16,3:09:00 PM,Bicycle,,1,,,1,116 ORANGE ST,,MICHAEL R. TROIA / TRAFFIC BUREAU,331,06-Jun-16,"Two-Way , Not Divided",Dry,Daylight,Clear,Not a Collision Between Two Motor Vehicles in Transport,No,No Controls,4,1,Complains Of Pain,,41.82238,-71.40897
409972,2016-00053246,06-Jun-16,5:32:00 PM,Bicycle,,1,,,1,CARPENTER ST,BATTEY ST ,Brian Murphy,231,06-Jun-16,"Two-Way , Not Divided",Dry,Daylight,Clear,Not a Collision Between Two Motor Vehicles in Transport,No,Stop Signs,2,0,No Injury,,41.81935,-71.42491
410923,2016-00052760,05-Jun-16,7:58:00 AM,Other,1,,,X,1,BROAD ST,SERVICE ROAD 7 ,Francisco Furtado,635,08-Jun-16,One-Way Trafficway,Dry,Daylight,Clear,Other,No,Traffic Control Signal,3,1,Complains Of Pain,,41.81736,-71.41696
408292,2016-00051595,02-Jun-16,2:23:00 PM,Bicycle,,1,,,1,UNION AVE,WEBSTER AVE ,Jose Deschamps,419,02-Jun-16,"Two-Way, Divided, Unprotected (painted>4feet) Medium",Dry,Daylight,Clear,Not a Collision Between Two Motor Vehicles in Transport,No,Traffic Control Signal,4,1,Complains Of Pain,,41.80683,-71.44755
407894,2016-00051176,01-Jun-16,1:02:00 PM,Bicycle,,1,,,1,OAKLAND AVE,CHALKSTONE AVE,Merrick Cook,280,01-Jun-16,"Two-Way , Not Divided",Dry,Daylight,Clear,Not a Collision Between Two Motor Vehicles in Transport,No,No Controls,3,1,Non-Incapacitating,2,41.83419,-71.43024
407952,2016-00051261,01-Jun-16,4:50:00 PM,Bicycle,,1,,,1,EXCHANGE TERR,FRANCIS ST ,MICHAEL R. TROIA / TRAFFIC BUREAU,331,01-Jun-16,One-Way Trafficway,Dry,Daylight,Clear,Not a Collision Between Two Motor Vehicles in Transport,No,No Controls,3,1,Complains Of Pain,,41.82504,-71.41476
408009,2016-00051317,01-Jun-16,7:17:00 PM,Bicycle,,1,,,1,CHATHAM ST,BRANCH AVE ,Andrew Mignanelli,361,01-Jun-16,"Two-Way , Not Divided",Dry,Daylight,Clear,Angle (Front - to - Side) Right Angle (Includes Broadside),No,No Controls,3,1,Complains Of Pain,,41.84872,-71.41661
408181,2016-00051172,01-Jun-16,12:43:00 PM,Pedestrian,1,,,,1,ZONE ST,ORMS ST ,Raymond King,633,02-Jun-16,One-Way Trafficway,Dry,Daylight,Clear,Other,No,No Controls,3,0,No Injury,1,41.83294,-71.42702
406455,2016-00049952,29-May-16,1:53:00 AM,Pedestrian,1,,,,1,FRIENDSHIP ST,RICHMOND ST ,Michael Sullivan,347,29-May-16,One-Way Trafficway,Dry,Dark - Lighted,Clear,Not a Collision Between Two Motor Vehicles in Transport,No,No Controls,2,1,Complains Of Pain,2,41.81998,-71.41139
406299,2016-00049595,28-May-16,10:01:00 AM,Bicycle,,1,,,1,356 WICKENDEN STREET,ANN ST ,Thomas Connetta,374,28-May-16,"Two-Way , Not Divided",Dry,Daylight,Clear,"Sideswipe, Same Direction",No,No Controls,3,1,Non-Incapacitating,2,41.81959,-71.39618
406420,2016-00049836,28-May-16,10:20:00 PM,Bicycle,,1,,,1,Douglas Ave,Branch Ave,Michael Clary,269,28-May-16,"Two-Way , Not Divided",Dry,Dark - Lighted,Clear,Not a Collision Between Two Motor Vehicles in Transport,No,Stop Signs,2,1,Complains Of Pain,,41.85536,-71.4411
406167,2016-00049255,27-May-16,3:45:00 PM,Pedestrian,1,,,,1,PROMENADE ST,RATHBONE ST ,Erik Breault,226,27-May-16,One-Way Trafficway,Dry,Daylight,Clear,Not a Collision Between Two Motor Vehicles in Transport,No,No Controls,3,1,Complains Of Pain,,41.82896,-71.42812
404945,2016-00048906,26-May-16,5:49:00 PM,Pedestrian,1,,,,1,VALLEY ST,HEMLOCK ST ,Michael Gammino,491,26-May-16,"Two-Way, Not Divided With a Continuous Left Turn Lane",Dry,Daylight,Clear,Angle (Front - to - Side) Right Angle (Includes Broadside),No,Stop Signs,3,1,Complains Of Pain,,41.83044,-71.43051
406081,2016-00048788,26-May-16,12:05:00 PM,Bicycle,,1,,,1,PLAINFIELD ST,DUXBURY ST ,Trent Hastings,326,27-May-16,"Two-Way , Not Divided",Dry,Daylight,Clear,Not a Collision Between Two Motor Vehicles in Transport,No,No Controls,2,1,Complains Of Pain,,41.81211,-71.46161
404343,2016-00048418,25-May-16,2:25:00 PM,Pedestrian,1,,,,1,139 Elmdale Ave,TERRACE AVE ,Joseph Kane,544,25-May-16,Unknown,Dry,Daylight,Clear,Other,No,No Controls,6,1,Non-Incapacitating,,41.80702,-71.44949
404596,2016-00048575,25-May-16,8:12:00 PM,Bicycle,,,,,2,HARTFORD AVE,GLENBRIDGE AVE ,Stephen Sage,353,25-May-16,"Two-Way, Divided, Unprotected (painted>4feet) Medium",Dry,Dusk,Clear,Angle (Front - to - Side) Right Angle (Includes Broadside),"Yes, M/V and Driver Left Scene",Traffic Control Signal,2,0,No Injury,,41.81898,-71.46158
403612,2016-00047721,23-May-16,3:16:00 PM,Bicycle,1,,,,1,OAKLAND AVE,SMITH ST ,Matthew Nadeau,271,23-May-16,"Two-Way, Divided, Unprotected (painted>4feet) Medium",Dry,Daylight,Clear,Not a Collision Between Two Motor Vehicles in Transport,"Yes, M/V and Driver Left Scene",Traffic Control Signal,1,0,No Injury,,41.83623,-71.43046
404304,2016-00047297,22-May-16,11:04:00 AM,Bicycle,,1,,,1,BRANCH AVE,HAWKINS ST ,Francisco Furtado,635,25-May-16,"Two-Way, Divided, Unprotected (painted>4feet) Medium",Dry,Daylight,Clear,Other,No,Traffic Control Signal,3,1,Complains Of Pain,,41.85103,-71.42174
401720,2016-00045641,18-May-16,7:47:00 AM,Bicycle,,1,,,1,UNION AVE,ALTHEA ST ,Jose Deschamps,419,18-May-16,"Two-Way, Divided, Unprotected (painted>4feet) Medium",Dry,Daylight,Clear,"Sideswipe, Same Direction","Yes, M/V and Driver Left Scene",No Controls,1,0,No Injury,,41.8093,-71.43837
401711,2016-00045323,17-May-16,10:10:00 AM,Bicycle,,1,,,1,WASHINGTON ST,UNION ST ,Jose Deschamps,419,18-May-16,"Two-Way, Divided, Unprotected (painted>4feet) Medium",Dry,Daylight,Clear,"Sideswipe, Same Direction",No,No Controls,6,1,Complains Of Pain,,41.8236,-71.414
399180,2016-00044428,14-May-16,10:11:00 PM,Pedestrian,1,,,,1,BROAD ST,Summer ST ,Tracie Miller,212,15-May-16,"Two-Way, Divided, Unprotected (painted>4feet) Medium",Dry,Dark - Lighted,Clear,Not a Collision Between Two Motor Vehicles in Transport,No,Traffic Control Signal,3,1,Complains Of Pain,,41.81638,-71.41914
397364,2016-00043344,12-May-16,7:32:00 AM,Bicycle,,1,,,1,WASHINGTON ST,WINTER ST ,Jose Deschamps,419,12-May-16,"Two-Way , Not Divided",Dry,Daylight,Clear,Angle (Front - to - Side) Right Angle (Includes Broadside),No,Stop Signs,3,1,Complains Of Pain,,41.81809,-71.4225
397661,2016-00043527,12-May-16,4:18:00 PM,Other,,,X,,2,WESTMINSTER ST,BOUGH ST ,MICHAEL R. TROIA / TRAFFIC BUREAU,331,12-May-16,"Two-Way , Not Divided",Dry,Daylight,Clear,Rear End(Front-to-Rear),"Yes, M/V and Driver Left Scene",No Controls,5,0,No Injury,3,41.8166,-71.44189
397707,2016-00043515,12-May-16,3:45:00 PM,Pedestrian,2,,,,1,WEST EXCHANGE STREET,W EXCHANGE ST EXIT 22A ,William O'Donnell,150,12-May-16,"Two-Way , Not Divided",Dry,Daylight,Clear,Other,No,No Controls,4,2,Complains Of Pain,2,41.82484,-71.41645
396766,2016-00043108,11-May-16,4:00:00 PM,Bicycle,,1,,,1,CALLA ST,BROAD ST ,Michael Barrera,249,11-May-16,"Two-Way , Not Divided",Dry,Daylight,Clear,Angle (Front - to - Side) Right Angle (Includes Broadside),No,No Controls,2,1,Non-Incapacitating,,41.78984,-71.40486
396852,2016-00043073,11-May-16,2:54:00 PM,Pedestrian,1,,,,1,LESTER ST,HARRISON ST ,Christopher Ziroli,283,11-May-16,"Two-Way , Not Divided",Dry,Daylight,Clear,Not a Collision Between Two Motor Vehicles in Transport,"Yes, M/V and Driver Left Scene",No Controls,1,1,Complains Of Pain,,41.81253,-71.4284
396202,2016-00042685,10-May-16,1:20:00 PM,Pedestrian,1,,,,1,1270 BROAD ST,BROAD ST ,Jose Deschamps,419,10-May-16,"Two-Way, Divided, Unprotected (painted>4feet) Medium",Dry,Daylight,Clear,Not a Collision Between Two Motor Vehicles in Transport,"Yes, M/V and Driver Left Scene",No Controls,2,1,Incapacitating,,41.792,-71.40696
395848,2016-00042417,09-May-16,5:57:00 PM,Pedestrian,2,,,,1,WATERMAN ST,N MAIN ST ,KEN MATSUMOTO,348,09-May-16,"Two-Way, Divided, Positive Median Barrier",Dry,Daylight,Clear,Not a Collision Between Two Motor Vehicles in Transport,No,No Controls,22,16,Complains Of Pain,,41.82694,-71.4087
394356,2016-00041556,07-May-16,9:00:00 AM,Pedestrian,1,,,,1,WESTMINSTER ST,MESSER ST ,Robert Heaton,539,07-May-16,"Two-Way , Not Divided",Wet,Daylight,Cloudy,Other,"Yes, M/V and Driver Left Scene",Pavement Markings,2,1,Complains Of Pain,3,41.81586,-71.43704
393180,2016-00040718,04-May-16,4:36:00 PM,Pedestrian,1,,,,1,GLENBRIDGE AVE,HARTFORD AVE ,Donald Castigliego,287,04-May-16,"Two-Way , Not Divided",Wet,Daylight,Rain,Not a Collision Between Two Motor Vehicles in Transport,"Yes, M/V and Driver Left Scene",No Controls,1,1,Complains Of Pain,,41.81928,-71.4614
392336,2016-00040346,03-May-16,1:00:00 PM,Pedestrian,1,,,,1,CANAL ST,MILL ST ,Jose Deschamps,419,03-May-16,"Two-Way, Divided, Positive Median Barrier",Wet,Daylight,Rain,Not a Collision Between Two Motor Vehicles in Transport,No,Stop Signs,5,1,Complains Of Pain,,41.8323,-71.41095
391673,2016-00040117,02-May-16,5:30:00 PM,Bicycle,,1,,,1,SMITH ST,CHALKSTONE AVE ,Donald Castigliego,287,02-May-16,"Two-Way , Not Divided",Dry,Daylight,Cloudy,Not a Collision Between Two Motor Vehicles in Transport,No,No Controls,2,1,Complains Of Pain,2,41.83556,-71.42649
391894,2016-00040050,02-May-16,2:21:00 PM,Bicycle,,1,,,1,610 MANTON AVE,RIDGEWAY AVE ,Jin O,147,03-May-16,"Two-Way , Not Divided",Wet,Daylight,Cloudy,Not a Collision Between Two Motor Vehicles in Transport,No,No Controls,3,1,Complains Of Pain,2,41.82722,-71.46094
390145,2016-00039072,29-Apr-16,5:05:00 PM,Bicycle,,1,,,1,Olney St,HOPE ST ,Noel Field,260,29-Apr-16,"Two-Way , Not Divided",Dry,Daylight,Cloudy,Not a Collision Between Two Motor Vehicles in Transport,No,No Controls,2,1,Complains Of Pain,2,41.83569,-71.40214
388812,2016-00038260,27-Apr-16,1:05:00 PM,Bicycle,,1,,,1,Elmwood Avenue,Westfield Street,Kenneth Wigginton,359,27-Apr-16,"Two-Way , Not Divided",Dry,Daylight,Clear,Not a Collision Between Two Motor Vehicles in Transport,No,Traffic Control Signal,2,1,Complains Of Pain,,41.81001,-71.42398
388357,2016-00038017,26-Apr-16,3:10:00 PM,Pedestrian,1,,,,1,OXFORD ST,PRAIRIE AVE ,MICHAEL R. TROIA / TRAFFIC BUREAU,331,26-Apr-16,"Two-Way , Not Divided",Wet,Daylight,Cloudy,Not a Collision Between Two Motor Vehicles in Transport,No,Stop Signs,3,1,Complains Of Pain,2,41.80158,-71.41313