CrashReportId,ReportNumber,CrashDate,CrashTime,Collision Type,CountPedestrian,CountBicycle,Scooter,Wheel Chair,NumberofVehicles,StreetOrHighway,NearestIntersection,Officer,Badge,ReportDate,TypeOfRoadway,RoadSurfaceCondition,LightCondition,WeatherCondition,MannerofImpact,HitAndRun,TrafficControl,PersonCount,InjuryCount,MostSeriousInjury,NumberOfLanes,Latitude,Longitude
387209,2016-00037335,24-Apr-16,9:40:00 AM,Bicycle,,1,,,1,Broadway,Dean Street,Michael Caraccia,624,24-Apr-16,"Two-Way , Not Divided",Dry,Daylight,Clear,Other,No,Traffic Control Signal,3,1,Incapacitating,2,41.82139,-71.42257
387460,2016-00037157,23-Apr-16,8:08:00 PM,Pedestrian,1,,,,1,Adelaide Ave,Broad St,Michael Clary,269,24-Apr-16,"Two-Way , Not Divided",Dry,Dark - Lighted,Clear,Not a Collision Between Two Motor Vehicles in Transport,No,Pavement Markings,3,1,Complains Of Pain,,41.79885,-71.41548
386732,2016-00036619,22-Apr-16,12:33:00 PM,Bicycle,,1,,,1,CALLA ST,F C GREENE PARKWAY,Jose Deschamps,419,23-Apr-16,"Two-Way , Not Divided",Dry,Daylight,Clear,Not a Collision Between Two Motor Vehicles in Transport,No,No Controls,2,1,Complains Of Pain,,41.78722,-71.41179
385226,2016-00035845,20-Apr-16,8:08:00 AM,Pedestrian,1,,,,1,Dudley st,PLAIN ST ,Kenneth Wigginton,359,20-Apr-16,"Two-Way , Not Divided",Dry,Daylight,Clear,Not a Collision Between Two Motor Vehicles in Transport,No,No Controls,3,1,Complains Of Pain,,41.81028,-71.41081
385069,2016-00035530,19-Apr-16,8:11:00 AM,Bicycle,,1,,,1,Cypress St,KNOWLES ST ,Juan Rodrigues,194,19-Apr-16,"Two-Way, Divided, Unprotected (painted>4feet) Medium",Dry,Daylight,Clear,Angle (Front - to - Side) Right Angle (Includes Broadside),No,No Controls,2,1,Non-Incapacitating,,41.8422,-71.40482
384387,2016-00035205,18-Apr-16,10:00:00 AM,Pedestrian,1,,,,1,EMPIRE ST,WASHINGTON ST ,Gary Slater,365,18-Apr-16,"Two-Way , Not Divided",Dry,Daylight,Clear,Not a Collision Between Two Motor Vehicles in Transport,No,Traffic Control Signal,3,1,Complains Of Pain,,41.82184,-71.41647
384714,2016-00035340,18-Apr-16,4:39:00 PM,Bicycle,,1,,,1,ELMWOOD AVE,DABOLL ST,KEN MATSUMOTO,348,18-Apr-16,"Two-Way, Divided, Unprotected (painted>4feet) Medium",Dry,Daylight,Clear,Not a Collision Between Two Motor Vehicles in Transport,No,No Controls,2,1,Complains Of Pain,,41.80414,-71.42557
384040,2016-00034962,17-Apr-16,2:30:00 PM,Pedestrian,1,,,,1,OAKLAND AVE,CHALKSTONE AVE ,Jose Deschamps,419,17-Apr-16,"Two-Way, Divided, Unprotected (painted>4feet) Medium",Dry,Daylight,Clear,Rear End(Front-to-Rear),No,Traffic Control Signal,4,1,Complains Of Pain,,41.83421,-71.43024
384722,2016-00035075,17-Apr-16,7:40:00 PM,Pedestrian,1,,,,1,WESTMINSTER ST,MESSER ST ,KEN MATSUMOTO,348,18-Apr-16,"Two-Way, Divided, Unprotected (painted>4feet) Medium",Dry,Dark - Lighted,Clear,Not a Collision Between Two Motor Vehicles in Transport,"Yes, M/V and Driver Left Scene",No Controls,1,1,Complains Of Pain,,41.81586,-71.43704
384175,2016-00034750,16-Apr-16,10:23:00 PM,Pedestrian,1,,,,1,176 Manton Ave,,Michael Clary,269,18-Apr-16,"Two-Way , Not Divided",Dry,Dark - Lighted,Clear,Not a Collision Between Two Motor Vehicles in Transport,"Yes, M/V and Driver Left Scene",No Controls,1,1,Complains Of Pain,,41.82017,-71.44693
382676,2016-00034085,15-Apr-16,7:21:00 AM,Pedestrian,1,,,,1,HARTFORD AVENUE,BOWLETT STREET,Thomas Connetta,374,15-Apr-16,"Two-Way , Not Divided",Dry,Daylight,Clear,Angle - Direction Not Specified,"Yes, M/V and Driver Left Scene",Flashing Traffic Control Signal,3,1,Complains Of Pain,2,41.81907,-71.46225
380897,2016-00033363,12-Apr-16,9:44:00 PM,Pedestrian,1,,,,1,244 UNION AVE,PRISCILLA AVE ,Jose Deschamps,419,12-Apr-16,"Two-Way, Divided, Unprotected (painted>4feet) Medium",Dry,Dark - Lighted,Clear,Not a Collision Between Two Motor Vehicles in Transport,No,No Controls,2,1,Complains Of Pain,,41.80753,-71.44486
380921,2016-00033367,12-Apr-16,10:06:00 PM,Pedestrian,1,,,,1,BENEVOLENT ST,BENEFIT ST ,Robert Heaton,539,12-Apr-16,"Two-Way , Not Divided",Dry,Dark - Lighted,Cloudy,Other,No,No Controls,2,1,Non-Incapacitating,2,41.82453,-71.40549
379614,2016-00032838,11-Apr-16,1:00:00 PM,Pedestrian,1,,,,1,HOLDEN ST,SMITH ST ,Cynthia Rodriguez,693,11-Apr-16,"Two-Way , Not Divided",Dry,Daylight,Clear,Not a Collision Between Two Motor Vehicles in Transport,No,No Controls,2,1,Complains Of Pain,,41.83221,-71.41802
379232,2016-00032674,10-Apr-16,8:50:00 PM,Pedestrian,1,,,,1,Orms St,Bath St,Michael Clary,269,10-Apr-16,"Two-Way , Not Divided",Dry,Dark - Lighted,Clear,Not a Collision Between Two Motor Vehicles in Transport,No,No Controls,2,0,No Injury,,41.83325,-71.42531
378087,2016-00031771,08-Apr-16,7:22:00 AM,Pedestrian,1,,,,1,ANGELL ST,HOPE ST ,John Almeida,386,08-Apr-16,One-Way Trafficway,Dry,Daylight,Clear,Not a Collision Between Two Motor Vehicles in Transport,No,Traffic Control Signal,4,1,Complains Of Pain,,41.8284,-71.39754
375957,2016-00030674,04-Apr-16,3:10:00 PM,Pedestrian,1,,,,1,Bucklin St,WHITMARSH ST ,Adrian Francis,239,04-Apr-16,"Two-Way , Not Divided",Slush,Daylight,Snow,Not a Collision Between Two Motor Vehicles in Transport,No,No Controls,2,1,Complains Of Pain,,41.8059,-71.42781
373728,2016-00029129,31-Mar-16,7:46:00 AM,Pedestrian,1,,,,1,VANDEWATER ST ,BRANCH AVE ,Michael Pattie,316,31-Mar-16,"Two-Way , Not Divided",Dry,Daylight,Clear,Other,No,Stop Signs,3,1,Complains Of Pain,,41.85367,-71.42883
373764,2016-00029274,31-Mar-16,3:06:00 PM,Pedestrian,1,,,,1,CRANSTON ST,HANOVER ST ,MICHAEL R. TROIA / TRAFFIC BUREAU,331,31-Mar-16,"Two-Way , Not Divided",Dry,Daylight,Clear,Not a Collision Between Two Motor Vehicles in Transport,"Yes, M/V and Driver Left Scene",No Controls,2,1,Complains Of Pain,2,41.80945,-71.43357
372804,2016-00028537,29-Mar-16,11:13:00 AM,Pedestrian,1,,,,1,55 BROADWAY,,Joseph Amoroso,613,29-Mar-16,"Two-Way , Not Divided",Dry,Daylight,Clear,Not a Collision Between Two Motor Vehicles in Transport,No,No Controls,4,1,Fatal,,41.82234,-71.4186
372939,2016-00028619,29-Mar-16,3:50:00 PM,Bicycle,,2,,,1,ROANOKE ST,CARLETON ST ,Donald Castigliego,287,29-Mar-16,"Two-Way , Not Divided",Dry,Daylight,Clear,Not a Collision Between Two Motor Vehicles in Transport,"Yes, M/V and Driver Left Scene",Stop Signs,3,2,Non-Incapacitating,2,41.83139,-71.44787
370700,2016-00026967,24-Mar-16,11:24:00 AM,Pedestrian,1,,,,1,DOYLE AVE,ELMGROVE AVE ,Jose Deschamps,419,24-Mar-16,"Two-Way , Not Divided",Dry,Daylight,Clear,Not a Collision Between Two Motor Vehicles in Transport,No,Stop Signs,4,1,Incapacitating,,41.839,-71.39234
370521,2016-00026680,23-Mar-16,3:20:00 PM,Pedestrian,1,,,,1,Bancroft Street,KELLEY ST ,Ptlm. Dalton,257,23-Mar-16,"Two-Way , Not Divided",Dry,Daylight,Clear,Not a Collision Between Two Motor Vehicles in Transport,No,No Controls,3,1,Complains Of Pain,,41.81309,-71.4481
369868,2016-00026057,21-Mar-16,2:56:00 PM,Pedestrian,1,,,,1,JOSLIN ST,ATWELLS AVE ,Trent Hastings,326,22-Mar-16,"Two-Way , Not Divided",Dry,Daylight,Clear,Not a Collision Between Two Motor Vehicles in Transport,No,No Controls,3,1,Complains Of Pain,,41.82496,-71.44666
370786,2016-00026149,21-Mar-16,7:38:00 PM,Pedestrian,1,,,,1,12 POCASSET AVE,,MICHAEL R. TROIA / TRAFFIC BUREAU,331,24-Mar-16,"Two-Way , Not Divided",Dry,Dark - Lighted,Clear,Not a Collision Between Two Motor Vehicles in Transport,No,No Controls,5,1,Complains Of Pain,,41.81165,-71.45095
368595,2016-00025357,19-Mar-16,2:43:00 AM,Pedestrian,1,,,,1,ELMWOOD AVE,ARCH ST ,Joshua Cascione,225,19-Mar-16,"Two-Way , Not Divided",Dry,Dark - Lighted,Clear,Not a Collision Between Two Motor Vehicles in Transport,"Yes, M/V and Driver Left Scene",No Controls,2,1,Incapacitating,2,41.81202,-71.42261
368259,2016-00024973,18-Mar-16,7:24:00 AM,Pedestrian,1,,,,1,163 PROGRESS AVE,WEBSTER AVE ,Ryan Moroney,324,18-Mar-16,Unknown,Dry,Daylight,Clear,Other,"Yes, M/V and Driver Left Scene",No Controls,1,1,Complains Of Pain,,41.80853,-71.44916
368202,2016-00024687,17-Mar-16,1:38:00 PM,Pedestrian,1,,,,1,HUNTINGTON AVE,DEXTER ST ,Joseph Amoroso,613,17-Mar-16,"Two-Way, Divided, Positive Median Barrier",Dry,Daylight,Clear,Not a Collision Between Two Motor Vehicles in Transport,No,No Controls,2,2,Fatal,,41.80102,-71.43181
367654,2016-00024281,16-Mar-16,9:11:00 AM,Pedestrian,1,,,,1,EMPIRE ST,WESTMINSTER ST ,Jose Deschamps,419,16-Mar-16,"Two-Way, Divided, Unprotected (painted>4feet) Medium",Dry,Daylight,Clear,Not a Collision Between Two Motor Vehicles in Transport,No,No Controls,4,1,Complains Of Pain,,41.82111,-71.4155
367750,2016-00024424,16-Mar-16,4:25:00 PM,Pedestrian,1,,,,1,CHALKSTONE AVE,PEKIN ST ,Donald Castigliego,287,16-Mar-16,"Two-Way , Not Divided",Dry,Daylight,Clear,Not a Collision Between Two Motor Vehicles in Transport,No,Other,4,0,No Injury,,41.83562,-71.42416
367811,2016-00024510,16-Mar-16,9:16:00 PM,Pedestrian,1,,,,1,134 Atwells Ave,NEWTON ST ,Brittany Boudreau,236,16-Mar-16,"Two-Way, Divided, Unprotected (painted>4feet) Medium",Wet,Dark - Lighted,Rain,Not a Collision Between Two Motor Vehicles in Transport,No,No Controls,3,1,Complains Of Pain,,41.82327,-71.42229
364804,2016-00022610,11-Mar-16,7:38:00 AM,Pedestrian,1,,,,1,765 ATWELLS AVENUE,ACADEMY AVENUE,Joseph Madeira,552,11-Mar-16,"Two-Way , Not Divided",Wet,Daylight,Cloudy,Other,No,No Controls,2,1,Non-Incapacitating,2,41.83618,-71.41545
365537,2016-00022776,11-Mar-16,3:44:00 PM,Bicycle,,1,,,1,Killingly St,Duxbury St,Michael Clary,269,14-Mar-16,"Two-Way , Not Divided",Dry,Daylight,Clear,Not a Collision Between Two Motor Vehicles in Transport,No,Pavement Markings,3,1,Complains Of Pain,,41.8138,-71.46091
363955,2016-00021645,08-Mar-16,1:37:00 PM,Bicycle,,1,,,1,BROADWAY,COURTLAND STREET,Joseph Madeira,552,09-Mar-16,"Two-Way , Not Divided",Dry,Daylight,Clear,Other,No,Stop Signs,3,1,Non-Incapacitating,2,41.83454,-71.41645
363031,2016-00020936,06-Mar-16,3:30:00 AM,Pedestrian,1,,,,1,POTTERS AVE,BROAD ST ,Christopher Benoit,206,06-Mar-16,"Two-Way , Not Divided",Dry,Dark - Lighted,Clear,Not a Collision Between Two Motor Vehicles in Transport,"Yes, M/V and Driver Left Scene",Traffic Control Signal,1,1,Complains Of Pain,,41.80297,-71.41891
362450,2016-00020125,03-Mar-16,4:30:00 PM,Bicycle,,1,,,1,ONEIL ST,VEAZIE ST ,Shawn Murnighan,253,03-Mar-16,"Two-Way , Not Divided",Dry,Daylight,Clear,Not a Collision Between Two Motor Vehicles in Transport,No,No Controls,2,1,Non-Incapacitating,,41.85297,-71.43521
361569,2016-00019735,02-Mar-16,11:58:00 PM,Pedestrian,1,,,,1,Broadway,EXIT 21  (RT 1),George Pereira,421,02-Mar-16,One-Way Trafficway,Dry,Daylight,Cloudy,Not a Collision Between Two Motor Vehicles in Transport,"Yes, M/V and Driver Left Scene",Traffic Control Signal,1,1,Complains Of Pain,,41.82205,-71.41971
361799,2016-00019865,02-Mar-16,7:00:00 PM,Pedestrian,1,,,,1,Broad Street,MASSACHUSETTS AVE ,Kenneth Demarco,176,02-Mar-16,"Two-Way , Not Divided",Dry,Dark - Lighted,Cloudy,Not a Collision Between Two Motor Vehicles in Transport,No,No Controls,3,1,Non-Incapacitating,,41.78635,-71.40193
360823,2016-00019018,29-Feb-16,7:39:00 AM,Pedestrian,1,,,,1,MOUNT PLEASANT AVE,CHALKSTONE AVE ,Jose Deschamps,419,29-Feb-16,"Two-Way, Divided, Unprotected (painted>4feet) Medium",Dry,Daylight,Clear,Not a Collision Between Two Motor Vehicles in Transport,No,Traffic Control Signal,2,2,Complains Of Pain,,41.8327,-71.44975
361123,2016-00019286,29-Feb-16,10:15:00 AM,Pedestrian,1,,,,1,MANTON AVE,HERSCHEL ST ,Jared Sherman,292,29-Feb-16,Unknown,Dry,Dark - Lighted,Clear,Other,"Yes, M/V and Driver Left Scene",No Controls,1,0,No Injury,,41.83359,-71.469
360271,2016-00018438,27-Feb-16,8:59:00 AM,Pedestrian,1,,,X,1,N MAIN ST,PLEASANT ST,Jose Deschamps,419,27-Feb-16,"Two-Way, Divided, Positive Median Barrier",Dry,Daylight,Clear,Not a Collision Between Two Motor Vehicles in Transport,No,Other,3,1,Complains Of Pain,,41.83919,-71.40905
360386,2016-00018535,27-Feb-16,3:39:00 PM,Bicycle,,1,,,1,HARRISON ST,WESTMINSTER ST ,Donald Castigliego,287,27-Feb-16,"Two-Way , Not Divided",Dry,Daylight,Clear,Not a Collision Between Two Motor Vehicles in Transport,No,No Controls,4,1,Complains Of Pain,2,41.81671,-71.43031
359505,2016-00017699,25-Feb-16,8:06:00 AM,Pedestrian,1,,,,1,MOUNT PLEASANT AVE,CHALKSTONE AVE ,Jin O,147,25-Feb-16,"Two-Way , Not Divided",Wet,Daylight,Cloudy,Not a Collision Between Two Motor Vehicles in Transport,"Yes, M/V and Driver Left Scene",No Controls,1,1,Complains Of Pain,,41.83267,-71.44974
359617,2016-00017910,25-Feb-16,6:11:00 PM,Pedestrian,1,,,,1,MOUNT PLEASANT AVE,CHALKSTONE AVE ,MICHAEL R. TROIA / TRAFFIC BUREAU,331,25-Feb-16,"Two-Way , Not Divided",Dry,Dark - Lighted,Clear,Not a Collision Between Two Motor Vehicles in Transport,"Yes, M/V and Driver Left Scene",No Controls,1,1,Complains Of Pain,2,41.8327,-71.44975
358949,2016-00017120,23-Feb-16,1:00:00 PM,Pedestrian,1,,,X,1,Douglas Ave,WHIPPLE ST ,Ptlm. Chin,516,23-Feb-16,"Two-Way , Not Divided",Dry,Daylight,Clear,Not a Collision Between Two Motor Vehicles in Transport,No,Stop Signs,3,0,No Injury,2,41.8368,-71.42142
358246,2016-00016571,21-Feb-16,4:04:00 PM,Pedestrian,1,,,,1,740 BRANCH AVE,VANDEWATER ST ,Jeremy Doucette,482,21-Feb-16,"Two-Way , Not Divided",Dry,Daylight,Clear,Not a Collision Between Two Motor Vehicles in Transport,"Yes, M/V and Driver Left Scene",No Controls,1,1,Complains Of Pain,,41.85363,-71.42864
357756,2016-00016293,20-Feb-16,6:24:00 PM,Pedestrian,1,,,,1,BRANCH AVE,DRYDEN LN ,Alexa Levesque,248,20-Feb-16,"Two-Way , Not Divided",Dry,Dark - Lighted,Clear,Not a Collision Between Two Motor Vehicles in Transport,No,No Controls,2,1,Complains Of Pain,,41.84246,-71.40827
357337,2016-00015783,19-Feb-16,8:25:00 AM,Bicycle,,1,,,1,Battey St,WASHINGTON ST ,Ptlm. Chin,516,19-Feb-16,"Two-Way , Not Divided",Dry,Daylight,Clear,Not a Collision Between Two Motor Vehicles in Transport,No,Stop Signs,2,1,Complains Of Pain,2,41.81794,-71.42472
356423,2016-00015005,17-Feb-16,1:15:00 AM,Pedestrian,1,,,,1,UNION AVE,ETHAN ST ,Vincent Lopez,219,17-Feb-16,"Two-Way , Not Divided",Wet,Dark - Lighted,Rain,Head-On (Front - to - Front),"Yes, Driver Left Scene",No Controls,2,0,No Injury,,41.80715,-71.45905
356290,2016-00014863,16-Feb-16,3:45:00 PM,Pedestrian,1,,,,1,ELMWOOD AVE,ADELAIDE AVE ,Richard Mendez,288,16-Feb-16,"Two-Way, Divided, Positive Median Barrier",Wet,Daylight,Rain,Not a Collision Between Two Motor Vehicles in Transport,"Yes, M/V and Driver Left Scene",Traffic Control Signal,1,1,Complains Of Pain,,41.79589,-71.425
356322,2016-00014895,16-Feb-16,5:22:00 PM,Pedestrian,1,,,,1,WEYBOSSET ST,CUSTOM HOUSE ST ,Michael Clary,269,16-Feb-16,"Two-Way , Not Divided",Wet,Dark - Lighted,Rain,Not a Collision Between Two Motor Vehicles in Transport,No,No Controls,2,1,Complains Of Pain,,41.82429,-71.4097
356336,2016-00014930,16-Feb-16,6:43:00 PM,Pedestrian,1,,,,1,WESTMINSTER ST,EMPIRE ST ,William O'Donnell,150,16-Feb-16,"Two-Way , Not Divided",Wet,Dark - Lighted,Rain,Angle - Direction Not Specified,"Yes, M/V and Driver Left Scene",Traffic Control Signal,3,1,Complains Of Pain,,41.82097,-71.41532
354730,2016-00013251,11-Feb-16,7:44:00 PM,Pedestrian,2,,,,1,BROAD ST,DAVE GAVITT WAY,MICHAEL R. TROIA / TRAFFIC BUREAU,331,11-Feb-16,"Two-Way , Not Divided",Dry,Dark - Lighted,Clear,Not a Collision Between Two Motor Vehicles in Transport,No,Traffic Control Signal,4,2,Complains Of Pain,,41.81799,-71.41626
354444,2016-00012928,10-Feb-16,5:34:00 PM,Bicycle,,1,,,1,BROADWAY,DE PASQUALE AVE ,Donald Castigliego,287,10-Feb-16,"Two-Way , Not Divided",Wet,Dark - Lighted,Clear,Not a Collision Between Two Motor Vehicles in Transport,"Yes, M/V and Driver Left Scene",Traffic Control Signal,1,0,No Injury,,41.82078,-71.42521
354023,2016-00012512,09-Feb-16,12:04:00 PM,Pedestrian,1,,,,1, WASHINGTON ST,EMPIRE ST,Brian Corcoran,562,09-Feb-16,"Two-Way , Not Divided",Wet,Daylight,Cloudy,Other,No,Traffic Control Signal,4,1,Complains Of Pain,,41.81989,-71.41935
354151,2016-00012611,09-Feb-16,5:45:00 PM,Pedestrian,1,,,,1,Summer Street,,Edwardo Curi,294,09-Feb-16,"Two-Way , Not Divided",Slush,Dark - Lighted,Clear,Not a Collision Between Two Motor Vehicles in Transport,No,Stop Signs,3,1,Complains Of Pain,,41.81435,-71.41686
365259,2016-00012080,07-Feb-16,8:41:00 PM,Pedestrian,1,,,,1,CHARLES ST,BRANCH AVE ,Andrew Mignanelli,361,12-Mar-16,"Two-Way , Not Divided",Dry,Daylight,Clear,Not a Collision Between Two Motor Vehicles in Transport,No,No Controls,2,1,Complains Of Pain,,41.84933,-71.41983
352949,2016-00011250,05-Feb-16,8:47:00 AM,Pedestrian,1,,,,1,ATWELLS AVE,ACADEMY AVE ,Jose Deschamps,419,05-Feb-16,"Two-Way, Divided, Unprotected (painted>4feet) Medium",Snow,Daylight,Snow,Not a Collision Between Two Motor Vehicles in Transport,"Yes, M/V and Driver Left Scene",Traffic Control Signal,1,1,Complains Of Pain,,41.82478,-71.44343
353132,2016-00011071,04-Feb-16,5:42:00 PM,Bicycle,,1,,,1,Hope St,George St,Michael Clary,269,05-Feb-16,"Two-Way , Not Divided",Dry,Dark - Lighted,Clear,Not a Collision Between Two Motor Vehicles in Transport,No,Stop Signs,3,0,No Injury,,41.82583,-71.39727
352373,2016-00010737,03-Feb-16,4:30:00 PM,Pedestrian,1,,,,1,WEYBOSSET ST,SNOW ST ,Donald Castigliego,287,03-Feb-16,"Two-Way , Not Divided",Wet,Dark - Lighted,Rain,Not a Collision Between Two Motor Vehicles in Transport,No,No Controls,3,1,Incapacitating,,41.8207,-71.41326
352487,2016-00010769,03-Feb-16,5:53:00 PM,Pedestrian,1,,,,1,41 Fricker st,CRANSTON ST ,Brian Murphy,239,03-Feb-16,"Two-Way , Not Divided",Wet,Dark - Not Lighted,Rain,Not a Collision Between Two Motor Vehicles in Transport,No,No Controls,5,1,Complains Of Pain,,41.81705,-71.42217
352529,2016-00010800,03-Feb-16,8:05:00 PM,Pedestrian,1,,,,1,96 Waterman St,,Michael Clary,269,03-Feb-16,One-Way Trafficway,Wet,Dark - Lighted,Rain,Not a Collision Between Two Motor Vehicles in Transport,No,Traffic Control Signal,2,1,Complains Of Pain,,41.82712,-71.40222
352004,2016-00010349,02-Feb-16,1:19:00 PM,Pedestrian,1,,,,1,WEEDEN ST,ATWELLS AVE ,Ptlm. Chin,516,02-Feb-16,"Two-Way , Not Divided",Dry,Daylight,Clear,Not a Collision Between Two Motor Vehicles in Transport,No,No Controls,6,1,Complains Of Pain,2,41.8234,-71.4244
351862,2016-00009974,01-Feb-16,1:10:00 PM,Pedestrian,1,,,,1,CHARLES ST,SILVER SPRING ST ,Ptlm. Chin,516,01-Feb-16,"Two-Way , Not Divided",Dry,Daylight,Clear,Not a Collision Between Two Motor Vehicles in Transport,No,No Controls,2,1,Complains Of Pain,2,41.84417,-71.4185
351677,2016-00009677,31-Jan-16,2:46:00 PM,Pedestrian,1,,,,1,37 EXCHANGE TERR,,MICHAEL R. TROIA / TRAFFIC BUREAU,331,31-Jan-16,"Two-Way , Not Divided",Dry,Daylight,Clear,Not a Collision Between Two Motor Vehicles in Transport,No,No Controls,2,1,Complains Of Pain,3,41.82534,-71.41381
351132,2016-00009036,29-Jan-16,4:21:00 PM,Pedestrian,1,,,,1,CRIMEA ST,DOUGLAS AVE ,Jeremy Doucette,482,29-Jan-16,"Two-Way , Not Divided",Dry,Daylight,Clear,Not a Collision Between Two Motor Vehicles in Transport,No,Stop Signs,3,1,Complains Of Pain,,41.83697,-71.42185
350774,2016-00008576,28-Jan-16,9:04:00 AM,Pedestrian,1,,,,1,BROAD ST,FENNER ST ,Jose Deschamps,419,28-Jan-16,"Two-Way, Divided, Unprotected (painted>4feet) Medium",Dry,Daylight,Clear,Not a Collision Between Two Motor Vehicles in Transport,"Yes, M/V and Driver Left Scene",Traffic Control Signal,4,1,Complains Of Pain,,41.81834,-71.4159
350197,2016-00008026,26-Jan-16,4:13:00 PM,Pedestrian,1,,,,1,MEDWAY ST,WAYLAND AVE ,Donald Castigliego,287,26-Jan-16,"Two-Way , Not Divided",Wet,Daylight,Clear,Not a Collision Between Two Motor Vehicles in Transport,No,Pavement Markings,4,1,Complains Of Pain,,41.82931,-71.38819
350265,2016-00008066,26-Jan-16,5:52:00 PM,Pedestrian,1,,,,1,RIVER AVE,DOUGLAS AVE ,Donald Castigliego,287,26-Jan-16,"Two-Way , Not Divided",Wet,Dark - Lighted,Clear,Not a Collision Between Two Motor Vehicles in Transport,"Yes, M/V and Driver Left Scene",No Controls,1,0,No Injury,,41.85274,-71.43716
349949,2016-00007583,25-Jan-16,9:53:00 AM,Bicycle,,1,,,1,N DAVIS ST,CHALKSTONE AVE ,Jose Deschamps,419,25-Jan-16,"Two-Way , Not Divided",Wet,Daylight,Clear,Not a Collision Between Two Motor Vehicles in Transport,No,No Controls,2,1,Complains Of Pain,,41.83548,-71.41712
349955,2016-00007620,25-Jan-16,11:51:00 AM,Pedestrian,2,,,,1,RIVER AVE,VALLEY ST ,Jose Deschamps,419,25-Jan-16,"Two-Way, Divided, Unprotected (painted>4feet) Medium",Wet,Daylight,Clear,Not a Collision Between Two Motor Vehicles in Transport,No,Traffic Control Signal,4,2,Complains Of Pain,,41.82798,-71.43517
348938,2016-00006101,20-Jan-16,12:58:00 PM,Bicycle,,1,,,1,Chad Brown St,CAMDEN AVE ,Ptlm. Chin,516,20-Jan-16,"Two-Way , Not Divided",Dry,Daylight,Clear,Not a Collision Between Two Motor Vehicles in Transport,No,Pavement Markings,6,1,Complains Of Pain,2,41.83925,-71.42583
348976,2016-00006134,20-Jan-16,3:03:00 PM,Pedestrian,1,,,,1,LINDEN AVE,ELMWOOD AVE ,Nicholas Froncillo,163,20-Jan-16,Unknown,Dry,Daylight,Clear,Other,No,No Controls,3,1,Incapacitating,,41.78618,-71.41931
348154,2016-00005718,19-Jan-16,7:56:00 AM,Pedestrian,1,,,,1,DOUGLAS AVE,FILMORE ST,Jose Deschamps,419,19-Jan-16,"Two-Way, Divided, Unprotected (painted>4feet) Medium",Dry,Daylight,Clear,Not a Collision Between Two Motor Vehicles in Transport,No,Person,4,2,Complains Of Pain,,41.83718,-71.42232
346855,2016-00004297,14-Jan-16,5:11:00 PM,Bicycle,,2,,,1,BROADWAY,HARRIS AVE ,Donald Castigliego,287,14-Jan-16,"Two-Way , Not Divided",Dry,Daylight,Clear,Not a Collision Between Two Motor Vehicles in Transport,No,No Controls,3,2,Complains Of Pain,,41.81705,-71.44029
346156,2016-00003621,12-Jan-16,5:47:00 PM,Pedestrian,1,,,,1,Elmwood Avenue,PRINCETON AVE ,Daryl Pfeiffer,241,12-Jan-16,"Two-Way , Not Divided",Wet,Dark - Lighted,Rain,Not a Collision Between Two Motor Vehicles in Transport,No,No Controls,4,1,Complains Of Pain,,41.80547,-71.4252
346298,2016-00003627,12-Jan-16,6:00:00 PM,Pedestrian,1,,,X,1,Kennedy Plz.,Dorrance St.,Harrison Northup,232,12-Jan-16,"Two-Way , Not Divided",Wet,Dark - Lighted,Rain,Not a Collision Between Two Motor Vehicles in Transport,"Yes, M/V and Driver Left Scene",No Controls,3,1,Non-Incapacitating,,41.82426,-71.41219
345710,2016-00003158,11-Jan-16,8:47:00 AM,Pedestrian,1,,,,1,MOUNT PLEASANT AVE,CHALKSTONE AVE ,Jose Deschamps,419,11-Jan-16,"Two-Way, Divided, Unprotected (painted>4feet) Medium",Dry,Daylight,Clear,Not a Collision Between Two Motor Vehicles in Transport,No,Traffic Control Signal,3,1,Non-Incapacitating,,41.8327,-71.44975
345868,2016-00003258,11-Jan-16,3:40:00 PM,Pedestrian,1,,,,1,CRANSTON ST,DEXTER ST ,KEN MATSUMOTO,348,11-Jan-16,"Two-Way, Divided, Unprotected (painted>4feet) Medium",Dry,Daylight,Clear,Not a Collision Between Two Motor Vehicles in Transport,No,Traffic Control Signal,3,1,Non-Incapacitating,,41.8126,-71.42959
345161,2016-00002305,08-Jan-16,4:23:00 PM,Bicycle,,1,,,1,PARK ROW WEST,EXCHANGE ST ,Donald Castigliego,287,08-Jan-16,"Two-Way , Not Divided",Dry,Dark - Lighted,Clear,Not a Collision Between Two Motor Vehicles in Transport,No,Stop Signs,5,0,No Injury,,41.82834,-71.41319
344923,2016-00001958,07-Jan-16,3:30:00 PM,Bicycle,,1,,,1,WAYLAND AVE,S ANGELL ST ,KEN MATSUMOTO,348,07-Jan-16,"Two-Way, Divided, Unprotected (painted>4feet) Medium",Dry,Daylight,Clear,Not a Collision Between Two Motor Vehicles in Transport,No,Other,3,1,Complains Of Pain,,41.82969,-71.38806
515066,2017-00001867,06-Jan-16,7:31:00 PM,Pedestrian,1,,,,1,Exchange St,Memorial Blvd,Michael Clary,269,07-Jan-17,"Two-Way , Not Divided",Dry,Dark - Not Lighted,Clear,Not a Collision Between Two Motor Vehicles in Transport,No,Pavement Markings,2,1,Complains Of Pain,,41.82696,-71.41217