CrashReportId,ReportNumber,CrashDate,CrashTime,Collision Type,CountPedestrian,CountBicycle,Scooter,Wheel Chair,NumberofVehicles,StreetOrHighway,NearestIntersection,Officer,Badge,ReportDate,TypeOfRoadway,RoadSurfaceCondition,LightCondition,WeatherCondition,MannerofImpact,HitAndRun,TrafficControl,PersonCount,InjuryCount,MostSeriousInjury,NumberOfLanes,Latitude,Longitude
343774,2016-00000689,03-Jan-16,11:16:00 AM,Pedestrian,1,,,,1,473 CHARLES ST,LORETO ST ,Donald Castigliego,287,03-Jan-16,"Two-Way , Not Divided",Dry,Daylight,Clear,Not a Collision Between Two Motor Vehicles in Transport,No,No Controls,4,1,Complains Of Pain,,41.84816,-71.41965
343651,2016-00000437,02-Jan-16,12:31:00 PM,Pedestrian,2,,,,1,BUTLER AVE,MEDWAY ST ,John Almeida,386,02-Jan-16,"Two-Way , Not Divided",Dry,Daylight,Clear,Not a Collision Between Two Motor Vehicles in Transport,No,Stop Signs,4,2,Complains Of Pain,,41.82876,-71.38528
343476,2016-00000115,01-Jan-16,4:15:00 AM,Pedestrian,1,,,,1,104 Knight Street ,PENN ST ,Mitchell Guerra,217,01-Jan-16,One-Way Trafficway,Dry,Dark - Lighted,Clear,Not a Collision Between Two Motor Vehicles in Transport,"Yes, M/V and Driver Left Scene",Stop Signs,2,1,Complains Of Pain,,41.82166,-71.43101
343199,2015-00131066,30-Dec-15,4:20:00 PM,Pedestrian,1,,,,1,Waterman St,Butler Ave,Noel Field,260,30-Dec-15,One-Way Trafficway,Dry,Dusk,Cloudy,Not a Collision Between Two Motor Vehicles in Transport,No,Traffic Control Signal,8,1,Incapacitating,2,41.82807,-71.38545
342727,2015-00130557,28-Dec-15,5:17:00 PM,Pedestrian,1,,,,1,Manton Ave,Sheridan Street,Joseph Kane,544,28-Dec-15,"Two-Way, Divided, Unprotected (painted>4feet) Medium",Dry,Dark - Lighted,Cloudy,Other,No,No Controls,2,1,Complains Of Pain,,41.82364,-71.4515
342379,2015-00130040,26-Dec-15,10:14:00 PM,Pedestrian,1,,,,1,WASHINGTON ST,SNOW ST ,KEN MATSUMOTO,348,26-Dec-15,"Two-Way, Divided, Unprotected (painted>4feet) Medium",Dry,Dark - Lighted,Clear,Not a Collision Between Two Motor Vehicles in Transport,No,No Controls,2,1,Complains Of Pain,,41.82254,-71.41547
341841,2015-00129162,24-Dec-15,12:03:00 AM,Pedestrian,1,,,,1,WASHINGTON ST,SERVICE ROAD 7,Donald Castigliego,287,24-Dec-15,"Two-Way , Not Divided",Wet,Dark - Lighted,Rain,Not a Collision Between Two Motor Vehicles in Transport,No,Traffic Control Signal,2,1,Complains Of Pain,,41.81964,-71.41979
341940,2015-00129029,24-Dec-15,5:09:00 PM,Pedestrian,1,,,,1,387 Charles St,SILVER SPRING ST ,Erik Breault,226,24-Dec-15,Unknown,Wet,Dark - Lighted,Rain,Not a Collision Between Two Motor Vehicles in Transport,No,No Controls,2,1,Complains Of Pain,,41.84402,-71.41846
341951,2015-00129403,24-Dec-15,6:46:00 PM,Bicycle,,1,,,1,PROMENADE ST,PARK ST ,Alexa Levesque,248,24-Dec-15,"Two-Way , Not Divided",Wet,Dark - Lighted,Clear,Not a Collision Between Two Motor Vehicles in Transport,"Yes, M/V and Driver Left Scene",Traffic Control Signal,2,1,Complains Of Pain,,41.82761,-71.41674
341673,2015-00128951,23-Dec-15,1:00:00 PM,Pedestrian,1,,,,1,40 Point Street,EDDY ST ,Michele Rudolph,512,23-Dec-15,"Two-Way, Divided, Positive Median Barrier",Dry,Daylight,Cloudy,Not a Collision Between Two Motor Vehicles in Transport,No,No Controls,3,1,Complains Of Pain,,41.81713,-71.40589
341718,2015-00129031,23-Dec-15,5:15:00 PM,Pedestrian,1,,,,1,ELMWOOD AVE,SPRAGUE ST ,Donald Castigliego,287,23-Dec-15,"Two-Way , Not Divided",Wet,Dark - Lighted,Rain,Not a Collision Between Two Motor Vehicles in Transport,No,No Controls,2,0,No Injury,,41.80948,-71.42433
341967,2015-00129082,23-Dec-15,7:30:00 PM,Pedestrian,1,,,,1,CHALKSTONE AVE,ACADEMY AVE ,KEN MATSUMOTO,348,24-Dec-15,"Two-Way, Divided, Unprotected (painted>4feet) Medium",Wet,Dark - Lighted,Rain,Not a Collision Between Two Motor Vehicles in Transport,No,Traffic Control Signal,3,1,Complains Of Pain,,41.83245,-71.44453
341489,2015-00128628,22-Dec-15,1:30:00 PM,Pedestrian,1,,,,1,ORMS ST,DOUGLAS AVE ,Patrolman D. Hull Car-183,598,22-Dec-15,"Two-Way, Divided, Unprotected (painted>4feet) Medium",Wet,Daylight,Rain,Angle (Front - to - Side) Right Angle (Includes Broadside),No,No Controls,4,1,Complains Of Pain,,41.83469,-71.41611
340941,2015-00127931,20-Dec-15,2:25:00 AM,Pedestrian,1,,,,1,EDDY ST,ELM ST ,KEN MATSUMOTO,348,20-Dec-15,"Two-Way, Divided, Unprotected (painted>4feet) Medium",Dry,Dark - Lighted,Clear,Not a Collision Between Two Motor Vehicles in Transport,No,No Controls,4,0,No Injury,,41.81844,-71.40761
340770,2015-00127740,19-Dec-15,2:53:00 PM,Pedestrian,1,,,,1,Atwells Ave,DE PASQUALE AVE ,Robert Foley,242,19-Dec-15,"Two-Way , Not Divided",Dry,Daylight,Clear,Not a Collision Between Two Motor Vehicles in Transport,No,Traffic Control Signal,2,1,Complains Of Pain,,41.82359,-71.42694
340687,2015-00127469,18-Dec-15,6:00:00 PM,Bicycle,,1,,,1,PRATT ST,JENCKES ST ,Fausto Garcia,109,18-Dec-15,"Two-Way , Not Divided",Wet,Dawn,Cloudy,Not a Collision Between Two Motor Vehicles in Transport,No,Stop Signs,3,0,No Injury,,41.83268,-71.40828
340273,2015-00127162,17-Dec-15,8:28:00 PM,Pedestrian,1,,,,1,ELMWOOD AVE,CARTER ST ,KEN MATSUMOTO,348,17-Dec-15,"Two-Way, Divided, Unprotected (painted>4feet) Medium",Wet,Dark - Lighted,Rain,Not a Collision Between Two Motor Vehicles in Transport,"Yes, M/V and Driver Left Scene",No Controls,3,1,Complains Of Pain,,41.79946,-71.42651
339896,2015-00126656,16-Dec-15,10:55:00 AM,Pedestrian,1,,,,1,FRIENDSHIP,PLAIN ST ,Fausto Garcia,109,16-Dec-15,One-Way Trafficway,Dry,Daylight,Clear,Not a Collision Between Two Motor Vehicles in Transport,No,Traffic Control Signal,3,1,Complains Of Pain,2,41.81586,-71.41531
339450,2015-00126296,15-Dec-15,8:26:00 AM,Bicycle,,1,,,1,MANTON AVE,RIDGEWAY AVE ,Jin O,147,15-Dec-15,"Two-Way , Not Divided",Dry,Daylight,Clear,Not a Collision Between Two Motor Vehicles in Transport,No,No Controls,4,1,Non-Incapacitating,2,41.82742,-71.46112
339269,2015-00126077,14-Dec-15,2:57:00 PM,Pedestrian,1,,,,1,Carpenter St,KNIGHT ST ,Robert Foley,242,14-Dec-15,"Two-Way , Not Divided",Dry,Daylight,Clear,Not a Collision Between Two Motor Vehicles in Transport,No,Stop Signs,2,1,Complains Of Pain,,41.81825,-71.42749
338957,2015-00125479,12-Dec-15,7:14:00 PM,Pedestrian,1,,,,1,WEYBOSSET ST,MATHEWSON ST ,KEN MATSUMOTO,348,12-Dec-15,One-Way Trafficway,Dry,Dark - Lighted,Clear,Not a Collision Between Two Motor Vehicles in Transport,No,No Controls,3,1,Complains Of Pain,,41.82133,-71.4127
338546,2015-00125053,11-Dec-15,2:12:00 PM,Bicycle,,1,,,1,WAVERLY ST,DEXTER ST ,Luis Fernandez,531,11-Dec-15,"Two-Way , Not Divided",Dry,Daylight,Clear,Not a Collision Between Two Motor Vehicles in Transport,No,Stop Signs,3,1,Complains Of Pain,,41.80681,-71.42896
338595,2015-00125115,11-Dec-15,5:05:00 PM,Bicycle,,,,,2,IRVING AVE,BLACKSTONE BLVD ,Donald Castigliego,287,11-Dec-15,"Two-Way, Divided, Positive Median Barrier",Dry,Dark - Lighted,Clear,"Sideswipe, Same Direction",No,No Controls,7,0,No Injury,,41.83413,-71.38419
338663,2015-00125224,11-Dec-15,11:05:00 PM,Pedestrian,1,,,,1,SMITH ST,Richter Street,Daniel Hernandez,255,12-Dec-15,"Two-Way , Not Divided",Dry,Dark - Lighted,Clear,Head-On (Front - to - Front),"Yes, M/V and Driver Left Scene",No Controls,1,1,Complains Of Pain,,41.83608,-71.42961
337774,2015-00124123,09-Dec-15,1:30:00 PM,Bicycle,,1,,,1,SILVER SPRING ST,LEDGE ST ,Juan Robles,643,09-Dec-15,"Two-Way , Not Divided",Dry,Daylight,Clear,Other,No,No Controls,3,0,No Injury,,41.85319,-71.41263
337902,2015-00124490,09-Dec-15,5:08:00 PM,Pedestrian,1,,,,1,MOUNT PLEASANT AVE,CATHEDRAL AVE ,Donald Castigliego,287,09-Dec-15,"Two-Way , Not Divided",Dry,Dark - Lighted,Cloudy,Not a Collision Between Two Motor Vehicles in Transport,No,School Zone Signs,5,1,Incapacitating,2,41.83978,-71.45202
336719,2015-00123033,05-Dec-15,8:14:00 AM,Pedestrian,1,,,,1,ELMWOOD AVE,LENOX AVE ,Albert Deschamps,527,05-Dec-15,"Two-Way, Divided, Positive Median Barrier",Dry,Daylight,Clear,Other,No,No Controls,3,1,Non-Incapacitating,,41.79524,-71.42464
336415,2015-00122660,04-Dec-15,10:08:00 AM,Pedestrian,1,,,,1,EATON STREET,HUXLEY AVENUE,Joseph Madeira,552,04-Dec-15,"Two-Way , Not Divided",Dry,Daylight,Clear,Other,No,Traffic Control Signal,3,1,Complains Of Pain,2,41.83141,-71.41769
336607,2015-00122883,04-Dec-15,8:34:00 PM,Pedestrian,1,,,,1,KENNEDY PLZ,,Donald Castigliego,287,04-Dec-15,One-Way Trafficway,Dry,Dark - Lighted,Clear,Not a Collision Between Two Motor Vehicles in Transport,No,No Controls,5,1,Non-Incapacitating,,41.82436,-71.41206
336074,2015-00122267,03-Dec-15,6:22:00 AM,Bicycle,,1,,,1,BRANCH AVE,MOY ST ,Jason Bibeault,344,03-Dec-15,"Two-Way , Not Divided",Wet,Dawn,Clear,Not a Collision Between Two Motor Vehicles in Transport,"Yes, M/V and Driver Left Scene",No Controls,2,1,Non-Incapacitating,2,41.85488,-71.43627
336139,2015-00122314,03-Dec-15,10:12:00 AM,Pedestrian,1,,,,1,RHODE ISLAND COLL,RHODE ISLAND COLL ,Merrick Cook,280,03-Dec-15,"Two-Way , Not Divided",Dry,Daylight,Clear,Other,No,No Controls,3,1,Non-Incapacitating,,41.84085,-71.46635
335641,2015-00121850,01-Dec-15,7:41:00 PM,Pedestrian,1,,,,1,ELMGROVE AVE,HUMBOLDT AVE ,Robert Heaton,539,02-Dec-15,"Two-Way , Not Divided",Wet,Dark - Lighted,Rain,Other,"Yes, M/V and Driver Left Scene",No Controls,3,1,Complains Of Pain,2,41.83144,-71.38987
335175,2015-00121359,30-Nov-15,12:04:00 PM,Pedestrian,1,,,,1,SMITHFIELD AVE,COLLYER ST ,Jose Deschamps,419,30-Nov-15,"Two-Way , Not Divided",Dry,Daylight,Clear,Not a Collision Between Two Motor Vehicles in Transport,No,No Controls,2,1,Complains Of Pain,,41.85428,-71.40363
334960,2015-00121178,29-Nov-15,5:05:00 PM,Pedestrian,2,,,,1,BROADWAY,MARSHALL ST ,Joseph Amoroso,613,29-Nov-15,"Two-Way , Not Divided",Dry,Dark - Lighted,Clear,Not a Collision Between Two Motor Vehicles in Transport,"Yes, M/V and Driver Left Scene",No Controls,6,2,Fatal,,41.81912,-71.43223
334971,2015-00121220,29-Nov-15,8:03:00 PM,Pedestrian,1,,,,1,RIVER AVE,ADMIRAL ST ,Jimmy Gutierrez,246,29-Nov-15,"Two-Way, Divided, Unprotected (painted>4feet) Medium",Dry,Dark - Lighted,Clear,Not a Collision Between Two Motor Vehicles in Transport,No,Pavement Markings,2,1,Complains Of Pain,,41.8492,-71.43894
334622,2015-00120588,27-Nov-15,8:42:00 PM,Pedestrian,1,,,,1,BRANCH AVE,SILVER SPRING ST ,MICHAEL R. TROIA / TRAFFIC BUREAU,331,27-Nov-15,"Two-Way, Not Divided With a Continuous Left Turn Lane",Dry,Dark - Lighted,Clear,Not a Collision Between Two Motor Vehicles in Transport,No,Traffic Control Signal,5,1,Complains Of Pain,3,41.84783,-71.41469
334836,2015-00120919,27-Nov-15,10:07:00 PM,Pedestrian,1,,,,1,FOUNTAIN ST,EMPIRE ST ,Stephen Sage,353,29-Nov-15,"Two-Way, Divided, Unprotected (painted>4feet) Medium",Dry,Dark - Lighted,Clear,Other,No,Traffic Control Signal,4,1,Non-Incapacitating,,41.82234,-71.41712
334335,2015-00119890,25-Nov-15,1:48:00 PM,Pedestrian,1,,,,1,SILVER SPRING ST,TOURO ST ,Jose Deschamps,419,25-Nov-15,"Two-Way , Not Divided",Dry,Daylight,Clear,Not a Collision Between Two Motor Vehicles in Transport,No,No Controls,3,1,Complains Of Pain,,41.84509,-71.41832
334471,2015-00119938,25-Nov-15,3:55:00 PM,Pedestrian,1,,,,1,262 CHARLES ST,CHARLES ST EXIT 23 ,Michael Clary,269,26-Nov-15,One-Way Trafficway,Dry,Daylight,Clear,Not a Collision Between Two Motor Vehicles in Transport,No,Stop Signs,3,1,Complains Of Pain,,41.83785,-71.41427
333996,2015-00119518,24-Nov-15,11:33:00 AM,Pedestrian,1,,,,1,BROAD ST,HASKINS ST ,Jose Deschamps,419,24-Nov-15,"Two-Way , Not Divided",Dry,Daylight,Clear,Not a Collision Between Two Motor Vehicles in Transport,No,Stop Signs,2,1,Complains Of Pain,,41.81617,-71.41963
333998,2015-00119529,24-Nov-15,12:06:00 PM,Pedestrian,1,,,,1,MATHEWSON ST,WASHINGTON ST ,Jose Deschamps,419,24-Nov-15,One-Way Trafficway,Dry,Daylight,Clear,Not a Collision Between Two Motor Vehicles in Transport,No,No Controls,3,1,Complains Of Pain,,41.82317,-71.41495
333533,2015-00119195,23-Nov-15,10:13:00 AM,Pedestrian,1,,,,1,14 Pleasant Valley Pkwy,Kinsley St,Ryan Moroney,324,23-Nov-15,Unknown,Dry,Daylight,Clear,Not a Collision Between Two Motor Vehicles in Transport,No,No Controls,3,1,Complains Of Pain,,41.82977,-71.4271
333629,2015-00119273,23-Nov-15,2:55:00 PM,Bicycle,,1,,,1,MESSER ST,CRANSTON ST ,KEN MATSUMOTO,348,23-Nov-15,"Two-Way, Divided, Unprotected (painted>4feet) Medium",Dry,Daylight,Clear,Not a Collision Between Two Motor Vehicles in Transport,"Yes, M/V and Driver Left Scene",Stop Signs,1,0,No Injury,,41.80963,-71.43345
333710,2015-00119267,23-Nov-15,2:17:00 PM,Pedestrian,1,,,,1,117 BYFIELD ST,OCEAN ST ,Jose Deschamps,419,23-Nov-15,"Two-Way , Not Divided",Dry,Daylight,Clear,Not a Collision Between Two Motor Vehicles in Transport,"Yes, M/V and Driver Left Scene",No Controls,1,1,Complains Of Pain,,41.79565,-71.4075
334042,2015-00119323,23-Nov-15,4:52:00 PM,Pedestrian,1,,,,1,1196 ELMWOOD AVE,SAWYER ST ,Adrian Francis,239,24-Nov-15,"Two-Way , Not Divided",Dry,Dusk,Clear,Not a Collision Between Two Motor Vehicles in Transport,No,No Controls,3,1,Complains Of Pain,,41.77906,-71.4205
333434,2015-00119060,22-Nov-15,7:02:00 PM,Pedestrian,1,,,,1,71 Putnam St,KOSSUTH ST ,Juan Rodrigues,194,22-Nov-15,"Two-Way, Divided, Unprotected (painted>4feet) Medium",Wet,Dark - Lighted,Clear,Not a Collision Between Two Motor Vehicles in Transport,"Yes, M/V and Driver Left Scene",No Controls,2,1,Non-Incapacitating,,41.82266,-71.44404
333400,2015-00118657,21-Nov-15,2:36:00 PM,Pedestrian,2,,,,1,SERVICE ROAD 7,BROADWAY ,Jesse Ferrell,428,22-Nov-15,One-Way Trafficway,Dry,Daylight,Clear,Other,No,Traffic Control Signal,7,2,Complains Of Pain,,41.82178,-71.4208
333017,2015-00118377,20-Nov-15,6:28:00 PM,Pedestrian,2,,,,1,649 ADMIRAL ST,GLOUCESTER ST ,Erik Breault,226,20-Nov-15,"Two-Way, Divided, Unprotected (painted>4feet) Medium",Dry,Dark - Lighted,Clear,Not a Collision Between Two Motor Vehicles in Transport,No,No Controls,4,2,Incapacitating,,41.8489,-71.43822
332626,2015-00117862,19-Nov-15,1:43:00 PM,Bicycle,,1,,,1,SMITH ST ,PINEHURST AVE ,Jose Deschamps,419,19-Nov-15,"Two-Way, Divided, Unprotected (painted>4feet) Medium",Dry,Daylight,Clear,Not a Collision Between Two Motor Vehicles in Transport,"Yes, M/V and Driver Left Scene",No Controls,1,1,Complains Of Pain,,41.83711,-71.43247
332632,2015-00117883,19-Nov-15,2:40:00 PM,Bicycle,,1,,,1,VALLEY ST,DELAINE ST ,Jose Deschamps,419,19-Nov-15,"Two-Way, Divided, Unprotected (painted>4feet) Medium",Wet,Daylight,"Sleet, Hail (Freezing Rain or Drizzle)",Not a Collision Between Two Motor Vehicles in Transport,No,No Controls,3,1,Complains Of Pain,,41.81951,-71.4405
332315,2015-00117262,17-Nov-15,3:00:00 PM,Pedestrian,1,,,,1,ADMIRAL ST,ADMIRAL ST ,KEN MATSUMOTO,348,17-Nov-15,One-Way Trafficway,Dry,Daylight,Clear,Not a Collision Between Two Motor Vehicles in Transport,No,No Controls,3,0,No Injury,,41.84083,-71.41768
331477,2015-00116790,16-Nov-15,9:38:00 AM,Bicycle,,1,,,1,ROCHAMBEAU AVE,HOPE ST ,John Almeida,386,16-Nov-15,"Two-Way , Not Divided",Dry,Daylight,Clear,Not a Collision Between Two Motor Vehicles in Transport,No,Traffic Control Signal,4,1,Complains Of Pain,,41.84691,-71.39603
332082,2015-00117034,16-Nov-15,8:29:00 PM,Pedestrian,1,,,,1,WESTMINSTER ST,BRIDGHAM ST ,MICHAEL R. TROIA / TRAFFIC BUREAU,331,16-Nov-15,"Two-Way , Not Divided",Dry,Dark - Lighted,Clear,Not a Collision Between Two Motor Vehicles in Transport,No,Traffic Control Signal,6,1,Complains Of Pain,2,41.8169,-71.42854
332085,2015-00116978,16-Nov-15,6:14:00 PM,Pedestrian,1,,,,1,ALLENS AVE,CHAPMAN ST ,Alexa Levesque,248,16-Nov-15,"Two-Way , Not Divided",Dry,Dark - Lighted,Clear,Other,No,No Controls,2,1,Complains Of Pain,,41.7934,-71.39745
331337,2015-00116620,15-Nov-15,4:34:00 PM,Pedestrian,1,,,,1,593 EDDY ST,,Donald Castigliego,287,15-Nov-15,"Two-Way , Not Divided",Dry,Dark - Lighted,Clear,Not a Collision Between Two Motor Vehicles in Transport,No,No Controls,4,1,Complains Of Pain,,41.81124,-71.40713
330967,2015-00115929,13-Nov-15,5:35:00 PM,Pedestrian,1,,,,1,BROAD ST,EARLY ST ,Richard Mendez,288,13-Nov-15,"Two-Way , Not Divided",Dry,Dark - Lighted,Cloudy,Not a Collision Between Two Motor Vehicles in Transport,No,No Controls,4,1,Complains Of Pain,,41.79533,-71.41111
332449,2015-00115845,13-Nov-15,1:33:00 PM,Bicycle,,1,,,1,Hartford Ave,Plainfield St,Francisco Furtado,635,18-Nov-15,Unknown,Dry,Daylight,Clear,Other,No,No Controls,2,1,Complains Of Pain,,41.8168,-71.44494
375280,2015-00115754,13-Nov-15,8:16:00 AM,Pedestrian,1,,,,1,BRANCH AVE,CHARLES ST ,Juan Robles,643,04-Apr-16,"Two-Way, Divided, Unprotected (painted>4feet) Medium",Dry,Daylight,Clear,Other,"Yes, M/V and Driver Left Scene",Traffic Control Signal,1,1,Complains Of Pain,,41.85029,-71.42004
330650,2015-00115443,12-Nov-15,9:45:00 AM,Bicycle,,1,,,1,WATERMAN ST,HOPE ST ,Jose Deschamps,419,12-Nov-15,"Two-Way, Divided, Unprotected (painted>4feet) Medium",Dry,Daylight,Clear,Rear End(Front-to-Rear),No,No Controls,3,1,Complains Of Pain,,41.82758,-71.39723
330759,2015-00115547,12-Nov-15,4:17:00 PM,Pedestrian,4,,,,1,ANGELL ST,ARLINGTON AVE ,Fausto Garcia,109,12-Nov-15,One-Way Trafficway,Wet,Dusk,Rain,Not a Collision Between Two Motor Vehicles in Transport,"Yes, M/V and Driver Left Scene",Stop Signs,7,4,Non-Incapacitating,,41.82937,-71.39217
330544,2015-00115259,11-Nov-15,3:40:00 PM,Bicycle,,1,,,1,DOUGLAS AVE,LANCASHIRE ST ,KEN MATSUMOTO,348,11-Nov-15,"Two-Way, Divided, Unprotected (painted>4feet) Medium",Wet,Daylight,Rain,Not a Collision Between Two Motor Vehicles in Transport,No,No Controls,2,0,No Injury,,41.8488,-71.43218
330374,2015-00114921,10-Nov-15,3:18:00 PM,Pedestrian,1,,,,1,GEORGE ST,BROOK ST ,Donald Castigliego,287,10-Nov-15,"Two-Way , Not Divided",Wet,Daylight,Rain,Not a Collision Between Two Motor Vehicles in Transport,"Yes, M/V and Driver Left Scene",Stop Signs,1,0,No Injury,2,41.82561,-71.39906
330284,2015-00114680,09-Nov-15,5:53:00 PM,Bicycle,,1,,,1,BROAD ST,CENTRAL ST ,Thomas Richards,162,09-Nov-15,"Two-Way , Not Divided",Dry,Dusk,Clear,Not a Collision Between Two Motor Vehicles in Transport,No,No Controls,3,0,No Injury,,41.81319,-71.42192
329620,2015-00113400,06-Nov-15,9:48:00 AM,Pedestrian,1,,,,1,FRANCIS ST,MEMORIAL BLVD ,Jose Deschamps,419,06-Nov-15,"Two-Way, Divided, Unprotected (painted>4feet) Medium",Wet,Daylight,Clear,Not a Collision Between Two Motor Vehicles in Transport,No,No Controls,1,1,Complains Of Pain,,41.82609,-71.41543
329633,2015-00113477,06-Nov-15,2:49:00 PM,Pedestrian,1,,,,1,BRANCH AVE,W RIVER ST ,KEN MATSUMOTO,348,06-Nov-15,Unknown,Dry,Daylight,Clear,Not a Collision Between Two Motor Vehicles in Transport,No,No Controls,3,1,Complains Of Pain,,41.84704,-71.41299
329688,2015-00113567,06-Nov-15,6:01:00 PM,Pedestrian,1,,,,1,CANTON ST,CHALKSTONE AVE ,KEN MATSUMOTO,348,06-Nov-15,"Two-Way , Not Divided",Dry,Dark - Lighted,Clear,Not a Collision Between Two Motor Vehicles in Transport,No,No Controls,2,1,Incapacitating,,41.83213,-71.44247
329218,2015-00113006,05-Nov-15,8:15:00 AM,Pedestrian,1,,,,1,EXCHANGE TER,FRANCIS ST ,Jose Deschamps,419,05-Nov-15,One-Way Trafficway,Dry,Daylight,Clear,Not a Collision Between Two Motor Vehicles in Transport,No,No Controls,2,1,Complains Of Pain,,41.82502,-71.41483
329255,2015-00112996,05-Nov-15,7:08:00 AM,Pedestrian,1,,,,1,COMMON STREET,SMITH ST ,Raymond King,633,05-Nov-15,One-Way Trafficway,Dry,Daylight,Clear,Not a Collision Between Two Motor Vehicles in Transport,No,Stop Signs,2,1,Complains Of Pain,1,41.83266,-71.4192
329485,2015-00113223,05-Nov-15,6:42:00 PM,Pedestrian,1,,,,1,POTTERS AVE,BROAD ST ,Donald Castigliego,287,05-Nov-15,"Two-Way , Not Divided",Dry,Dark - Lighted,Cloudy,Not a Collision Between Two Motor Vehicles in Transport,No,No Controls,2,1,Complains Of Pain,,41.80302,-71.4187
329258,2015-00113032,04-Nov-15,8:00:00 PM,Pedestrian,1,,,,1,200 UNION AVENUE,CUMERFORD ST ,Louis Salinaro,592,05-Nov-15,"Two-Way , Not Divided",Dry,Dark - Lighted,Clear,Angle (Front - to - Side) Same Direction,No,No Controls,2,1,Complains Of Pain,,41.8079,-71.44345
328418,2015-00112235,03-Nov-15,8:19:00 AM,Pedestrian,1,,,,1,1481 BROAD ST,FRICKER ST ,Roland Reed,505,03-Nov-15,One-Way Trafficway,Dry,Daylight,Clear,Head-On (Front - to - Front),No,No Controls,2,1,Complains Of Pain,,41.81528,-71.42066
328542,2015-00112464,03-Nov-15,6:15:00 PM,Bicycle,,1,,,1,RESERVOIR AVE,ELMWOOD AVE ,Nicholas Froncillo,163,03-Nov-15,Unknown,Dry,Dark - Lighted,Clear,Angle (Front - to - Side) Right Angle (Includes Broadside),No,Traffic Control Signal,3,0,No Injury,,41.79765,-71.42608
328278,2015-00112133,02-Nov-15,9:32:00 PM,Pedestrian,1,,,,1,295 ACADEMY AVE,CHALKSTONE AVE ,Robert Heaton,539,02-Nov-15,"Two-Way , Not Divided",Dry,Dark - Lighted,Clear,Other,No,No Controls,3,0,No Injury,,41.83277,-71.44449
327416,2015-00110721,31-Oct-15,2:08:00 PM,Pedestrian,1,,,,1,10 LEAH ST,ATWELLS AVE ,Jin O,147,31-Oct-15,"Two-Way , Not Divided",Dry,Daylight,Clear,Not a Collision Between Two Motor Vehicles in Transport,No,No Controls,3,1,Complains Of Pain,2,41.82559,-71.45148
327547,2015-00111310,31-Oct-15,10:01:00 PM,Bicycle,,1,,,1,GORDON AVE,OXFORD ST ,Donald Castigliego,287,31-Oct-15,"Two-Way , Not Divided",Dry,Dark - Lighted,Clear,Not a Collision Between Two Motor Vehicles in Transport,"Yes, M/V and Driver Left Scene",No Controls,1,1,Non-Incapacitating,2,41.80116,-71.41466
327090,2015-00110606,30-Oct-15,8:39:00 AM,Pedestrian,2,,,,1,CRANSTON ST,BRIDGHAM ST ,Jose Deschamps,419,30-Oct-15,"Two-Way, Divided, Unprotected (painted>4feet) Medium",Dry,Daylight,Clear,Not a Collision Between Two Motor Vehicles in Transport,No,Traffic Control Signal,5,2,Complains Of Pain,,41.81396,-71.42694
327156,2015-00110707,30-Oct-15,1:34:00 PM,Bicycle,,1,,,1,Broadway,KNIGHT ST ,Ptlm. Chin,516,30-Oct-15,"Two-Way , Not Divided",Dry,Daylight,Clear,Not a Collision Between Two Motor Vehicles in Transport,"Yes, M/V and Driver Left Scene",Traffic Control Signal,2,1,Complains Of Pain,2,41.8198,-71.42936
326998,2015-00110399,29-Oct-15,6:09:00 PM,Pedestrian,1,,,,1,N MAIN ST,N MAIN ST ,David Preston,251,29-Oct-15,"Two-Way , Not Divided",Dry,Dark - Lighted,Clear,Not a Collision Between Two Motor Vehicles in Transport,"Yes, M/V and Driver Left Scene",No Controls,1,1,Non-Incapacitating,,41.83924,-71.40903
326227,2015-00109821,28-Oct-15,12:51:00 AM,Pedestrian,1,,,,1,STATE HWY 146,I 95 ,Brian Muldoon,182,28-Oct-15,"Two-Way, Divided, Positive Median Barrier",Dry,Dark - Lighted,Clear,Not a Collision Between Two Motor Vehicles in Transport,"Yes, M/V and Driver Left Scene",No Controls,4,1,Complains Of Pain,2,41.83688,-71.41572
326320,2015-00109909,28-Oct-15,11:38:00 AM,Pedestrian,1,,,,1,Chalkstone Ave,ACADEMY Ave,"Ptlm., Chin",516,28-Oct-15,"Two-Way , Not Divided",Dry,Daylight,Clear,Not a Collision Between Two Motor Vehicles in Transport,"Yes, M/V and Driver Left Scene",Traffic Control Signal,1,1,Complains Of Pain,2,41.83245,-71.44453
326550,2015-00110081,28-Oct-15,9:03:00 PM,Pedestrian,1,,,,1,ADMIRAL ST,DOUGLAS AVE ,KEN MATSUMOTO,348,28-Oct-15,"Two-Way , Not Divided",Wet,Dark - Lighted,Rain,Not a Collision Between Two Motor Vehicles in Transport,No,Traffic Control Signal,3,1,Complains Of Pain,,41.84605,-71.429
325752,2015-00109405,26-Oct-15,7:10:00 PM,Pedestrian,1,,,,1,38 LANCASHIRE ST,GLASGOW ST ,Erik Breault,226,26-Oct-15,"Two-Way , Not Divided",Dry,Dark - Lighted,Clear,Unknown,"Yes, M/V and Driver Left Scene",No Controls,1,1,Complains Of Pain,,41.84971,-71.43102