CrashReportId,ReportNumber,CrashDate,CrashTime,Collision Type,CountPedestrian,CountBicycle,Scooter,Wheel Chair,NumberofVehicles,StreetOrHighway,NearestIntersection,Officer,Badge,ReportDate,TypeOfRoadway,RoadSurfaceCondition,LightCondition,WeatherCondition,MannerofImpact,HitAndRun,TrafficControl,PersonCount,InjuryCount,MostSeriousInjury,NumberOfLanes,Latitude,Longitude
323390,2015-00107555,21-Oct-15,7:57:00 PM,Bicycle,,1,,,1,LIBRARY COURT,WESTMINSTER ST,Robert Heaton,539,21-Oct-15,"Two-Way , Not Divided",Dry,Dark - Lighted,Clear,Angle - Direction Not Specified,No,Traffic Control Signal,3,1,Complains Of Pain,2,41.81668,-71.44355
323454,2015-00107597,21-Oct-15,10:13:00 PM,Pedestrian,1,,,,1,MEMORIAL BLVD,WASHINGTON ST ,Robert Heaton,539,22-Oct-15,"Two-Way, Divided, Positive Median Barrier",Dry,Dark - Lighted,Cloudy,Other,No,Traffic Control Signal,6,1,Non-Incapacitating,4,41.82627,-71.41006
322653,2015-00107039,20-Oct-15,9:15:00 AM,Pedestrian,1,,,,1,SILVER SPRING ST,BRANCH AVE ,Juan Robles,643,20-Oct-15,"Two-Way , Not Divided",Dry,Daylight,Clear,Not a Collision Between Two Motor Vehicles in Transport,No,Traffic Control Signal,2,0,No Injury,,41.84782,-71.41474
322836,2015-00107240,20-Oct-15,7:07:00 PM,Pedestrian,1,,,,1,CAROLINA AVE,ALLENS AVE ,Robert Heaton,539,20-Oct-15,"Two-Way , Not Divided",Dry,Other,Clear,Other,No,No Controls,2,1,Non-Incapacitating,2,41.79169,-71.39623
322977,2015-00106695,19-Oct-15,9:33:00 AM,Pedestrian,1,,,,1,DEAN ST,KINSLEY AVE ,Raymond King,633,19-Oct-15,"Two-Way, Divided, Positive Median Barrier",Dry,Daylight,Clear,Not a Collision Between Two Motor Vehicles in Transport,No,No Controls,3,1,Complains Of Pain,4,41.82884,-71.42646
324195,2015-00106882,19-Oct-15,6:55:00 PM,Pedestrian,2,,,,1,WESTMINSTER ST,MATHEWSON ST ,Graig Sion,254,19-Oct-15,One-Way Trafficway,Dry,Dark - Lighted,Clear,Other,No,No Controls,3,1,Complains Of Pain,,41.82217,-71.41364
321461,2015-00106095,17-Oct-15,12:04:00 PM,Bicycle,,1,,,1,CAMP ST,DOYLE AVE ,Anthony Hampton,681,17-Oct-15,"Two-Way , Not Divided",Dry,Daylight,Clear,Not a Collision Between Two Motor Vehicles in Transport,No,Stop Signs,2,0,No Injury,,41.8388,-71.40419
321536,2015-00106202,17-Oct-15,5:21:00 PM,Bicycle,,1,,,1,Washington St,WINTER ST ,Ptlm. Chin,516,17-Oct-15,"Two-Way , Not Divided",Dry,Daylight,Clear,Not a Collision Between Two Motor Vehicles in Transport,No,Stop Signs,4,1,Complains Of Pain,2,41.81809,-71.4225
321222,2015-00105704,16-Oct-15,11:14:00 AM,Bicycle,,1,,,1,GEORGE ST,THAYER ST ,John Almeida,386,16-Oct-15,"Two-Way , Not Divided",Dry,Daylight,Clear,Not a Collision Between Two Motor Vehicles in Transport,No,No Controls,3,0,No Injury,,41.82546,-71.40136
368056,2015-00105441,15-Oct-15,4:37:00 PM,Pedestrian,1,,,,1,Bridgham St,,Michael Clary,269,18-Oct-15,"Two-Way , Not Divided",Dry,Daylight,Clear,Not a Collision Between Two Motor Vehicles in Transport,"Yes, M/V and Driver Left Scene",No Controls,1,1,Complains Of Pain,,41.81275,-71.42455
320485,2015-00104699,13-Oct-15,4:07:00 PM,Bicycle,,1,,,1,STATE ST,EXIT 23 ,Ptlm. Chin,516,13-Oct-15,"Two-Way , Not Divided",Dry,Daylight,Clear,Not a Collision Between Two Motor Vehicles in Transport,No,Traffic Control Signal,3,1,Complains Of Pain,3,41.83478,-71.41433
368053,2015-00103755,10-Oct-15,9:20:00 PM,Pedestrian,1,,,,1,ADELAIDE AVE,BROAD ST ,Jared Stanzione,193,11-Oct-15,Unknown,Dry,Dark - Lighted,Clear,Not a Collision Between Two Motor Vehicles in Transport,"Yes, M/V and Driver Left Scene",No Controls,1,1,Complains Of Pain,,41.79885,-71.41547
319378,2015-00103333,09-Oct-15,6:53:00 PM,Pedestrian,1,,,,1,HARTFORD AVE,HARTFORD AVE ,Brittany Boudreau,236,09-Oct-15,"Two-Way, Divided, Unprotected (painted>4feet) Medium",Wet,Dark - Lighted,Rain,Not a Collision Between Two Motor Vehicles in Transport,No,No Controls,3,1,Complains Of Pain,,41.81742,-71.4515
319423,2015-00103369,09-Oct-15,9:08:00 PM,Pedestrian,1,,,,1,WARRINGTON ST,BROAD STREET,Donald Castigliego,287,09-Oct-15,"Two-Way , Not Divided",Wet,Dark - Lighted,Cloudy,Not a Collision Between Two Motor Vehicles in Transport,No,No Controls,3,1,Complains Of Pain,,41.79667,-71.41277
318450,2015-00101658,05-Oct-15,12:43:00 AM,Pedestrian,1,,,,1,58 Prudence Ave,SILVER LAKE AVE ,Ptlm Silva,252,05-Oct-15,"Two-Way , Not Divided",Dry,Dark - Lighted,Clear,Not a Collision Between Two Motor Vehicles in Transport,No,No Controls,3,1,Complains Of Pain,,41.80712,-71.46165
318291,2015-00101336,04-Oct-15,2:00:00 AM,Pedestrian,1,,,,1,Atwells ave,EUTAW ST ,Mitchell Guerra,217,04-Oct-15,"Two-Way , Not Divided",Dry,Dark - Lighted,Clear,Not a Collision Between Two Motor Vehicles in Transport,"Yes, M/V and Driver Left Scene",No Controls,5,1,Non-Incapacitating,,41.82354,-71.42619
317656,2015-00100586,02-Oct-15,7:59:00 AM,Bicycle,,1,,,1,CHALKSTONE AVE,ACADEMY AVE ,Jose Deschamps,419,02-Oct-15,"Two-Way, Divided, Unprotected (painted>4feet) Medium",Wet,Daylight,"Sleet, Hail (Freezing Rain or Drizzle)",Head-On (Front - to - Front),No,Traffic Control Signal,5,1,Non-Incapacitating,,41.83245,-71.44453
317024,2015-00099910,30-Sep-15,7:57:00 AM,Pedestrian,1,,,,1,KEENE ST,HOPE ST ,Derrek Edmonds,550,30-Sep-15,"Two-Way , Not Divided",Wet,Daylight,Rain,Angle (Front - to - Side) Right Angle (Includes Broadside),No,No Controls,2,1,Complains Of Pain,,41.83225,-71.40036
316770,2015-00099613,29-Sep-15,12:33:00 PM,Pedestrian,1,,,,1,69 EMPIRE STREET,WESTMINISTER STREET,Joseph Madeira,552,29-Sep-15,"Two-Way , Not Divided",Dry,Daylight,Clear,Other,No,No Controls,2,1,Complains Of Pain,2,41.83349,-71.41682
316908,2015-00099736,29-Sep-15,5:53:00 PM,Bicycle,,1,,,1,CHARLES ST,ORMS ST ,Brian Murphy,231,29-Sep-15,"Two-Way , Not Divided",Dry,Daylight,Clear,Not a Collision Between Two Motor Vehicles in Transport,No,No Controls,2,0,No Injury,,41.83499,-71.41149
316285,2015-00098727,26-Sep-15,10:33:00 PM,Pedestrian,1,,,,1,Broad St,Parkview Ave,Michael Clary,269,27-Sep-15,"Two-Way , Not Divided",Dry,Dark - Lighted,Clear,Not a Collision Between Two Motor Vehicles in Transport,No,No Controls,2,1,Complains Of Pain,,41.79193,-71.40688
315598,2015-00097999,25-Sep-15,7:59:00 AM,Bicycle,,1,,,1,DEXTER ST,POTTERS AVE ,Jose Deschamps,419,25-Sep-15,"Two-Way, Divided, Unprotected (painted>4feet) Medium",Dry,Daylight,Clear,Other,No,No Controls,2,1,Incapacitating,,41.80249,-71.43059
315705,2015-00098148,25-Sep-15,3:42:00 PM,Pedestrian,1,,,,1,S WATER ST,BRIDGE ST ,Ptlm. Chin,516,25-Sep-15,"Two-Way , Not Divided",Dry,Daylight,Clear,Not a Collision Between Two Motor Vehicles in Transport,"Yes, M/V and Driver Left Scene",No Controls,7,1,Complains Of Pain,2,41.81863,-71.40169
315774,2015-00098240,25-Sep-15,7:10:00 PM,Pedestrian,1,,,,1,CORINTH ST,SAVINGS ST ,Richard Mendez,288,25-Sep-15,"Two-Way , Not Divided",Dry,Dark - Lighted,Clear,Not a Collision Between Two Motor Vehicles in Transport,No,No Controls,2,1,Complains Of Pain,,41.79398,-71.41219
315548,2015-00097840,24-Sep-15,7:04:00 PM,Bicycle,,1,,,1,SPRAGUE ST,DEXTER ST ,Donald Castigliego,287,24-Sep-15,"Two-Way , Not Divided",Dry,Dark - Lighted,Clear,Not a Collision Between Two Motor Vehicles in Transport,No,Stop Signs,2,1,Complains Of Pain,2,41.80974,-71.42832
319683,2015-00096954,22-Sep-15,12:05:00 PM,Pedestrian,1,,,,1,CRANSTON ST,DEXTER ST ,Jesse Ferrell,428,11-Oct-15,"Two-Way , Not Divided",Dry,Daylight,Clear,Not a Collision Between Two Motor Vehicles in Transport,"Yes, M/V and Driver Left Scene",No Controls,1,0,No Injury,,41.8126,-71.42959
314132,2015-00095876,19-Sep-15,6:17:00 PM,Bicycle,,1,,,1,WESTMINSTER ST,DEXTER ST ,Ptlm. Chin,516,19-Sep-15,"Two-Way , Not Divided",Dry,Daylight,Clear,Not a Collision Between Two Motor Vehicles in Transport,No,No Controls,2,1,Complains Of Pain,2,41.81661,-71.43111
314627,2015-00096911,19-Sep-15,5:10:00 PM,Pedestrian,1,,,,1,PLYMOUTH ST,POTTERS AVE ,Thiago Gomes,532,22-Sep-15,"Two-Way , Not Divided",Dry,Daylight,Clear,Angle (Front - to - Side) Opposite Direction,"Yes, M/V and Driver Left Scene",No Controls,1,1,Complains Of Pain,2,41.80271,-71.43123
313849,2015-00095356,18-Sep-15,3:30:00 PM,Bicycle,,1,,,3,Charles St,CHRISTOPHER ST ,Ptlm. Chin,516,18-Sep-15,"Two-Way , Not Divided",Dry,Daylight,Clear,Not a Collision Between Two Motor Vehicles in Transport,No,Stop Signs,5,2,Complains Of Pain,2,41.85861,-71.4216
313852,2015-00095410,18-Sep-15,5:36:00 PM,Pedestrian,1,,,,1,99 Kennedy Plaza,ARCADE ST ,Ptlm. Chin,516,18-Sep-15,"Two-Way , Not Divided",Dry,Daylight,Clear,Not a Collision Between Two Motor Vehicles in Transport,No,No Controls,3,1,Complains Of Pain,2,41.82449,-71.41189
313497,2015-00094973,17-Sep-15,3:40:00 PM,Bicycle,,1,,,1,POWER ST,GOVERNOR ST ,Ptlm. Chin,516,17-Sep-15,"Two-Way , Not Divided",Dry,Daylight,Clear,Not a Collision Between Two Motor Vehicles in Transport,No,Stop Signs,3,1,Complains Of Pain,2,41.82353,-71.39414
313267,2015-00094653,16-Sep-15,5:29:00 PM,Pedestrian,2,,,,1,Broadway,COURTLAND ST ,Ptlm. Chin,516,16-Sep-15,"Two-Way , Not Divided",Dry,Daylight,Clear,Not a Collision Between Two Motor Vehicles in Transport,No,Pavement Markings,4,1,Complains Of Pain,2,41.81937,-71.43119
312833,2015-00094034,15-Sep-15,12:32:00 AM,Bicycle,,1,,,1,TELL ST,KNIGHT ST ,Robert Heaton,539,15-Sep-15,"Two-Way , Not Divided",Dry,Dark - Lighted,Clear,Other,No,Stop Signs,3,1,Complains Of Pain,2,41.82215,-71.43137
312873,2015-00094094,15-Sep-15,8:15:00 AM,Bicycle,,1,,,1,BUCKLIN STREET,CARTER STREET,Joseph Madeira,552,15-Sep-15,"Two-Way , Not Divided",Dry,Daylight,Clear,Other,No,Stop Signs,2,1,Complains Of Pain,2,41.83616,-71.41597
312651,2015-00093774,14-Sep-15,10:02:00 AM,Bicycle,,1,,,1,Thayer St,WATERMAN ST ,Ptlm. Chin,516,14-Sep-15,One-Way Trafficway,Dry,Daylight,Clear,Not a Collision Between Two Motor Vehicles in Transport,No,Traffic Control Signal,2,0,No Injury,1,41.82734,-71.40055
312047,2015-00093387,13-Sep-15,12:28:00 AM,Pedestrian,1,,,,1,BRANCH AVE,CHARLES ST ,MICHAEL R. TROIA / TRAFFIC BUREAU,331,13-Sep-15,"Two-Way , Not Divided",Wet,Dark - Lighted,Rain,Not a Collision Between Two Motor Vehicles in Transport,"Yes, M/V and Driver Left Scene",No Controls,1,1,Complains Of Pain,,41.85024,-71.41993
311904,2015-00093103,12-Sep-15,12:41:00 PM,Pedestrian,1,,,,1,Manton Avenue,ATWELLS AVE ,Joseph Kane,544,12-Sep-15,"Two-Way, Divided, Unprotected (painted>4feet) Medium",Dry,Daylight,Clear,Head-On (Front - to - Front),No,Traffic Control Signal,3,1,Incapacitating,,41.82537,-71.45464
311688,2015-00092679,11-Sep-15,1:31:00 PM,Bicycle,,1,,,1,WESTMINSTER ST,BATTEY ST ,Baez Jr,687,11-Sep-15,"Two-Way, Divided, Unprotected (painted>4feet) Medium",Dry,Daylight,Clear,Angle (Front - to - Side) Same Direction,No,Stop Signs,2,1,Complains Of Pain,2,41.81724,-71.42464
311838,2015-00092806,11-Sep-15,7:52:00 PM,Pedestrian,1,,,,1,460 ALLENS AVE,,MICHAEL R. TROIA / TRAFFIC BUREAU,331,11-Sep-15,"Two-Way , Not Divided",Dry,Dark - Not Lighted,Clear,Not a Collision Between Two Motor Vehicles in Transport,No,No Controls,7,1,Incapacitating,4,41.80107,-71.40055
311396,2015-00091944,10-Sep-15,1:29:00 PM,Bicycle,,1,,,1,SILVER SPRING STREET,,Joseph Madeira,552,10-Sep-15,"Two-Way , Not Divided",Dry,Daylight,Clear,Other,No,Stop Signs,2,1,Non-Incapacitating,2,41.83396,-71.41663
311526,2015-00092475,10-Sep-15,8:23:00 PM,Bicycle,,1,,,2,252 Thayer St,Olive St,Ptlm. Chin,516,10-Sep-15,One-Way Trafficway,Wet,Daylight,Clear,Not a Collision Between Two Motor Vehicles in Transport,No,Pavement Markings,3,1,Complains Of Pain,1,41.8287,-71.40073
313461,2015-00092328,10-Sep-15,12:41:00 PM,Pedestrian,1,,,,1,WESTMINSTER ST,DEXTER ST ,Jesse Ferrell,428,17-Sep-15,"Two-Way , Not Divided",Dry,Dawn,Clear,Other,No,No Controls,3,1,Complains Of Pain,,41.81658,-71.4314
311291,2015-00092077,09-Sep-15,6:09:00 PM,Pedestrian,1,,,,1,342 orms st,ESTEN ST ,Louy Marroquin,218,09-Sep-15,"Two-Way , Not Divided",Dry,Daylight,Clear,Other,No,No Controls,8,1,Complains Of Pain,,41.83353,-71.42355
310982,2015-00091635,08-Sep-15,4:30:00 PM,Pedestrian,1,,,,1,386 Broad Street,BROAD ST ,Edwardo Curi,294,08-Sep-15,"Two-Way, Divided, Positive Median Barrier",Dry,Daylight,Clear,Not a Collision Between Two Motor Vehicles in Transport,No,No Controls,2,1,Complains Of Pain,,41.81339,-71.42161
311076,2015-00091744,08-Sep-15,8:46:00 PM,Pedestrian,1,,,,1,ELMWOOD AVE,RUTLAND ST ,Robert Heaton,539,09-Sep-15,"Two-Way, Divided, Unprotected (painted>4feet) Medium",Dry,Dark - Lighted,Clear,Other,No,No Controls,2,1,Complains Of Pain,2,41.799,-71.4264
310769,2015-00091272,07-Sep-15,4:23:00 PM,Pedestrian,1,,,,1,100 Francis Street,GASPEE ST ,Anthony Doucette,475,07-Sep-15,"Two-Way , Not Divided",Dry,Daylight,Clear,Head-On (Front - to - Front),"Yes, M/V and Driver Left Scene",No Controls,3,1,Complains Of Pain,,41.82875,-71.41534
310918,2015-00090774,06-Sep-15,12:15:00 PM,Pedestrian,1,,,,1,BORDEN ST, Eddy St,Frank Newton,594,08-Sep-15,One-Way Trafficway,Dry,Daylight,Clear,Other,No,No Controls,2,1,Complains Of Pain,2,41.81342,-71.4084
310057,2015-00089869,04-Sep-15,1:40:00 PM,Pedestrian,1,,,,1,462 MANTON AVE,SISSON ST ,Jin O,147,04-Sep-15,"Two-Way , Not Divided",Dry,Daylight,Clear,Not a Collision Between Two Motor Vehicles in Transport,No,No Controls,2,1,Complains Of Pain,2,41.82552,-71.45564
310144,2015-00089961,04-Sep-15,5:20:00 PM,Pedestrian,1,,,,1,100 Broad St,FENNER ST ,Ptlm. Chin,516,04-Sep-15,"Two-Way , Not Divided",Dry,Daylight,Clear,Not a Collision Between Two Motor Vehicles in Transport,No,No Controls,4,1,Complains Of Pain,2,41.81826,-71.41598
310158,2015-00090014,04-Sep-15,7:01:00 PM,Bicycle,,1,,,1,WESTMINSTER ST,ABORN ST ,KEN MATSUMOTO,348,04-Sep-15,One-Way Trafficway,Dry,Daylight,Clear,Not a Collision Between Two Motor Vehicles in Transport,No,No Controls,3,1,Complains Of Pain,,41.82127,-71.41489
314312,2015-00089842,04-Sep-15,12:18:00 PM,Bicycle,,1,,,1,CHARLES ST,ORMS ST ,Anthony Hampton,681,21-Sep-15,"Two-Way, Divided, Positive Median Barrier",Dry,Daylight,Clear,Not a Collision Between Two Motor Vehicles in Transport,No,Traffic Control Signal,2,1,Complains Of Pain,,41.83492,-71.41147
309691,2015-00089112,02-Sep-15,2:41:00 PM,Pedestrian,1,,,,1,VALLEY ST,EAGLE ST ,Jose Deschamps,419,02-Sep-15,"Two-Way, Divided, Unprotected (painted>4feet) Medium",Dry,Daylight,Clear,Not a Collision Between Two Motor Vehicles in Transport,No,Traffic Control Signal,4,2,Complains Of Pain,,41.82741,-71.4364
309725,2015-00089236,02-Sep-15,8:22:00 PM,Pedestrian,2,,,,1,Francis St,Memorial Blvd,Michael Clary,269,03-Sep-15,"Two-Way , Not Divided",Dry,Dark - Lighted,Clear,Not a Collision Between Two Motor Vehicles in Transport,No,Traffic Control Signal,4,2,Complains Of Pain,,41.82616,-71.41545
308903,2015-00087447,29-Aug-15,12:18:00 PM,Pedestrian,1,,,,1,1215 N. MAIN STREET,7TH ST ,Darren Hull,598,29-Aug-15,"Two-Way, Divided, Positive Median Barrier",Dry,Daylight,Clear,Not a Collision Between Two Motor Vehicles in Transport,No,Traffic Control Signal,5,1,Complains Of Pain,2,41.85336,-71.40101
308978,2015-00087639,29-Aug-15,8:39:00 PM,Bicycle,,1,,,1,Cranston St,DODGE ST ,Ptlm. Chin,516,29-Aug-15,"Two-Way , Not Divided",Unknown,Dark - Lighted,Clear,Unknown,"Yes, M/V and Driver Left Scene",Unknown,1,1,Complains Of Pain,,41.81439,-71.42613
308601,2015-00086718,27-Aug-15,6:03:00 PM,Pedestrian,1,,,,1,Broad Street,ALDRICH ST ,Nicholas Froncillo,163,27-Aug-15,"Two-Way , Not Divided",Dry,Daylight,Clear,Angle (Front - to - Side) Same Direction,"Yes, M/V and Driver Left Scene",No Controls,1,1,Complains Of Pain,,41.7936,-71.40895
307882,2015-00085138,23-Aug-15,6:45:00 PM,Pedestrian,1,,,,1,CROWNINSHIELD ST,MERINO ST ,Graig Sion,254,23-Aug-15,"Two-Way, Divided, Unprotected (painted>4feet) Medium",Dry,Daylight,Clear,Not a Collision Between Two Motor Vehicles in Transport,No,No Controls,5,1,Complains Of Pain,,41.81741,-71.45831
307645,2015-00084225,21-Aug-15,3:26:00 PM,Pedestrian,1,,,,1,UNION AVE,MESSER ST ,Brian Murphy,231,21-Aug-15,"Two-Way , Not Divided",Dry,Daylight,Clear,Not a Collision Between Two Motor Vehicles in Transport,"Yes, M/V and Driver Left Scene",No Controls,1,1,Complains Of Pain,,41.81013,-71.43513
307519,2015-00083896,20-Aug-15,5:14:00 PM,Bicycle,,1,,,1,CHARLES ST,ORMS ST ,Donald Castigliego,287,20-Aug-15,"Two-Way , Not Divided",Dry,Daylight,Clear,Not a Collision Between Two Motor Vehicles in Transport,No,No Controls,2,1,Complains Of Pain,,41.83515,-71.41153
306887,2015-00082526,16-Aug-15,5:21:00 PM,Bicycle,,1,,,1,CRANSTON ST,DEXTER ST ,Donald Castigliego,287,16-Aug-15,"Two-Way , Not Divided",Dry,Daylight,Clear,Not a Collision Between Two Motor Vehicles in Transport,No,Traffic Control Signal,2,1,Complains Of Pain,,41.8126,-71.42959
306962,2015-00082429,16-Aug-15,11:48:00 AM,Pedestrian,1,,,,1,BROAD ST,FRANCIS GREEN MEMORIAL BLVD,Jose Deschamps,419,17-Aug-15,"Two-Way , Not Divided",Dry,Daylight,Clear,Other,No,No Controls,3,2,Complains Of Pain,,41.79341,-71.40871
306806,2015-00081595,14-Aug-15,9:28:00 AM,Pedestrian,1,,,,1,MANTON AVE,PELHAM ST ,Jose Deschamps,419,14-Aug-15,"Two-Way, Divided, Unprotected (painted>4feet) Medium",Dry,Daylight,Clear,Not a Collision Between Two Motor Vehicles in Transport,No,No Controls,5,1,Complains Of Pain,,41.82092,-71.44779
306552,2015-00081350,13-Aug-15,4:49:00 PM,Bicycle,,1,,,1,WENDELL ST,SUPERIOR ST ,Donald Castigliego,287,13-Aug-15,One-Way Trafficway,Dry,Daylight,Clear,Not a Collision Between Two Motor Vehicles in Transport,"Yes, M/V and Driver Left Scene",No Controls,1,1,Complains Of Pain,,41.811,-71.43428
306569,2015-00081359,13-Aug-15,5:06:00 PM,Bicycle,,1,,,1,CLIFFORD ST,DORRANCE ST ,Donald Castigliego,287,13-Aug-15,One-Way Trafficway,Dry,Daylight,Clear,Not a Collision Between Two Motor Vehicles in Transport,No,Traffic Control Signal,4,1,Non-Incapacitating,,41.82153,-71.40884
306647,2015-00081483,13-Aug-15,10:30:00 PM,Bicycle,,1,,,2,1314 BROAD STREET,BROAD ST ,Jimmy Gutierrez,246,13-Aug-15,"Two-Way, Divided, Unprotected (painted>4feet) Medium",Dry,Dark - Lighted,Clear,Not a Collision Between Two Motor Vehicles in Transport,No,No Controls,3,1,Complains Of Pain,,41.791,-71.40586
306407,2015-00080884,12-Aug-15,12:55:00 PM,Pedestrian,1,,,,1,DORRANCE STREET,WESTMINISTER STREET,Joseph Madeira,552,12-Aug-15,"Two-Way , Not Divided",Dry,Daylight,Clear,Other,No,Traffic Control Signal,3,0,No Injury,2,41.82953,-71.41802
306427,2015-00080997,12-Aug-15,6:01:00 PM,Pedestrian,1,,,X,1,W EXCHANGE ST,EXCHANGE TER ,Ralph Abenante,511,12-Aug-15,One-Way Trafficway,Dry,Daylight,Clear,Angle (Front - to - Side) Same Direction,No,No Controls,2,0,No Injury,,41.82484,-71.41534
306246,2015-00080585,11-Aug-15,4:48:00 PM,Pedestrian,1,,,,1,ELM ST,HOSPITAL ST ,KEN MATSUMOTO,348,11-Aug-15,"Two-Way , Not Divided",Wet,Daylight,Rain,Not a Collision Between Two Motor Vehicles in Transport,No,Stop Signs,3,1,Complains Of Pain,,41.81705,-71.4105
306079,2015-00080149,10-Aug-15,1:18:00 PM,Pedestrian,1,,,,1,THAYER ST,POWER ST ,Jose Deschamps,419,10-Aug-15,"Two-Way, Divided, Unprotected (painted>4feet) Medium",Dry,Daylight,Clear,Not a Collision Between Two Motor Vehicles in Transport,No,No Controls,3,1,Non-Incapacitating,,41.82324,-71.40007
306111,2015-00079795,10-Aug-15,5:00:00 PM,Pedestrian,1,,,,1,Nye St,ALVERSON AVE ,Juan Rodrigues,194,10-Aug-15,"Two-Way , Not Divided",Dry,Daylight,Clear,Not a Collision Between Two Motor Vehicles in Transport,"Yes, M/V and Driver Left Scene",No Controls,2,1,Non-Incapacitating,,41.81697,-71.45941
306128,2015-00080281,10-Aug-15,7:36:00 PM,Bicycle,,1,,,1,500 Cranston St,,Michael Clary,269,10-Aug-15,"Two-Way , Not Divided",Dry,Dusk,Clear,Not a Collision Between Two Motor Vehicles in Transport,No,No Controls,2,0,No Injury,,41.80947,-71.43356
305839,2015-00079437,08-Aug-15,9:31:00 PM,Bicycle,,1,,,1,MANTON AVE,RUSHMORE AVE ,Donald Castigliego,287,08-Aug-15,"Two-Way , Not Divided",Dry,Dark - Lighted,Clear,Not a Collision Between Two Motor Vehicles in Transport,No,No Controls,2,1,Incapacitating,2,41.82576,-71.45701
305473,2015-00078626,06-Aug-15,8:19:00 PM,Bicycle,,1,,,1,Grand St,POTTERS AVE ,Ptlm. Chin,516,06-Aug-15,"Two-Way , Not Divided",Dry,Unknown,Clear,Not a Collision Between Two Motor Vehicles in Transport,"Yes, M/V and Driver Left Scene",No Controls,1,1,Complains Of Pain,2,41.80245,-71.4322
305204,2015-00078147,05-Aug-15,4:03:00 PM,Bicycle,,1,,,1,North Main St,FROST ST ,Ptlm. Chin,516,05-Aug-15,"Two-Way, Divided, Positive Median Barrier",Dry,Daylight,Clear,Not a Collision Between Two Motor Vehicles in Transport,No,No Controls,2,1,Complains Of Pain,4,41.85138,-71.40235
305294,2015-00078138,05-Aug-15,3:30:00 PM,Bicycle,,1,,,1,MOORE ST,UPDIKE ST ,Shawn Murnighan,253,05-Aug-15,Unknown,Dry,Daylight,Clear,Not a Collision Between Two Motor Vehicles in Transport,No,No Controls,3,1,Complains Of Pain,,41.80482,-71.422
304799,2015-00077425,03-Aug-15,6:33:00 PM,Pedestrian,1,,,,1,16 BARRY ROAD,BARRY RD ,Donald Castigliego,287,03-Aug-15,"Two-Way , Not Divided",Dry,Daylight,Clear,Not a Collision Between Two Motor Vehicles in Transport,No,No Controls,3,1,Non-Incapacitating,,41.81821,-71.4504
306183,2015-00077299,03-Aug-15,12:56:00 PM,Bicycle,,1,,,1,ELMWOOD AVE,ELMWOOD AVE ,Eugene Craven,517,11-Aug-15,"Two-Way, Divided, Unprotected (painted>4feet) Medium",Dry,Daylight,Clear,Angle (Front - to - Side) Same Direction,No,No Controls,2,1,Complains Of Pain,,41.80736,-71.42484
304577,2015-00077034,02-Aug-15,4:40:00 PM,Bicycle,1,,,,1,Kenwood St,MESSER ST ,Ptlm. Chin,516,02-Aug-15,"Two-Way , Not Divided",Dry,Daylight,Clear,Not a Collision Between Two Motor Vehicles in Transport,"Yes, M/V and Driver Left Scene",No Controls,1,0,No Injury,2,41.80992,-71.43438
304397,2015-00076654,01-Aug-15,7:07:00 PM,Pedestrian,1,,,,1,Smith St,HOLDEN ST ,Ptlm. Chin,516,01-Aug-15,"Two-Way , Not Divided",Dry,Dusk,Clear,Not a Collision Between Two Motor Vehicles in Transport,No,No Controls,4,1,Complains Of Pain,2,41.83219,-71.41798
304260,2015-00076205,31-Jul-15,6:50:00 PM,Bicycle,,1,,,1,21 FELIX ST,CHALKSTONE AVE ,Shawn Murnighan,253,31-Jul-15,"Two-Way , Not Divided",Dry,Daylight,Clear,Not a Collision Between Two Motor Vehicles in Transport,"Yes, M/V and Driver Left Scene",No Controls,1,0,No Injury,,41.83276,-71.4279
304271,2015-00076311,31-Jul-15,11:17:00 PM,Pedestrian,1,,,,1,MEMORIAL BLVD,FRANCIS ST ,Jason Cotugno,173,01-Aug-15,"Two-Way, Divided, Positive Median Barrier",Dry,Dark - Lighted,Clear,Not a Collision Between Two Motor Vehicles in Transport,No,Traffic Control Signal,5,1,Non-Incapacitating,,41.8259,-71.41535
304549,2015-00076091,31-Jul-15,1:28:00 PM,Pedestrian,1,,,,1,RESERVOIR AVE,ELMWOOD AVE ,James Annis,454,02-Aug-15,Unknown,Dry,Daylight,Clear,Other,No,No Controls,2,1,Complains Of Pain,,41.79782,-71.42611
303946,2015-00075771,30-Jul-15,1:52:00 PM,Pedestrian,1,,,,1,LYNN ST,SACKETT ST ,Ryan Moroney,324,30-Jul-15,"Two-Way , Not Divided",Dry,Daylight,Clear,Not a Collision Between Two Motor Vehicles in Transport,"Yes, M/V and Driver Left Scene",No Controls,2,1,Complains Of Pain,2,41.79538,-71.41297
303976,2015-00075825,30-Jul-15,4:47:00 PM,Bicycle,,1,,,1,BLACKSTONE BLVD,LLOYD AVE,Fausto Garcia,109,30-Jul-15,One-Way Trafficway,Dry,Daylight,Cloudy,Not a Collision Between Two Motor Vehicles in Transport,No,Stop Signs,4,1,Complains Of Pain,2,41.83534,-71.38462
304042,2015-00075893,30-Jul-15,8:07:00 PM,Pedestrian,3,,,,1,SMITH ST,DANFORTH ST ,Robert Heaton,539,30-Jul-15,"Two-Way , Not Divided",Wet,Dark - Lighted,Rain,Other,No,No Controls,7,2,Incapacitating,2,41.83564,-71.4267