CrashReportId,ReportNumber,CrashDate,CrashTime,Collision Type,CountPedestrian,CountBicycle,Scooter,Wheel Chair,NumberofVehicles,StreetOrHighway,NearestIntersection,Officer,Badge,ReportDate,TypeOfRoadway,RoadSurfaceCondition,LightCondition,WeatherCondition,MannerofImpact,HitAndRun,TrafficControl,PersonCount,InjuryCount,MostSeriousInjury,NumberOfLanes,Latitude,Longitude
303687,2015-00075184,28-Jul-15,9:57:00 PM,Bicycle,,1,,,2,EMPIRE ST,WASHINGTON ST ,Robert Heaton,539,28-Jul-15,"Two-Way , Not Divided",Dry,Dark - Lighted,Clear,Other,No,Traffic Control Signal,3,1,Incapacitating,4,41.82178,-71.41639
303420,2015-00074385,26-Jul-15,4:02:00 PM,Pedestrian,1,,,,1,775 Potters Ave,HOMESTEAD AVE ,Ptlm. Chin,516,26-Jul-15,"Two-Way , Not Divided",Dry,Daylight,Cloudy,Not a Collision Between Two Motor Vehicles in Transport,No,No Controls,7,1,Complains Of Pain,2,41.80416,-71.43537
303318,2015-00073966,25-Jul-15,6:32:00 PM,Bicycle,,1,,,1,BRANCH AVE,OPPER ST ,Jessica Leone,258,25-Jul-15,"Two-Way , Not Divided",Dry,Daylight,Clear,Not a Collision Between Two Motor Vehicles in Transport,No,Traffic Control Signal,2,1,Complains Of Pain,,41.85173,-71.42336
302606,2015-00072607,22-Jul-15,8:20:00 AM,Bicycle,,1,,,1,Traverse St,Rosary Access Rd,Richard Mills,424,22-Jul-15,"Two-Way , Not Divided",Dry,Daylight,Clear,Angle (Front - to - Side) Opposite Direction,No,Stop Signs,2,1,Complains Of Pain,,41.81857,-71.39916
302634,2015-00072647,22-Jul-15,10:12:00 AM,Pedestrian,2,,,,1,ROCHAMBEAU AVENUE,COLE ROAD,Joseph Madeira,552,22-Jul-15,"Two-Way , Not Divided",Dry,Daylight,Clear,Other,No,Stop Signs,5,0,No Injury,2,41.83457,-71.41612
302555,2015-00072485,21-Jul-15,8:54:00 PM,Pedestrian,1,,,,1,Westminster St,Barton St,Michael Clary,269,21-Jul-15,"Two-Way , Not Divided",Wet,Dark - Lighted,Rain,Not a Collision Between Two Motor Vehicles in Transport,No,Traffic Control Signal,2,1,Complains Of Pain,,41.81592,-71.43653
302206,2015-00071632,19-Jul-15,2:50:00 PM,Pedestrian,1,,,,1,177 WEBSTER AVENUE,,Joseph Madeira,552,19-Jul-15,Unknown,Dry,Daylight,Clear,Other,"Yes, M/V and Driver Left Scene",No Controls,1,1,Non-Incapacitating,,41.83435,-71.41622
301745,2015-00070327,16-Jul-15,1:55:00 PM,Pedestrian,1,,,,1,193 ELMWOOD AVENUE,,Joseph Madeira,552,17-Jul-15,"Two-Way , Not Divided",Dry,Daylight,Clear,Other,No,Traffic Control Signal,3,1,Complains Of Pain,4,41.82489,-71.41943
301113,2015-00069460,13-Jul-15,8:58:00 PM,Bicycle,,1,,,1,POCASSET AVE,MAGNOLIA ST ,MICHAEL R. TROIA / TRAFFIC BUREAU,331,13-Jul-15,"Two-Way , Not Divided",Dry,Dark - Lighted,Clear,Not a Collision Between Two Motor Vehicles in Transport,"Yes, M/V and Driver Left Scene",Traffic Control Signal,1,1,Complains Of Pain,,41.81192,-71.44995
300895,2015-00068832,12-Jul-15,3:55:00 AM,Pedestrian,1,,,,1,WESTMINSTER ST,SERVICE ROAD 7 ,David Girard,690,12-Jul-15,One-Way Trafficway,Dry,Dark - Lighted,Clear,Unknown,"Yes, Driver Left Scene",Traffic Control Signal,4,2,Incapacitating,,41.81878,-71.41889
300781,2015-00068350,11-Jul-15,2:39:00 AM,Pedestrian,1,,,,1,WASHINGTON ST,DORRANCE ST ,Michael Duffy,354,11-Jul-15,One-Way Trafficway,Dry,Dark - Lighted,Clear,"Sideswipe, Same Direction","Yes, M/V and Driver Left Scene",Traffic Control Signal,1,1,Complains Of Pain,,41.82445,-71.41277
300440,2015-00067650,09-Jul-15,11:47:00 AM,Bicycle,,1,,,1,WASHINGTON ST,EXCHANGE ST ,Jose Deschamps,419,09-Jul-15,"Two-Way, Divided, Positive Median Barrier",Dry,Daylight,Clear,Other,No,No Controls,6,1,Complains Of Pain,,41.8249,-71.4121
300118,2015-00066897,07-Jul-15,11:56:00 AM,Pedestrian,1,,,,1,39 ELMER STREET,DOUGLAS AVE ,Joseph Madeira,552,07-Jul-15,One-Way Trafficway,Wet,Daylight,Clear,Other,No,No Controls,2,1,Complains Of Pain,1,41.83495,-71.41617
300169,2015-00067050,07-Jul-15,6:18:00 PM,Bicycle,,1,,,1,RANDALL SQ,RANDALL SQ ,Ptlm. Chin,516,07-Jul-15,One-Way Trafficway,Dry,Daylight,Clear,Not a Collision Between Two Motor Vehicles in Transport,"Yes, M/V and Driver Left Scene",Stop Signs,2,1,Complains Of Pain,1,41.83677,-71.40991
299972,2015-00066644,06-Jul-15,5:17:00 PM,Bicycle,,1,,,1,RIVER AVE,MOORLAND AVE ,Scott Petrocchi,146,06-Jul-15,"Two-Way , Not Divided",Dry,Daylight,Clear,Angle (Front - to - Side) Right Angle (Includes Broadside),No,Stop Signs,3,1,Non-Incapacitating,,41.83752,-71.43973
299644,2015-00065898,05-Jul-15,9:50:00 PM,Pedestrian,1,,,,1,PUBLIC ST,OCEAN ST ,Donald Castigliego,287,05-Jul-15,"Two-Way , Not Divided",Dry,Dark - Lighted,Clear,Not a Collision Between Two Motor Vehicles in Transport,"Yes, M/V and Driver Left Scene",No Controls,5,1,Incapacitating,2,41.80622,-71.41193
304343,2015-00065891,04-Jul-15,9:38:00 PM,Pedestrian,1,,,,1,DOUGLAS AVE,ADMIRAL ST ,Donald Castigliego,287,01-Aug-15,"Two-Way , Not Divided",Dry,Dark - Lighted,Clear,Not a Collision Between Two Motor Vehicles in Transport,"Yes, M/V and Driver Left Scene",No Controls,1,1,Non-Incapacitating,,41.8461,-71.42905
299497,2015-00065279,03-Jul-15,11:10:00 AM,Bicycle,,1,,,1,INDIA ST.,GANO ST.,John Sigillo,590,03-Jul-15,"Two-Way , Not Divided",Dry,Daylight,Clear,Angle (Front - to - Side) Right Angle (Includes Broadside),No,Stop Signs,6,1,Incapacitating,2,41.81865,-71.38932
299499,2015-00065374,03-Jul-15,4:15:00 PM,Pedestrian,1,,,,1,MANTON AVE,FRUIT HILL AVE ,Donald Castigliego,287,03-Jul-15,"Two-Way , Not Divided",Dry,Daylight,Clear,Not a Collision Between Two Motor Vehicles in Transport,No,Traffic Control Signal,2,0,No Injury,,41.83388,-71.46783
299525,2015-00065413,03-Jul-15,6:02:00 PM,Bicycle,,1,,,1,MESSER ST,CRANSTON ST ,Luis Pelaez,336,03-Jul-15,"Two-Way , Not Divided",Dry,Daylight,Clear,Not a Collision Between Two Motor Vehicles in Transport,"Yes, M/V and Driver Left Scene",Stop Signs,2,1,Complains Of Pain,2,41.80963,-71.43345
299395,2015-00064985,02-Jul-15,5:19:00 PM,Bicycle,,1,,,2,DEXTER ST,POTTERS AVE ,Luis Pelaez,336,02-Jul-15,"Two-Way , Not Divided",Dry,Daylight,Clear,Not a Collision Between Two Motor Vehicles in Transport,No,Stop Signs,4,0,No Injury,2,41.80249,-71.43059
299120,2015-00064497,01-Jul-15,10:57:00 AM,Bicycle,,1,,,1,ATWELLS AVE,EAGLE ST ,John Sigillo,590,01-Jul-15,"Two-Way, Divided, Positive Median Barrier",Dry,Daylight,Cloudy,Angle (Front - to - Side) Right Angle (Includes Broadside),No,Traffic Control Signal,6,1,Non-Incapacitating,,41.82446,-71.4355
298900,2015-00064079,30-Jun-15,8:35:00 AM,Bicycle,,1,,,1,POINT STREET,SOUTH MAIN STREET,Joseph Madeira,552,30-Jun-15,"Two-Way , Not Divided",Dry,Daylight,Clear,Angle (Front - to - Side) Right Angle (Includes Broadside),No,Traffic Control Signal,2,1,Complains Of Pain,4,41.83183,-71.41726
298996,2015-00064188,30-Jun-15,2:24:00 PM,Pedestrian,1,,,,1,344 Washington St,DEAN ST ,Ptlm. Chin,516,30-Jun-15,"Two-Way , Not Divided",Dry,Daylight,Clear,Not a Collision Between Two Motor Vehicles in Transport,No,No Controls,2,1,Complains Of Pain,,41.81913,-71.42064
298773,2015-00063743,29-Jun-15,10:16:00 AM,Bicycle,,1,,,1,BROAD STREET,ALDRICH AVENUE,Joseph Madeira,552,29-Jun-15,"Two-Way , Not Divided",Dry,Daylight,Clear,Other,No,Stop Signs,2,1,Complains Of Pain,2,41.83296,-71.41682
298838,2015-00063903,29-Jun-15,5:50:00 PM,Pedestrian,1,,,,1,Union Ave,WEBSTER AVE ,Robert Foley,242,29-Jun-15,"Two-Way , Not Divided",Dry,Daylight,Clear,Not a Collision Between Two Motor Vehicles in Transport,No,No Controls,3,1,Complains Of Pain,,41.80683,-71.44755
298518,2015-00063366,28-Jun-15,2:26:00 AM,Pedestrian,1,,,,1,115 Harris Ave,HARRIS AVE EXIT 22C ,Kyle Richards,209,28-Jun-15,"Two-Way, Divided, Unprotected (painted>4feet) Medium",Wet,Dark - Lighted,Rain,Not a Collision Between Two Motor Vehicles in Transport,"Yes, M/V and Driver Left Scene",No Controls,1,1,Non-Incapacitating,,41.82704,-71.42376
298108,2015-00062225,25-Jun-15,11:23:00 AM,Bicycle,,1,,,1,WESTMINISTER STREET,,Joseph Madeira,552,25-Jun-15,"Two-Way , Not Divided",Dry,Daylight,Clear,Other,"Yes, M/V and Driver Left Scene",No Controls,1,0,No Injury,2,41.83651,-71.4149
298150,2015-00062358,25-Jun-15,5:15:00 PM,Bicycle,,1,,,1,69 Capron St,JULIAN ST ,Ptlm. Chin,516,25-Jun-15,"Two-Way , Not Divided",Dry,Daylight,Clear,Not a Collision Between Two Motor Vehicles in Transport,No,No Controls,4,1,Complains Of Pain,2,41.82014,-71.44537
297614,2015-00061083,22-Jun-15,11:06:00 AM,Pedestrian,1,,,,1,EDDY STREET,APPLEGATE LANE,Joseph Madeira,552,22-Jun-15,"Two-Way , Not Divided",Dry,Daylight,Clear,Other,No,No Controls,5,1,Complains Of Pain,2,41.83413,-71.4166
297365,2015-00060378,20-Jun-15,1:24:00 PM,Pedestrian,1,,,,1,ACADEMY AVE,CHALKSTONE AVE ,Erik Breault,226,20-Jun-15,"Two-Way, Divided, Unprotected (painted>4feet) Medium",Dry,Daylight,Clear,Not a Collision Between Two Motor Vehicles in Transport,No,Traffic Control Signal,2,1,Incapacitating,,41.8324,-71.44452
297270,2015-00060044,19-Jun-15,9:13:00 PM,Bicycle,,1,,,1,79 Elmwood Ave,ELMWOOD AVE ,Ptlm. Chin,516,19-Jun-15,"Two-Way , Not Divided",Dry,Dark - Lighted,Clear,Not a Collision Between Two Motor Vehicles in Transport,"Yes, M/V and Driver Left Scene",Traffic Control Signal,3,1,Complains Of Pain,2,41.80981,-71.4241
297045,2015-00059579,18-Jun-15,5:59:00 PM,Pedestrian,1,,,,1,HAWKINS ST,BRANCH AVE ,Vincent Pazzetta,641,18-Jun-15,"Two-Way , Not Divided",Dry,Daylight,Clear,Not a Collision Between Two Motor Vehicles in Transport,"Yes, M/V and Driver Left Scene",No Controls,1,1,Incapacitating,,41.85065,-71.42217
296896,2015-00059147,17-Jun-15,2:59:00 PM,Bicycle,,1,,,1,JILLSON ST,EDDY ST ,MICHAEL R. TROIA / TRAFFIC BUREAU,331,17-Jun-15,"Two-Way , Not Divided",Dry,Daylight,Clear,Not a Collision Between Two Motor Vehicles in Transport,No,Stop Signs,2,1,Complains Of Pain,2,41.7914,-71.40344
296702,2015-00058770,16-Jun-15,4:19:00 PM,Pedestrian,1,,,,1,499 PLAINFIELD ST,,MICHAEL R. TROIA / TRAFFIC BUREAU,331,16-Jun-15,"Two-Way , Not Divided",Dry,Daylight,Cloudy,Not a Collision Between Two Motor Vehicles in Transport,No,No Controls,2,1,Complains Of Pain,2,41.81326,-71.45502
296732,2015-00058739,16-Jun-15,2:48:00 PM,Bicycle,,1,,,1,North Main St,N MAIN ST ,Noel Field,260,16-Jun-15,"Two-Way, Divided, Positive Median Barrier",Dry,Daylight,Cloudy,Not a Collision Between Two Motor Vehicles in Transport,No,No Controls,4,0,No Injury,4,41.83659,-71.40961
296598,2015-00058529,15-Jun-15,7:20:00 PM,Pedestrian,1,,,,1,EDDY ST,RHODES ST ,Donald Castigliego,287,15-Jun-15,"Two-Way , Not Divided",Wet,Daylight,Rain,Not a Collision Between Two Motor Vehicles in Transport,"Yes, M/V and Driver Left Scene",Pavement Markings,1,0,No Injury,2,41.80821,-71.40724
296247,2015-00057488,13-Jun-15,7:29:00 AM,Bicycle,,1,,,1,WESTMINISTER STREET,DEAN STREET,Joseph Madeira,552,13-Jun-15,"Two-Way , Not Divided",Dry,Daylight,Clear,Other,No,Traffic Control Signal,3,1,Non-Incapacitating,2,41.83651,-71.4149
296220,2015-00057293,12-Jun-15,8:38:00 PM,Bicycle,,1,,,1,Appleton St,DELAINE ST ,Robert Heaton,539,13-Jun-15,"Two-Way , Not Divided",Dry,Dark - Lighted,Clear,Other,"Yes, M/V and Driver Left Scene",No Controls,2,1,Non-Incapacitating,2,41.81916,-71.44299
295741,2015-00056248,10-Jun-15,5:49:00 AM,Bicycle,,1,,,1,GASPEE ST,FRANCIS ST ,Robert Savage,238,10-Jun-15,"Two-Way, Divided, Unprotected (painted>4feet) Medium",Dry,Dawn,Clear,Not a Collision Between Two Motor Vehicles in Transport,"Yes, M/V and Driver Left Scene",Traffic Control Signal,2,1,Complains Of Pain,,41.82915,-71.41485
295789,2015-00056285,10-Jun-15,9:18:00 AM,Pedestrian,1,,,,1,530 NORTH MAIN STREET,,Joseph Madeira,552,10-Jun-15,"Two-Way, Divided, Positive Median Barrier",Dry,Daylight,Clear,Other,No,No Controls,2,1,Complains Of Pain,4,41.83651,-71.4149
295641,2015-00055913,09-Jun-15,8:46:00 AM,Pedestrian,1,,,,1,25 BRAMAN ST,MORRIS AVE ,Jose Deschamps,419,09-Jun-15,"Two-Way , Not Divided",Dry,Daylight,Clear,Not a Collision Between Two Motor Vehicles in Transport,No,No Controls,2,1,Complains Of Pain,,41.84623,-71.39533
295540,2015-00055703,08-Jun-15,3:02:00 PM,Bicycle,,1,,,1,MEDWAY ST,GANO ST ,Donald Castigliego,287,08-Jun-15,"Two-Way , Not Divided",Dry,Daylight,Cloudy,Not a Collision Between Two Motor Vehicles in Transport,No,Stop Signs,3,1,Non-Incapacitating,,41.82887,-71.39087
295894,2015-00054996,06-Jun-15,9:23:00 PM,Pedestrian,1,,,,1,Florence St,MANTON AVE ,Juan Rodrigues,194,10-Jun-15,One-Way Trafficway,Dry,Dark - Lighted,Clear,Not a Collision Between Two Motor Vehicles in Transport,"Yes, M/V and Driver Left Scene",No Controls,1,1,Non-Incapacitating,,41.82027,-71.44695
294848,2015-00054018,04-Jun-15,7:48:00 AM,Pedestrian,1,,,,1,PRAIRIE AVE,THURBERS AVE ,Jose Deschamps,419,04-Jun-15,"Two-Way, Divided, Unprotected (painted>4feet) Medium",Dry,Daylight,Clear,Not a Collision Between Two Motor Vehicles in Transport,No,No Controls,6,1,Incapacitating,,41.79847,-71.41179
294881,2015-00054095,04-Jun-15,12:28:00 PM,Pedestrian,1,,,,1,WESTMINSTER ST,COLLEGE ST ,Jose Deschamps,419,04-Jun-15,"Two-Way, Divided, Unprotected (painted>4feet) Medium",Dry,Daylight,Clear,Not a Collision Between Two Motor Vehicles in Transport,No,No Controls,4,1,Incapacitating,,41.82529,-71.40895
294895,2015-00054142,04-Jun-15,3:35:00 PM,Pedestrian,1,,,,1,VERMONT AVE,VIRGINIA AVE ,Daryl Pfeiffer,241,04-Jun-15,"Two-Way , Not Divided",Dry,Daylight,Clear,Not a Collision Between Two Motor Vehicles in Transport,"Yes, M/V and Driver Left Scene",No Controls,1,1,Complains Of Pain,,41.78876,-71.39591
294653,2015-00053435,02-Jun-15,11:23:00 AM,Pedestrian,1,,,,1,BROAD ST,BROAD ST ,Michael Cileli,567,02-Jun-15,"Two-Way , Not Divided",Wet,Daylight,Rain,Not a Collision Between Two Motor Vehicles in Transport,No,No Controls,3,1,Complains Of Pain,,41.78612,-71.40179
294183,2015-00052446,30-May-15,4:40:00 PM,Bicycle,,1,,,1,DOUGLAS AVE,GODDARD ST ,Donald Castigliego,287,30-May-15,"Two-Way , Not Divided",Dry,Daylight,Clear,Not a Collision Between Two Motor Vehicles in Transport,"Yes, M/V and Driver Left Scene",No Controls,2,1,Complains Of Pain,2,41.83513,-71.41736
293911,2015-00051683,28-May-15,7:35:00 PM,Pedestrian,1,,,,1,Eddy Street,ERNEST ST ,Daryl Pfeiffer,241,28-May-15,"Two-Way , Not Divided",Dry,Daylight,Clear,Not a Collision Between Two Motor Vehicles in Transport,"Yes, M/V and Driver Left Scene",Traffic Control Signal,1,1,Complains Of Pain,,41.79512,-71.40451
293763,2015-00051100,27-May-15,8:54:00 AM,Pedestrian,1,,,,1,6 GALLUP ST,BURNSIDE ST ,Jose Deschamps,419,27-May-15,"Two-Way , Not Divided",Dry,Daylight,Clear,Not a Collision Between Two Motor Vehicles in Transport,"Yes, M/V and Driver Left Scene",No Controls,2,1,Complains Of Pain,,41.80039,-71.41057
293789,2015-00051216,27-May-15,2:12:00 PM,Bicycle,,1,,,1,601 N. MAIN ST,N MAIN ST ,Jose Deschamps,419,27-May-15,"Two-Way, Divided, Positive Median Barrier",Dry,Daylight,Clear,Not a Collision Between Two Motor Vehicles in Transport,"Yes, M/V and Driver Left Scene",No Controls,1,1,Complains Of Pain,,41.83717,-71.40948
293383,2015-00050180,24-May-15,8:26:00 PM,Pedestrian,1,,,,1,PEMBROKE AVE,CHAD BROWN ST ,Adam Chin,289,24-May-15,"Two-Way , Not Divided",Dry,Dark - Lighted,Clear,Other,No,No Controls,2,1,Complains Of Pain,,41.83909,-71.43026
293386,2015-00050159,24-May-15,7:34:00 PM,Pedestrian,1,,,,1,680 Admiral Street,,Donald Castigliego,287,24-May-15,Unknown,Dry,Dark - Lighted,Clear,Not a Collision Between Two Motor Vehicles in Transport,No,No Controls,3,1,Incapacitating,,41.84927,-71.43911
293229,2015-00049606,23-May-15,11:28:00 AM,Bicycle,,1,,,1,HARTFORD AVE,ALVERSON AVE,Jose Deschamps,419,23-May-15,"Two-Way , Not Divided",Dry,Daylight,Clear,Not a Collision Between Two Motor Vehicles in Transport,No,No Controls,3,1,Complains Of Pain,,41.81877,-71.46008
293269,2015-00049720,23-May-15,4:53:00 PM,Bicycle,,1,,,1,ALLENS AVE,Bay Street,Donald Castigliego,287,23-May-15,"Two-Way , Not Divided",Dry,Daylight,Clear,Not a Collision Between Two Motor Vehicles in Transport,"Yes, M/V and Driver Left Scene",No Controls,1,1,Non-Incapacitating,,41.8061,-71.40277
293130,2015-00049324,22-May-15,6:00:00 PM,Bicycle,,1,,,1,Detroit Avenue,Broad Street,Donald Castigliego,287,22-May-15,"Two-Way , Not Divided",Dry,Daylight,Clear,Not a Collision Between Two Motor Vehicles in Transport,No,No Controls,2,1,Non-Incapacitating,,41.79438,-71.40995
293136,2015-00049069,22-May-15,12:51:00 AM,Bicycle,,1,,,1,Atwells Ave,,Michael Clary,269,22-May-15,"Two-Way , Not Divided",Dry,Dark - Lighted,Clear,Not a Collision Between Two Motor Vehicles in Transport,"Yes, M/V and Driver Left Scene",No Controls,1,1,Complains Of Pain,,41.8233,-71.42276
292816,2015-00048804,21-May-15,10:35:00 AM,Pedestrian,1,,,,1,DORRANCE ST,EXCHANGE TER ,Fernando Lopez,156,21-May-15,One-Way Trafficway,Dry,Daylight,Clear,Not a Collision Between Two Motor Vehicles in Transport,"Yes, M/V and Driver Left Scene",No Controls,2,1,Complains Of Pain,,41.82471,-71.41351
292845,2015-00048784,21-May-15,9:08:00 AM,Bicycle,,1,,,1,325 WASHINGTON ST,DEAN ST ,Jose Deschamps,419,21-May-15,"Two-Way, Divided, Unprotected (painted>4feet) Medium",Dry,Daylight,Clear,Not a Collision Between Two Motor Vehicles in Transport,No,No Controls,3,0,No Injury,,41.81917,-71.42058
292707,2015-00048519,20-May-15,2:40:00 PM,Pedestrian,1,,,,1,112 DORA ST,WEBSTER AVE ,D. Hull 598 CAR-151,598,20-May-15,"Two-Way, Divided, Unprotected (painted>4feet) Medium",Dry,Daylight,Clear,Not a Collision Between Two Motor Vehicles in Transport,"Yes, M/V and Driver Left Scene",No Controls,1,1,Complains Of Pain,2,41.8081,-71.44815
292730,2015-00048562,20-May-15,4:26:00 PM,Pedestrian,1,,,,1,343 BROAD ST,,Joseph Amoroso,613,20-May-15,"Two-Way, Divided, Positive Median Barrier",Dry,Daylight,Clear,Not a Collision Between Two Motor Vehicles in Transport,No,No Controls,7,1,Incapacitating,2,41.81398,-71.4214
293337,2015-00048513,20-May-15,2:30:00 PM,Bicycle,,1,,,1,POINT ST,S WATER ST ,Gary Slater,365,24-May-15,One-Way Trafficway,Dry,Daylight,Clear,Not a Collision Between Two Motor Vehicles in Transport,No,Stop Signs,2,1,Non-Incapacitating,,41.81874,-71.40185
292615,2015-00048294,19-May-15,4:30:00 PM,Pedestrian,1,,,,1,PLAINFIELD ST,MERINO ST,MICHAEL R. TROIA / TRAFFIC BUREAU,331,19-May-15,"Two-Way , Not Divided",Dry,Daylight,Clear,Not a Collision Between Two Motor Vehicles in Transport,"Yes, M/V and Driver Left Scene",No Controls,2,1,Complains Of Pain,2,41.80904,-71.463
292340,2015-00047785,18-May-15,3:39:00 PM,Bicycle,,1,,,1,WICKENDEN ST,BROOK ST ,Donald Castigliego,287,18-May-15,"Two-Way , Not Divided",Dry,Daylight,Clear,Not a Collision Between Two Motor Vehicles in Transport,No,Traffic Control Signal,3,1,Incapacitating,,41.81948,-71.39826
292159,2015-00047101,17-May-15,12:11:00 AM,Pedestrian,1,,,,1,UNION AVE,ALTHEA ST ,Isaiah Nerney,15636,17-May-15,"Two-Way , Not Divided",Dry,Dark - Lighted,Clear,Not a Collision Between Two Motor Vehicles in Transport,No,No Controls,2,1,Non-Incapacitating,,41.80932,-71.43829
292208,2015-00047017,16-May-15,8:56:00 PM,Pedestrian,1,,,,1,WATERMAN ST,BROWN ST ,Donald Castigliego,287,17-May-15,"Two-Way , Not Divided",Dry,Daylight,Clear,Not a Collision Between Two Motor Vehicles in Transport,No,Stop Signs,2,1,Complains Of Pain,,41.82705,-71.40304
291766,2015-00046037,14-May-15,10:27:00 AM,Pedestrian,1,,,,1,70 KENNEDY PLZ,ARCADE ST ,Fernando Lopez,156,14-May-15,One-Way Trafficway,Dry,Daylight,Clear,Not a Collision Between Two Motor Vehicles in Transport,No,No Controls,4,1,Complains Of Pain,,41.82455,-71.41181
291793,2015-00046106,14-May-15,2:17:00 PM,Bicycle,,1,,,1,Dorrance St,WEYBOSSET ST ,John Henderson,148,14-May-15,"Two-Way , Not Divided",Dry,Daylight,Clear,Other,No,Traffic Control Signal,3,1,Complains Of Pain,,41.82301,-71.41093
291820,2015-00046204,14-May-15,4:46:00 PM,Pedestrian,1,,,,1,BRANCH AVE,EXIT 24 ,MICHAEL R. TROIA / TRAFFIC BUREAU,331,14-May-15,"Two-Way , Not Divided",Dry,Daylight,Clear,Not a Collision Between Two Motor Vehicles in Transport,"Yes, M/V and Driver Left Scene",Stop Signs,1,1,Complains Of Pain,,41.84629,-71.41157
291700,2015-00045808,13-May-15,4:02:00 PM,Pedestrian,1,,,,1,ACADEMY AVE,WABUN AVE ,Brian Murphy,231,13-May-15,"Two-Way , Not Divided",Dry,Daylight,Clear,Not a Collision Between Two Motor Vehicles in Transport,"Yes, M/V and Driver Left Scene",No Controls,1,1,Complains Of Pain,,41.84033,-71.44502
290666,2015-00043815,08-May-15,4:21:00 PM,Bicycle,,1,,,1,71 ANDEM ST,CANTON ST ,Trent Hastings,326,08-May-15,"Two-Way , Not Divided",Dry,Daylight,Clear,Not a Collision Between Two Motor Vehicles in Transport,No,No Controls,2,1,Complains Of Pain,,41.83055,-71.44263
290411,2015-00043271,07-May-15,9:19:00 AM,Pedestrian,1,,,,1,593 EDDY STREET,,Joseph Madeira,552,07-May-15,One-Way Trafficway,Dry,Daylight,Clear,Unknown,No,No Controls,3,1,Complains Of Pain,,41.83484,-71.41659
290285,2015-00042981,06-May-15,1:40:00 PM,Bicycle,,1,,,1,GANO STREET,EAST TRANSIT STREET,Joseph Madeira,552,06-May-15,"Two-Way , Not Divided",Dry,Daylight,Clear,Angle (Front - to - Side) Right Angle (Includes Broadside),No,No Controls,2,1,Non-Incapacitating,,41.83685,-71.41446
290303,2015-00042990,06-May-15,2:51:00 PM,Pedestrian,1,,,,1,DOYLE AVE,HOPE ST ,Donald Castigliego,287,06-May-15,"Two-Way , Not Divided",Dry,Daylight,Clear,Not a Collision Between Two Motor Vehicles in Transport,No,No Controls,2,1,Complains Of Pain,2,41.83877,-71.40046
290325,2015-00043068,06-May-15,5:46:00 PM,Pedestrian,1,,,,1,EXCHANGE TER,EXCHANGE ST ,Christopher Benoit,206,06-May-15,"Two-Way , Not Divided",Dry,Daylight,Clear,Not a Collision Between Two Motor Vehicles in Transport,No,Traffic Control Signal,4,1,Complains Of Pain,3,41.82608,-71.41167
290118,2015-00042464,05-May-15,7:40:00 AM,Pedestrian,1,,,,1,279 D CHAD BROWN STREET,,Joseph Madeira,552,05-May-15,"Two-Way , Not Divided",Dry,Daylight,Clear,Unknown,"Yes, M/V and Driver Left Scene",No Controls,2,1,Complains Of Pain,2,41.83618,-71.41545
290165,2015-00042535,05-May-15,12:15:00 PM,Bicycle,,,,,2,245 WATERMAN ST,COOKE ST ,Roland Reed,505,05-May-15,One-Way Trafficway,Dry,Daylight,Clear,Rear End(Front-to-Rear),"Yes, M/V and Driver Left Scene",No Controls,2,0,No Injury,,41.82761,-71.39556
290208,2015-00042591,05-May-15,2:31:00 PM,Pedestrian,1,,,,1,ATWELLS AVE,DE PASQUALE AVE ,Thomas Connetta,374,05-May-15,"Two-Way , Not Divided",Dry,Daylight,Clear,Not a Collision Between Two Motor Vehicles in Transport,No,Traffic Control Signal,6,1,Non-Incapacitating,,41.82359,-71.42694
290037,2015-00042258,04-May-15,4:39:00 PM,Pedestrian,1,,,,1,ONTARIO ST,NIAGARA ST ,Jared Stanzione,193,04-May-15,"Two-Way , Not Divided",Dry,Daylight,Clear,Not a Collision Between Two Motor Vehicles in Transport,No,No Controls,3,1,Complains Of Pain,,41.80041,-71.41774
289877,2015-00041860,03-May-15,12:14:00 PM,Pedestrian,1,,,,1,OPPER ST,BRANCH AVE ,Fernando Lopez,156,03-May-15,"Two-Way , Not Divided",Dry,Daylight,Clear,Not a Collision Between Two Motor Vehicles in Transport,No,No Controls,3,1,Complains Of Pain,,41.85181,-71.42329
289931,2015-00041998,03-May-15,8:17:00 PM,Pedestrian,1,,,,1,Union Ave,Laurel Hill Ave,Michael Clary,269,04-May-15,"Two-Way , Not Divided",Dry,Dark - Lighted,Clear,Not a Collision Between Two Motor Vehicles in Transport,"Yes, M/V and Driver Left Scene",Stop Signs,2,1,Complains Of Pain,,41.80626,-71.45236
289688,2015-00041526,02-May-15,1:53:00 PM,Pedestrian,1,,,,1,1075 N MAIN ST,,Fernando Lopez,156,02-May-15,Unknown,Dry,Daylight,Clear,Not a Collision Between Two Motor Vehicles in Transport,No,No Controls,2,1,Complains Of Pain,,41.84979,-71.40314
289689,2015-00041535,02-May-15,2:46:00 PM,Bicycle,,1,,,1,WASHINGTON ST,SERVICE ROAD 8 ,Fernando Lopez,156,02-May-15,"Two-Way , Not Divided",Dry,Daylight,Clear,Not a Collision Between Two Motor Vehicles in Transport,No,No Controls,2,1,Complains Of Pain,,41.82031,-71.41868