CrashReportId,ReportNumber,CrashDate,CrashTime,Collision Type,CountPedestrian,CountBicycle,Scooter,Wheel Chair,NumberofVehicles,StreetOrHighway,NearestIntersection,Officer,Badge,ReportDate,TypeOfRoadway,RoadSurfaceCondition,LightCondition,WeatherCondition,MannerofImpact,HitAndRun,TrafficControl,PersonCount,InjuryCount,MostSeriousInjury,NumberOfLanes,Latitude,Longitude
250958,2014-00088999,07-Sep-14,2:33:00 AM,Pedestrian,1,,,,1,WEYBOSSET ST,EDDY ST ,Noel Field,260,07-Sep-14,"Two-Way , Not Divided",Wet,Dark - Lighted,Rain,Not a Collision Between Two Motor Vehicles in Transport,"Yes, M/V and Driver Left Scene",Pavement Markings,2,1,Complains Of Pain,,41.8227,-71.41138
250925,2014-00088753,06-Sep-14,5:24:00 PM,Pedestrian,1,,,,1,420 Charles St,LOMBARDI ST ,Ptlm. Chin,516,06-Sep-14,"Two-Way , Not Divided",Dry,Daylight,Clear,Not a Collision Between Two Motor Vehicles in Transport,No,Pavement Markings,4,1,Complains Of Pain,2,41.84674,-71.41931
250586,2014-00087720,04-Sep-14,9:05:00 AM,Pedestrian,1,,,,1,Memorial Blvd,EXCHANGE ST ,Edwin Kemble,364,04-Sep-14,"Two-Way, Divided, Positive Median Barrier",Dry,Daylight,Clear,"Sideswipe, Same Direction","Yes, M/V and Driver Left Scene",Traffic Control Signal,1,1,Complains Of Pain,,41.8268,-71.41212
250607,2014-00087733,04-Sep-14,10:09:00 AM,Bicycle,,1,,,1,BROAD STREET,PUBLIC STREET,Joseph Madeira,552,04-Sep-14,"Two-Way , Not Divided",Dry,Daylight,Clear,Other,No,Traffic Control Signal,3,1,Non-Incapacitating,2,41.83349,-71.41682
250645,2014-00087851,04-Sep-14,4:20:00 PM,Other,,,,X,1,BROAD ST,CLAVERICK ST ,Ralph Abenante,511,04-Sep-14,One-Way Trafficway,Dry,Daylight,Clear,Rear End(Front-to-Rear),"Yes, M/V and Driver Left Scene",Other,3,0,No Injury,,41.81938,-71.41493
250649,2014-00087862,04-Sep-14,4:42:00 PM,Bicycle,,1,,,1,100 Atwells Ave,EXIT 21  (RT ),Ptlm. Chin,516,04-Sep-14,"Two-Way , Not Divided",Dry,Daylight,Clear,Not a Collision Between Two Motor Vehicles in Transport,No,No Controls,2,0,No Injury,2,41.82319,-71.42117
250651,2014-00087900,04-Sep-14,4:20:00 PM,Bicycle,,1,,,1,SMITH ST,CHALKSTONE AVE ,Thomas Rose,465,04-Sep-14,"Two-Way , Not Divided",Dry,Daylight,Clear,Angle (Front - to - Side) Right Angle (Includes Broadside),"Yes, M/V and Driver Left Scene",No Controls,1,1,Non-Incapacitating,,41.83521,-71.42564
250668,2014-00087883,04-Sep-14,5:26:00 PM,Bicycle,,1,,,1,Broad St,PENNSYLVANIA AVE ,Ptlm. Chin,516,04-Sep-14,One-Way Trafficway,Dry,Daylight,Clear,Not a Collision Between Two Motor Vehicles in Transport,No,No Controls,2,0,No Injury,1,41.79744,-71.41373
250389,2014-00087045,02-Sep-14,11:01:00 AM,Pedestrian,1,,,,1,CORLISS ST,INDUSTRIAL DR ,Peter Conley,571,02-Sep-14,Unknown,Dry,Daylight,Clear,Other,No,No Controls,3,1,Complains Of Pain,,41.84147,-71.41231
250177,2014-00086205,31-Aug-14,1:37:00 AM,Pedestrian,1,,,,1,331 Douglas Ave,Pumgansett Ave,Michael Clary,269,31-Aug-14,"Two-Way , Not Divided",Dry,Dark - Lighted,Clear,Not a Collision Between Two Motor Vehicles in Transport,"Yes, M/V and Driver Left Scene",No Controls,2,1,Fatal,,41.83987,-71.42639
250096,2014-00085464,29-Aug-14,2:30:00 PM,Bicycle,,1,,,1,BROAD ST,ALDRICH ST ,MICHAEL R. TROIA / TRAFIC BUREAU,331,29-Aug-14,"Two-Way , Not Divided",Dry,Daylight,Clear,Not a Collision Between Two Motor Vehicles in Transport,"Yes, M/V and Driver Left Scene",Stop Signs,1,1,Complains Of Pain,,41.79362,-71.40898
250012,2014-00084970,28-Aug-14,8:00:00 AM,Bicycle,,1,,,1,80 WASHINGTON STREET,I 95 S ,Joseph Madeira,552,28-Aug-14,"Two-Way , Not Divided",Dry,Daylight,Clear,Other,No,No Controls,2,1,Non-Incapacitating,2,41.83618,-71.41545
250029,2014-00085111,28-Aug-14,4:27:00 PM,Bicycle,,1,,,1,JASTRAM ST,EATON ST ,Patrolman D. Hull,598,28-Aug-14,"Two-Way, Divided, Unprotected (painted>4feet) Medium",Dry,Daylight,Clear,Angle (Front - to - Side) Right Angle (Includes Broadside),"Yes, M/V and Driver Left Scene",Stop Signs,3,1,Complains Of Pain,,41.84341,-71.44338
250034,2014-00085093,28-Aug-14,3:26:00 PM,Bicycle,,1,,,1,MELROSE ST,CADILLAC DR ,John Benros,481,28-Aug-14,"Two-Way , Not Divided",Dry,Daylight,Clear,"Sideswipe, Same Direction",No,No Controls,2,1,Complains Of Pain,,41.79036,-71.41842
249914,2014-00084290,26-Aug-14,9:20:00 AM,Pedestrian,1,,,,1,65 GILLEN ST,,Joseph Madeira,552,26-Aug-14,Unknown,Dry,Daylight,Clear,Not a Collision Between Two Motor Vehicles in Transport,No,No Controls,2,0,No Injury,,41.85282,-71.41938
249978,2014-00084498,26-Aug-14,8:09:00 PM,Bicycle,,1,,,1,Broadway,KNIGHT ST ,Robert Heaton,539,27-Aug-14,"Two-Way , Not Divided",Dry,Dark - Lighted,Cloudy,Other,No,No Controls,2,1,Complains Of Pain,2,41.8197,-71.42978
249743,2014-00083923,25-Aug-14,9:25:00 AM,Pedestrian,1,,,,1,206 ELMWOOD AVE,ELMWOOD AVE ,Joseph Amoroso,613,25-Aug-14,"Two-Way , Not Divided",Dry,Daylight,Clear,Not a Collision Between Two Motor Vehicles in Transport,"Yes, M/V and Driver Left Scene",No Controls,3,1,Non-Incapacitating,,41.80779,-71.42478
249685,2014-00083428,24-Aug-14,11:15:00 PM,Bicycle,,1,,,1,PRAIRIE AVE,POTTERS AVE ,Francisco Colon,265,24-Aug-14,"Two-Way , Not Divided",Dry,Dark - Lighted,Clear,Not a Collision Between Two Motor Vehicles in Transport,No,Stop Signs,2,1,Complains Of Pain,,41.80388,-71.41411
249615,2014-00083111,23-Aug-14,8:40:00 AM,Bicycle,,1,,,1,ELMWOOD AVENUE,EARL STREET,Joseph Madeira,552,23-Aug-14,"Two-Way , Not Divided",Dry,Daylight,Clear,Unknown,No,Stop Signs,3,1,Complains Of Pain,4,41.83616,-71.41597
249650,2014-00082930,22-Aug-14,9:54:00 PM,Pedestrian,2,,,,1,CRANSTON ST,HANOVER ST ,Luis Pelaez,336,23-Aug-14,"Two-Way , Not Divided",Dry,Dark - Lighted,Clear,Not a Collision Between Two Motor Vehicles in Transport,"Yes, M/V and Driver Left Scene",No Controls,3,2,Complains Of Pain,2,41.80927,-71.43373
249476,2014-00082403,21-Aug-14,3:21:00 PM,Pedestrian,1,,,,1,Francis St,MEMORIAL BLVD ,Robert Heaton,539,21-Aug-14,"Two-Way , Not Divided",Dry,Daylight,Cloudy,Other,"Yes, M/V and Driver Left Scene",Traffic Control Signal,3,1,Complains Of Pain,5,41.82602,-71.4154
249365,2014-00081952,20-Aug-14,9:24:00 AM,Bicycle,,1,,,1,BROAD ST,PORTLAND ST ,Jose Deschamps,419,20-Aug-14,"Two-Way , Not Divided",Dry,Daylight,Clear,Other,No,No Controls,2,2,Complains Of Pain,,41.81415,-71.4213
249267,2014-00081281,18-Aug-14,11:34:00 AM,Pedestrian,1,,,,1,SOCIAL ST,RUSSO ST ,Jessica Leone,258,18-Aug-14,"Two-Way , Not Divided",Dry,Daylight,Clear,Not a Collision Between Two Motor Vehicles in Transport,"Yes, M/V and Driver Left Scene",No Controls,1,1,Complains Of Pain,,41.85395,-71.42059
249282,2014-00081395,18-Aug-14,4:56:00 PM,Bicycle,,1,,,1,REDWING ST,ELMWOOD AVE ,OR PROCTOR ,627,18-Aug-14,One-Way Trafficway,Dry,Daylight,Clear,Not a Collision Between Two Motor Vehicles in Transport,No,Stop Signs,3,0,No Injury,,41.79938,-71.42656
249074,2014-00080512,16-Aug-14,4:28:00 PM,Pedestrian,1,,,,1,MARINO PARK,HARTFORD AVE ,Patrolman D. Hull,598,16-Aug-14,"Two-Way , Not Divided",Dry,Daylight,Clear,Not a Collision Between Two Motor Vehicles in Transport,No,No Controls,3,1,Complains Of Pain,1,41.81724,-71.44963
248994,2014-00080152,15-Aug-14,6:09:00 AM,Bicycle,,1,,,1,910 Atwells Ave,COVELL ST ,Jason Andrade,200,15-Aug-14,"Two-Way, Divided, Positive Median Barrier",Dry,Daylight,Clear,Head-On (Front - to - Front),No,No Controls,5,1,Incapacitating,,41.82501,-71.44752
248835,2014-00079825,14-Aug-14,8:48:00 PM,Bicycle,,1,,,1,WASHINGTON ST ,ABORN ST ,Miguel Mena-Torres,493,14-Aug-14,"Two-Way , Not Divided",Dry,Dark - Lighted,Clear,Not a Collision Between Two Motor Vehicles in Transport,No,No Controls,3,1,Complains Of Pain,,41.82221,-71.41591
247437,2014-00078636,11-Aug-14,10:08:00 AM,Bicycle,,1,,,1,GILMORE STREET,LESTER STREET,Joseph Madeira,552,11-Aug-14,"Two-Way , Not Divided",Dry,Daylight,Clear,Other,No,Stop Signs,2,0,No Injury,2,41.83886,-71.41697
247562,2014-00078801,11-Aug-14,7:42:00 PM,Bicycle,,1,,,1,BUCKLIN ST,POTTERS AVE ,Ptlm. Chin,516,11-Aug-14,"Two-Way , Not Divided",Dry,Daylight,Clear,Not a Collision Between Two Motor Vehicles in Transport,No,Traffic Control Signal,4,1,Complains Of Pain,2,41.80175,-71.42765
247963,2014-00077859,09-Aug-14,3:25:00 PM,Pedestrian,1,,,,1,MEMORIAL BLVD,EXCHANGE TER ,KEN MATSUMOTO,348,12-Aug-14,"Two-Way , Not Divided",Dry,Daylight,Clear,Not a Collision Between Two Motor Vehicles in Transport,No,Traffic Control Signal,3,1,Complains Of Pain,,41.82665,-71.41063
249311,2014-00077061,07-Aug-14,3:53:00 PM,Bicycle,,1,,,1,LENOX AVE,NIAGARA ST ,Joshua Greeno,179,07-Aug-14,"Two-Way , Not Divided",Dry,Daylight,Clear,Not a Collision Between Two Motor Vehicles in Transport,No,No Controls,2,1,Complains Of Pain,2,41.79726,-71.41813
246549,2014-00076698,06-Aug-14,3:43:00 PM,Pedestrian,1,,,,1,160 Ledge St,HAMPTON ST ,Ptlm. Chin,516,06-Aug-14,"Two-Way , Not Divided",Dry,Daylight,Clear,Not a Collision Between Two Motor Vehicles in Transport,"Yes, M/V and Driver Left Scene",No Controls,1,1,Complains Of Pain,2,41.85353,-71.41449
246576,2014-00076762,06-Aug-14,6:34:00 PM,Pedestrian,1,,,,1,LLOYD AVE,HOPE ST ,Ptlm. Chin,516,06-Aug-14,"Two-Way , Not Divided",Dry,Daylight,Clear,Not a Collision Between Two Motor Vehicles in Transport,No,Pavement Markings,4,0,No Injury,2,41.83155,-71.39975
246597,2014-00076764,06-Aug-14,6:39:00 PM,Pedestrian,1,,,,1,Memorial Blvd,EXCHANGE ST ,Ptlm. Chin,516,06-Aug-14,"Two-Way, Divided, Positive Median Barrier",Dry,Daylight,Clear,Not a Collision Between Two Motor Vehicles in Transport,No,Traffic Control Signal,2,1,Complains Of Pain,4,41.8269,-71.41213
246634,2014-00076758,06-Aug-14,6:11:00 PM,Bicycle,,1,,,1,BRANCH AVE,DRYDEN LN ,Shawn Kennedy,547,07-Aug-14,"Two-Way , Not Divided",Dry,Daylight,Clear,"Sidwswipe, Opposite Direction",No,No Controls,3,0,Unknown,,41.84257,-71.40832
248384,2014-00076627,06-Aug-14,12:35:00 PM,Bicycle,,1,,,1,S MAIN ST,S MAIN ST ,Joseph Amoroso,613,13-Aug-14,One-Way Trafficway,Dry,Daylight,Clear,Not a Collision Between Two Motor Vehicles in Transport,No,No Controls,2,1,Non-Incapacitating,,41.8237,-71.40636
246030,2014-00076197,05-Aug-14,4:52:00 AM,Bicycle,,1,,,1,Benefit Street,N MAIN ST ,Donald Castigliego,287,05-Aug-14,One-Way Trafficway,Dry,Dawn,Clear,Not a Collision Between Two Motor Vehicles in Transport,No,Other,2,1,Complains Of Pain,,41.83471,-71.40983
246104,2014-00075876,04-Aug-14,11:35:00 AM,Bicycle,,1,,,1,1955 WESTMINISTER STREET,,Joseph Madeira,552,04-Aug-14,"Two-Way , Not Divided",Dry,Daylight,Clear,Unknown,No,No Controls,3,1,Complains Of Pain,2,41.82955,-71.41802
245740,2014-00075623,03-Aug-14,3:24:00 PM,Pedestrian,1,,,,1,SAWYER ST,STAMFORD AVE ,OR PROCTOR ,627,03-Aug-14,"Two-Way, Divided, Unprotected (painted>4feet) Medium",Dry,Daylight,Clear,Not a Collision Between Two Motor Vehicles in Transport,No,No Controls,3,1,Complains Of Pain,2,41.77852,-71.41973
245748,2014-00075633,03-Aug-14,3:36:00 PM,Pedestrian,1,,,,1,PUTNAM ST,HALE ST ,Taylor Britto,202,03-Aug-14,"Two-Way , Not Divided",Dry,Daylight,Clear,Rear - to - Side,"Yes, M/V and Driver Left Scene",No Controls,1,1,Complains Of Pain,,41.82437,-71.4438
245642,2014-00074920,01-Aug-14,8:49:00 PM,Pedestrian,1,,,,1,Douglas Ave,Candace St,Michael Clary,269,02-Aug-14,"Two-Way , Not Divided",Dry,Dark - Lighted,Clear,Not a Collision Between Two Motor Vehicles in Transport,"Yes, M/V and Driver Left Scene",No Controls,1,1,Complains Of Pain,,41.83755,-71.42317
245268,2014-00074238,30-Jul-14,11:39:00 PM,Bicycle,,1,,,1,BROADWAY,TOBEY ST ,Michael Sullivan,347,31-Jul-14,"Two-Way , Not Divided",Dry,Dark - Lighted,Clear,Not a Collision Between Two Motor Vehicles in Transport,"Yes, M/V and Driver Left Scene",Traffic Control Signal,3,1,Complains Of Pain,2,41.81848,-71.43503
244818,2014-00073263,28-Jul-14,12:21:00 PM,Bicycle,,,,,2,BROAD ST,POTTERS AVE ,Roderick Soares,399,29-Jul-14,"Two-Way , Not Divided",Dry,Daylight,Clear,Head-On (Front - to - Front),No,Traffic Control Signal,3,1,Complains Of Pain,2,41.7977,-71.41426
244545,2014-00073009,27-Jul-14,2:24:00 PM,Pedestrian,1,,,,1,148 DOVER STREET,,Joseph Madeira,552,27-Jul-14,"Two-Way , Not Divided",Dry,Daylight,Clear,Other,No,No Controls,4,1,Non-Incapacitating,2,41.83691,-71.41438
244187,2014-00072088,25-Jul-14,10:33:00 AM,Pedestrian,1,,,,1,70 KENNEDY PLZ,,Joseph Amoroso,613,25-Jul-14,One-Way Trafficway,Dry,Daylight,Clear,Not a Collision Between Two Motor Vehicles in Transport,"Yes, M/V and Driver Left Scene",No Controls,1,1,Complains Of Pain,,41.8245,-71.41188
250019,2014-00072101,25-Jul-14,11:18:00 AM,Bicycle,,1,,,1,N MAIN ST,MATHILDA STREET,Joseph Amoroso,613,28-Aug-14,"Two-Way , Not Divided",Dry,Daylight,Clear,Not a Collision Between Two Motor Vehicles in Transport,No,No Controls,2,1,Complains Of Pain,,41.85399,-71.40076
243719,2014-00070833,21-Jul-14,9:20:00 PM,Bicycle,,1,,,1,Westminster St,EXCHANGE ST ,Robert Heaton,539,22-Jul-14,One-Way Trafficway,Dry,Dark - Lighted,Clear,Other,No,No Controls,3,1,Complains Of Pain,1,41.82491,-71.40997
243746,2014-00070612,21-Jul-14,11:30:00 AM,Bicycle,,1,,,1,WESTMINSTER ST,SERVICE ROAD 7 ,Michael Caraccia,624,22-Jul-14,"Two-Way , Not Divided",Dry,Daylight,Clear,Other,No,Traffic Control Signal,2,1,Complains Of Pain,,41.81881,-71.41883
243785,2014-00070667,21-Jul-14,2:04:00 PM,Pedestrian,1,,,,1,BRANCH AVE,BURLEIGH ST ,David Morgan,474,22-Jul-14,"Two-Way , Not Divided",Dry,Daylight,Clear,Angle (Front - to - Side) Right Angle (Includes Broadside),No,No Controls,5,1,Complains Of Pain,,41.85462,-71.43364
243339,2014-00069674,18-Jul-14,11:01:00 PM,Pedestrian,1,,,,1,159 Bridgham St,Westminster St,Robert Heaton,539,18-Jul-14,"Two-Way , Not Divided",Dry,Dark - Lighted,Clear,Unknown,"Yes, M/V and Driver Left Scene",No Controls,2,1,Complains Of Pain,2,41.81594,-71.42794
242666,2014-00068769,16-Jul-14,3:09:00 PM,Pedestrian,1,,,,1,1050 CHALKSTONE AVE,,MICHAEL R. TROIA / TRAFFIC BUREAU,331,16-Jul-14,"Two-Way , Not Divided",Wet,Daylight,Clear,Not a Collision Between Two Motor Vehicles in Transport,No,No Controls,4,1,Complains Of Pain,2,41.83231,-71.4427
242604,2014-00068460,15-Jul-14,5:11:00 PM,Pedestrian,1,,,,1,ATWELLS AVE,CUTLER ST ,MICHAEL R. TROIA / TRAFFIC BUREAU,331,15-Jul-14,"Two-Way , Not Divided",Dry,Daylight,Clear,Not a Collision Between Two Motor Vehicles in Transport,"Yes, M/V and Driver Left Scene",No Controls,3,1,Complains Of Pain,2,41.82468,-71.44157
242258,2014-00067950,14-Jul-14,1:18:00 AM,Pedestrian,1,,,,1,80 Putnam St,,Michael Clary,269,14-Jul-14,"Two-Way , Not Divided",Dry,Dark - Lighted,Clear,Not a Collision Between Two Motor Vehicles in Transport,No,No Controls,2,1,Complains Of Pain,,41.82271,-71.44404
242371,2014-00068161,14-Jul-14,6:15:00 PM,Pedestrian,1,,,,1,Dean St,BROADWAY ,Ptlm. Chin,516,14-Jul-14,"Two-Way , Not Divided",Wet,Daylight,Cloudy,Not a Collision Between Two Motor Vehicles in Transport,No,Traffic Control Signal,3,1,Complains Of Pain,2,41.82142,-71.42254
241995,2014-00067272,12-Jul-14,11:47:00 AM,Bicycle,,1,,,1,CRANSTON STREET,DEXTER STREET,Joseph Madeira,552,12-Jul-14,"Two-Way , Not Divided",Dry,Daylight,Clear,Other,No,Traffic Control Signal,2,1,Non-Incapacitating,2,41.83208,-71.41765
241700,2014-00066561,10-Jul-14,7:02:00 PM,Pedestrian,1,,,,1,Morning Star Row,PINE ST ,Robert Heaton,539,11-Jul-14,"Two-Way , Not Divided",Dry,Daylight,Clear,Other,No,No Controls,6,1,Incapacitating,2,41.81158,-71.42005
241527,2014-00066274,09-Jul-14,9:42:00 PM,Bicycle,,1,,,1,N MAIN ST,OLNEY ST ,Michael Duffy,354,10-Jul-14,One-Way Trafficway,Dry,Dark - Lighted,Clear,Angle (Front - to - Side) Right Angle (Includes Broadside),No,Stop Signs,2,1,Complains Of Pain,,41.83639,-71.40965
241405,2014-00065959,08-Jul-14,11:13:00 PM,Bicycle,,1,,,1,BROAD ST,STANWOOD ST ,Francisco Colon,265,09-Jul-14,"Two-Way , Not Divided",Dry,Dark - Lighted,Clear,Not a Collision Between Two Motor Vehicles in Transport,No,No Controls,2,1,Complains Of Pain,,41.80382,-71.41917
241528,2014-00065339,07-Jul-14,10:05:00 AM,Bicycle,,1,,,1,CHARLES ST,BRANCH AVE ,Peter Colt,178,10-Jul-14,"Two-Way , Not Divided",Dry,Daylight,Clear,Angle (Front - to - Side) Same Direction,"Yes, M/V and Driver Left Scene",Traffic Control Signal,1,0,No Injury,,41.85026,-71.41998
240832,2014-00064880,06-Jul-14,12:42:00 AM,Bicycle,,1,,,1,108 Vinton St.,GROVE ST ,Adam Chin,289,06-Jul-14,One-Way Trafficway,Dry,Dark - Lighted,Clear,Not a Collision Between Two Motor Vehicles in Transport,No,No Controls,4,1,Complains Of Pain,,41.82113,-71.42879
240882,2014-00064917,06-Jul-14,2:03:00 AM,Pedestrian,1,,,,1,Fountain St,Clemence St,Robert Heaton,539,06-Jul-14,One-Way Trafficway,Dry,Dark - Lighted,Clear,Not a Collision Between Two Motor Vehicles in Transport,"Yes, M/V and Driver Left Scene",No Controls,5,1,Incapacitating,,41.82406,-71.41535
240508,2014-00063875,03-Jul-14,2:43:00 PM,Bicycle,,1,,,1,1055 WESTMINSTER ST ,HOOD ST ,Miguel Mena-Torres,493,03-Jul-14,"Two-Way , Not Divided",Dry,Daylight,Clear,Not a Collision Between Two Motor Vehicles in Transport,No,No Controls,3,1,Complains Of Pain,,41.81715,-71.42596
240185,2014-00063423,02-Jul-14,11:51:00 AM,Pedestrian,1,,,,1,Public Street,BROAD ST ,Kenneth Wigginton,359,02-Jul-14,"Two-Way , Not Divided",Dry,Daylight,Clear,Not a Collision Between Two Motor Vehicles in Transport,No,Traffic Control Signal,2,1,Complains Of Pain,,41.80441,-71.41937
240363,2014-00063572,02-Jul-14,6:35:00 PM,Pedestrian,1,,,,1,319 Lowell Ave ,NYE ST ,Ptlm. Chin,516,02-Jul-14,"Two-Way , Not Divided",Dry,Daylight,Clear,Not a Collision Between Two Motor Vehicles in Transport,No,No Controls,4,1,Complains Of Pain,2,41.81858,-71.46092
240180,2014-00062985,01-Jul-14,10:30:00 AM,Pedestrian,1,,,,1,541 Smith St,Fredeick St,Dennis O'Brien,067,02-Jul-14,"Two-Way , Not Divided",Dry,Daylight,Clear,Not a Collision Between Two Motor Vehicles in Transport,No,No Controls,4,1,Complains Of Pain,,41.83613,-71.42872
239729,2014-00062444,30-Jun-14,12:03:00 AM,Pedestrian,1,,,,1,HARRIS AVE,SIMS AVE ,Edwardo Curi,294,30-Jun-14,"Two-Way , Not Divided",Dry,Dark - Lighted,Clear,Not a Collision Between Two Motor Vehicles in Transport,No,No Controls,3,2,Non-Incapacitating,,41.82519,-71.43257
240022,2014-00062849,30-Jun-14,11:52:00 PM,Pedestrian,1,,,,1,WESTMINSTER ST,BARTON ST ,Matthew Nadeau,271,01-Jul-14,"Two-Way, Divided, Unprotected (painted>4feet) Medium",Dry,Dark - Lighted,Clear,Not a Collision Between Two Motor Vehicles in Transport,"Yes, M/V and Driver Left Scene",No Controls,1,1,Non-Incapacitating,,41.81592,-71.43653
239555,2014-00062088,29-Jun-14,1:47:00 AM,Pedestrian,1,,,,1,ATWELLS AVE,WEEDEN ST ,Roberto Gutierrez,263,29-Jun-14,"Two-Way, Divided, Unprotected (painted>4feet) Medium",Dry,Dark - Lighted,Clear,Not a Collision Between Two Motor Vehicles in Transport,"Yes, M/V and Driver Left Scene",Traffic Control Signal,4,1,Complains Of Pain,,41.8234,-71.42431
239514,2014-00061944,28-Jun-14,8:35:00 PM,Pedestrian,1,,,,1,WESTMINSTER ST,CRANSTON ST ,Ricardo Silva,185,28-Jun-14,"Two-Way, Divided, Positive Median Barrier",Dry,Dusk,Clear,Unknown,"Yes, M/V and Driver Left Scene",No Controls,1,1,Complains Of Pain,,41.81792,-71.42082
239521,2014-00061959,28-Jun-14,9:15:00 PM,Bicycle,,1,,,2,PARADE ST,OAK ST ,Ricardo Silva,185,28-Jun-14,"Two-Way, Divided, Unprotected (painted>4feet) Medium",Dry,Dark - Lighted,Clear,Unknown,"Yes, M/V and Driver Left Scene",No Controls,7,1,Complains Of Pain,,41.81537,-71.43277
239150,2014-00060461,25-Jun-14,9:00:00 AM,Bicycle,,1,,,1,ADMIRAL ST,HAWKINS ST ,Joseph Amoroso,613,26-Jun-14,"Two-Way , Not Divided",Dry,Daylight,Clear,Not a Collision Between Two Motor Vehicles in Transport,No,No Controls,3,1,Complains Of Pain,,41.84592,-71.42839
238930,2014-00060252,24-Jun-14,5:52:00 PM,Pedestrian,1,,,,1,939 Manton Ave,FRUIT HILL AVE ,Ptlm. Chin,516,24-Jun-14,"Two-Way , Not Divided",Dry,Daylight,Clear,Not a Collision Between Two Motor Vehicles in Transport,No,No Controls,2,1,Fatal,2,41.83383,-71.46805
239019,2014-00060171,24-Jun-14,2:21:00 PM,Bicycle,,1,,,1,REDWING ST,BUCKLIN ST ,Joseph Amoroso,613,25-Jun-14,One-Way Trafficway,Dry,Daylight,Clear,Not a Collision Between Two Motor Vehicles in Transport,No,No Controls,2,1,Complains Of Pain,,41.79927,-71.4273
238659,2014-00059698,23-Jun-14,10:00:00 AM,Bicycle,,1,,,1,FRIENDSHIP ST,DORRANCE ST ,Joseph Amoroso,613,23-Jun-14,"Two-Way , Not Divided",Dry,Daylight,Clear,Not a Collision Between Two Motor Vehicles in Transport,No,No Controls,2,1,Complains Of Pain,,41.82196,-71.4095
238379,2014-00058946,21-Jun-14,4:34:00 PM,Pedestrian,1,,,,1,936 ATWELLS AVE,,MICHAEL R. TROIA / TRAFFIC BUREAU,331,21-Jun-14,Unknown,Dry,Daylight,Clear,Not a Collision Between Two Motor Vehicles in Transport,No,No Controls,3,1,Complains Of Pain,,41.82506,-71.44853
238261,2014-00058457,20-Jun-14,1:02:00 PM,Pedestrian,1,,,,1,Broad st,SERVICE ROAD 7 ,Edward Bogda,609,20-Jun-14,"Two-Way , Not Divided",Dry,Daylight,Clear,Other,"Yes, M/V and Driver Left Scene",Traffic Control Signal,2,0,No Injury,2,41.81735,-71.41698
238297,2014-00058571,20-Jun-14,6:43:00 PM,Pedestrian,1,,,,1,ELMWOOD AVE,CONGRESS AVE,John Benros,481,20-Jun-14,"Two-Way , Not Divided",Dry,Daylight,Clear,Not a Collision Between Two Motor Vehicles in Transport,No,Stop Signs,3,1,Complains Of Pain,,41.79849,-71.42627
238617,2014-00058361,20-Jun-14,7:48:00 AM,Bicycle,1,,,,1,94 Colfax st,BURNSIDE ST ,Dennis O'Brien,067,23-Jun-14,"Two-Way , Not Divided",Dry,Daylight,Clear,Not a Collision Between Two Motor Vehicles in Transport,No,No Controls,7,1,Incapacitating,,41.79978,-71.41095
237938,2014-00057599,18-Jun-14,7:42:00 AM,Bicycle,,1,,,1,HARTFORD AVE,KING PHILIP ST ,Patrolman Darren Hull,598,18-Jun-14,"Two-Way, Divided, Unprotected (painted>4feet) Medium",Dry,Daylight,Clear,Angle (Front - to - Side) Right Angle (Includes Broadside),No,Stop Signs,3,1,Complains Of Pain,2,41.81955,-71.4656
237812,2014-00057349,17-Jun-14,3:22:00 PM,Pedestrian,3,,,,1,ELMWOOD AVE,ADELAIDE AVE ,Thomas Richards,162,17-Jun-14,"Two-Way, Divided, Positive Median Barrier",Dry,Daylight,Clear,Other,"Yes, M/V and Driver Left Scene",No Controls,3,3,Complains Of Pain,,41.7959,-71.42512
237564,2014-00056980,16-Jun-14,3:20:00 PM,Pedestrian,1,,,,1,BROAD ST,MONTGOMERY AVE ,Martin Rawnsley,677,16-Jun-14,"Two-Way , Not Divided",Dry,Daylight,Clear,Other,No,Traffic Control Signal,2,1,Complains Of Pain,,41.78589,-71.40166
237602,2014-00057001,16-Jun-14,4:11:00 PM,Bicycle,,1,,,1,MEMORIAL BLVD,COLLEGE ST ,Donald Brien,630,16-Jun-14,"Two-Way, Divided, Unprotected (painted>4feet) Medium",Dry,Daylight,Clear,Not a Collision Between Two Motor Vehicles in Transport,No,Traffic Control Signal,6,1,Complains Of Pain,4,41.82528,-71.40899
237616,2014-00057083,16-Jun-14,8:02:00 PM,Bicycle,,2,,,1,SALMON ST,SALMON ST ,Jason Andrade,200,16-Jun-14,"Two-Way, Divided, Unprotected (painted>4feet) Medium",Dry,Dusk,Clear,Head-On (Front - to - Front),"Yes, M/V and Driver Left Scene",No Controls,2,2,Complains Of Pain,,41.82359,-71.45531
237392,2014-00056644,15-Jun-14,4:50:00 PM,Bicycle,,1,,,1,CRANSTON ST,HARRISON ST ,Troy Lambert,413,15-Jun-14,"Two-Way , Not Divided",Dry,Daylight,Clear,Not a Collision Between Two Motor Vehicles in Transport,No,No Controls,4,1,Complains Of Pain,,41.81307,-71.42866
237504,2014-00056600,15-Jun-14,2:33:00 PM,Pedestrian,1,,,,1,432 BRANCH AVENUE,,Joseph Madeira,552,16-Jun-14,"Two-Way , Not Divided",Dry,Daylight,Clear,Other,"Yes, M/V and Driver Left Scene",No Controls,1,1,Non-Incapacitating,2,41.82678,-71.41882