CrashReportId,ReportNumber,CrashDate,CrashTime,Collision Type,CountPedestrian,CountBicycle,Scooter,Wheel Chair,NumberofVehicles,StreetOrHighway,NearestIntersection,Officer,Badge,ReportDate,TypeOfRoadway,RoadSurfaceCondition,LightCondition,WeatherCondition,MannerofImpact,HitAndRun,TrafficControl,PersonCount,InjuryCount,MostSeriousInjury,NumberOfLanes,Latitude,Longitude
197272,2013-0096102,07-Oct-13,6:09:00 PM,Pedestrian,1,1,,,1,ACADEMY AVENUE,WHITFORD AVENUE,Giuseppe Scarcello,485,07-Oct-13,"Two-Way , Not Divided",Dry,Daylight,Clear,Not a Collision Between Two Motor Vehicles in Transport,No,Stop Signs,5,2,Incapacitating,2,41.82351,-71.43477
197120,2013-00095757,06-Oct-13,4:20:00 PM,Pedestrian,1,,,,1,MESSER ST,,MICHAEL R. TROIA / TRAFFIC BUREAU,331,06-Oct-13,"Two-Way , Not Divided",Unknown,Unknown,Clear,Unknown,"Yes, M/V and Driver Left Scene",No Controls,1,1,Complains Of Pain,2,41.8109,-71.4354
197725,2013-00095825,06-Oct-13,10:02:00 PM,Pedestrian,1,,,,1,365 Atwells Ave,,Michael Clary,269,07-Oct-13,"Two-Way , Not Divided",Wet,Dark - Lighted,Rain,Not a Collision Between Two Motor Vehicles in Transport,No,No Controls,3,1,Complains Of Pain,,41.82379,-71.42978
196963,2013-00095173,05-Oct-13,7:25:00 AM,Bicycle,,1,,,1,1880 WESTMINSTER ST,TROY ST ,Trent Hastings,326,05-Oct-13,"Two-Way , Not Divided",Dry,Daylight,Cloudy,Not a Collision Between Two Motor Vehicles in Transport,No,No Controls,3,0,No Injury,,41.81649,-71.44118
196832,2013-00094748,04-Oct-13,8:15:00 AM,Pedestrian,1,,,,1,PETTEYS AVE,GLENBRIDGE AVE ,Joseph Kane,544,04-Oct-13,"Two-Way , Not Divided",Dry,Daylight,Cloudy,Not a Collision Between Two Motor Vehicles in Transport,"Yes, M/V and Driver Left Scene",Traffic Control Signal,3,1,Complains Of Pain,,41.81897,-71.46159
196850,2013-00094803,04-Oct-13,11:55:00 AM,Bicycle,,1,,,1,BLACKSTONE BLVD,BUTLER DR ,Andrew Frolich,673,04-Oct-13,"Two-Way, Divided, Unprotected (painted>4feet) Medium",Wet,Daylight,Rain,Angle (Front - to - Side) Right Angle (Includes Broadside),No,No Controls,3,0,No Injury,,41.84616,-71.38677
196794,2013-00094608,03-Oct-13,9:14:00 PM,Pedestrian,1,,,,1,100 Harborside Blvd,HARBORSIDE BLVD ,Noel Field,260,04-Oct-13,"Two-Way , Not Divided",Dry,Dark - Lighted,Clear,Not a Collision Between Two Motor Vehicles in Transport,No,No Controls,6,1,Incapacitating,2,41.78639,-71.39141
196341,2013-00093713,01-Oct-13,11:36:00 AM,Pedestrian,1,,,,1,KENNEDY PLZ,EXCHANGE ST ,George SanAntonio,604,01-Oct-13,One-Way Trafficway,Dry,Daylight,Clear,Not a Collision Between Two Motor Vehicles in Transport,No,No Controls,3,1,Incapacitating,1,41.82537,-71.41058
196462,2013-00093836,01-Oct-13,4:54:00 PM,Pedestrian,1,,,,1,MANTON AVE,ORTOLEVA DR ,Stephen Frechette,362,01-Oct-13,"Two-Way , Not Divided",Dry,Daylight,Clear,Not a Collision Between Two Motor Vehicles in Transport,"Yes, M/V and Driver Left Scene",No Controls,1,1,Complains Of Pain,,41.82589,-71.45777
196174,2013-00093399,30-Sep-13,1:13:00 PM,Pedestrian,1,,,,1,BRANCH AVENUE,NORTH MAIN STREET,Joseph Madeira,552,30-Sep-13,"Two-Way , Not Divided",Dry,Daylight,Clear,Other,No,No Controls,3,1,Complains Of Pain,2,41.82602,-71.41884
196729,2013-00093074,29-Sep-13,11:43:00 AM,Pedestrian,1,,,,1,ELMWOOD AVE,WEST FRIENDSHIP ST,Jesse Ferrell,428,02-Oct-13,"Two-Way , Not Divided",Dry,Daylight,Clear,Other,No,No Controls,2,0,No Injury,,41.80989,-71.42405
195944,2013-00092477,28-Sep-13,12:35:00 AM,Pedestrian,2,,,,1,Atwells Ave,WEEDEN ST ,Noel Field,260,28-Sep-13,"Two-Way , Not Divided",Dry,Dark - Lighted,Clear,Not a Collision Between Two Motor Vehicles in Transport,"Yes, M/V and Driver Left Scene",Traffic Control Signal,2,2,Complains Of Pain,2,41.82342,-71.42456
195894,2013-00092196,27-Sep-13,11:48:00 AM,Bicycle,,1,,,2,WESTMINISTER STREET,,Joseph Madeira,552,27-Sep-13,"Two-Way , Not Divided",Dry,Daylight,Clear,"Sideswipe, Same Direction",No,No Controls,3,0,No Injury,2,41.82527,-71.41912
195900,2013-00092242,27-Sep-13,1:57:00 PM,Pedestrian,1,,,,1,BROAD STREET,DAVE GAVITT WAY,Joseph Madeira,552,27-Sep-13,"Two-Way , Not Divided",Dry,Daylight,Clear,Other,No,Traffic Control Signal,3,0,No Injury,2,41.82955,-71.41802
195659,2013-00091493,25-Sep-13,8:11:00 AM,Bicycle,,1,,,1,LAUREL HILL AVENUE,STERLING AVENUE,Joseph Madeira,552,25-Sep-13,"Two-Way , Not Divided",Dry,Daylight,Clear,Other,No,Stop Signs,4,1,Complains Of Pain,2,41.83201,-71.41745
195688,2013-00091675,25-Sep-13,6:12:00 PM,Pedestrian,1,,,,1,WICKENDEN STREET,EAST ST ,Ptlm R Caraccia,360,25-Sep-13,"Two-Way , Not Divided",Dry,Dusk,Clear,Not a Collision Between Two Motor Vehicles in Transport,"Yes, M/V and Driver Left Scene",Stop Signs,3,1,Complains Of Pain,,41.82006,-71.39458
195560,2013-00091336,24-Sep-13,4:40:00 PM,Bicycle,,1,,,1,CHARLES ST,CHARLES ST ,Shawn Kennedy,547,24-Sep-13,"Two-Way , Not Divided",Dry,Daylight,Clear,Angle (Front - to - Side) Right Angle (Includes Broadside),No,Traffic Control Signal,4,0,No Injury,,41.83585,-71.41178
195562,2013-00091351,24-Sep-13,5:27:00 PM,Pedestrian,1,,,,1,325 PUBLIC ST,,MICHAEL R. TROIA / TRAFFIC BUREAU,331,24-Sep-13,"Two-Way , Not Divided",Dry,Daylight,Clear,Not a Collision Between Two Motor Vehicles in Transport,No,No Controls,3,1,Complains Of Pain,2,41.80542,-71.41536
195345,2013-00091054,23-Sep-13,5:29:00 PM,Pedestrian,1,,,,1,HANDY ST,AMHERST ST ,Taylor Britto,202,23-Sep-13,"Two-Way , Not Divided",Dry,Daylight,Clear,Head-On (Front - to - Front),"Yes, M/V and Driver Left Scene",No Controls,1,1,Complains Of Pain,,41.82347,-71.44813
195254,2013-00090532,22-Sep-13,2:39:00 AM,Pedestrian,1,,,,1,BROADWAY,ALMY ST ,Raymond Majeau,275,22-Sep-13,"Two-Way , Not Divided",Dry,Dark - Lighted,Clear,Unknown,"Yes, M/V and Driver Left Scene",No Controls,1,0,Unknown,,41.81899,-71.43279
195283,2013-00090533,22-Sep-13,2:35:00 AM,Pedestrian,2,,,,1,South Water St,DYER ST ,Noel Field,260,22-Sep-13,One-Way Trafficway,Wet,Dark - Lighted,Cloudy,Not a Collision Between Two Motor Vehicles in Transport,"Yes, M/V and Driver Left Scene",Pavement Markings,6,3,Complains Of Pain,2,41.82425,-71.4076
196273,2013-00090552,22-Sep-13,4:00:00 AM,Pedestrian,1,,,,1,EXIT 25,I 95 ,Michael Maycock,281,22-Sep-13,One-Way Trafficway,Wet,Dark - Lighted,Rain,Not a Collision Between Two Motor Vehicles in Transport,"Yes, M/V and Driver Left Scene",No Controls,1,1,Non-Incapacitating,,41.85322,-71.40834
196035,2013-00090273,21-Sep-13,3:56:00 PM,Bicycle,,1,,,1,BRIDGHAM ST,ELMWOOD AVE ,Luis Pelaez,336,29-Sep-13,"Two-Way , Not Divided",Dry,Daylight,Clear,Not a Collision Between Two Motor Vehicles in Transport,No,Traffic Control Signal,3,1,Complains Of Pain,2,41.81277,-71.42218
195069,2013-00089813,20-Sep-13,4:40:00 PM,Bicycle,,1,,,1,51 DORCHESTER AVE,,MICHAEL R. TROIA / TRAFFIC BUREAU,331,20-Sep-13,"Two-Way , Not Divided",Dry,Daylight,Clear,Not a Collision Between Two Motor Vehicles in Transport,No,No Controls,3,1,Complains Of Pain,2,41.81197,-71.45235
195093,2013-00089960,20-Sep-13,10:15:00 PM,Bicycle,,1,,,1,LENOX AVE,EMERSON ST ,Michael Sullivan,347,20-Sep-13,"Two-Way , Not Divided",Dry,Dark - Lighted,Clear,Not a Collision Between Two Motor Vehicles in Transport,No,Traffic Control Signal,4,1,Complains Of Pain,,41.79828,-71.41478
195094,2013-00089896,20-Sep-13,7:52:00 PM,Pedestrian,1,,,,1,Broad St,STANWOOD ST ,Noel Field,260,20-Sep-13,"Two-Way, Not Divided With a Continuous Left Turn Lane",Dry,Dark - Lighted,Clear,Not a Collision Between Two Motor Vehicles in Transport,"Yes, M/V and Driver Left Scene",No Controls,4,1,Incapacitating,3,41.80376,-71.41915
194775,2013-00089294,19-Sep-13,11:05:00 AM,Pedestrian,1,,,,1,321 HARBORSIDE BLVD.,,Joseph Madeira,552,19-Sep-13,"Two-Way , Not Divided",Dry,Daylight,Clear,Other,No,No Controls,3,1,Complains Of Pain,2,41.83504,-71.41592
194783,2013-00089293,19-Sep-13,11:03:00 AM,Pedestrian,1,,,,1,BORINQUEN ST,PLAIN ST ,Jose Deschamps,419,19-Sep-13,"Two-Way , Not Divided",Dry,Daylight,Clear,Head-On (Front - to - Front),No,No Controls,2,2,Complains Of Pain,,41.80801,-71.41041
196335,2013-00089270,19-Sep-13,9:40:00 AM,Bicycle,,1,,,1,TORONTO AVE,TENNESSEE AVE ,Brian Thornton,672,01-Oct-13,"Two-Way , Not Divided",Dry,Daylight,Clear,Angle (Front - to - Side) Right Angle (Includes Broadside),No,Stop Signs,3,1,Complains Of Pain,,41.79308,-71.39514
194537,2013-00088712,17-Sep-13,2:58:00 PM,Bicycle,,1,,,1,VALLEY ST,SCHOOL ST ,Taylor Britto,202,17-Sep-13,"Two-Way , Not Divided",Dry,Daylight,Clear,Angle (Front - to - Side) Right Angle (Includes Broadside),No,No Controls,3,1,Complains Of Pain,,41.81852,-71.44067
193895,2013-00086534,11-Sep-13,11:37:00 AM,Pedestrian,1,,,,1,BROAD ST,BROAD ST ,Luis Fernandez,531,11-Sep-13,"Two-Way, Divided, Unprotected (painted>4feet) Medium",Dry,Daylight,Clear,Other,No,Yield Signs,3,1,Complains Of Pain,,41.81357,-71.42167
196023,2013-00086626,11-Sep-13,4:58:00 PM,Bicycle,1,,,,1,MOORE ST,UPDIKE ST ,James Annis,454,27-Sep-13,"Two-Way , Not Divided",Dry,Daylight,Clear,Other,"Yes, M/V and Driver Left Scene",No Controls,1,1,Complains Of Pain,2,41.80484,-71.42136
193844,2013-00086266,10-Sep-13,3:29:00 PM,Pedestrian,1,,,,1,COOKE ST,ANGELL ST ,Fausto Garcia,109,10-Sep-13,One-Way Trafficway,Dry,Daylight,Cloudy,Not a Collision Between Two Motor Vehicles in Transport,No,Stop Signs,2,1,Non-Incapacitating,,41.82875,-71.39548
193944,2013-00085908,09-Sep-13,2:26:00 PM,Bicycle,,1,,,1,WATERMAN ST,BROOK ST ,Richard Mills,424,12-Sep-13,One-Way Trafficway,Dry,Daylight,Clear,"Sideswipe, Same Direction",No,No Controls,3,1,Complains Of Pain,,41.82738,-71.39959
193496,2013-00085157,07-Sep-13,2:37:00 PM,Pedestrian,1,,,,1,135 MANTON AVE,,MICHAEL R. TROIA  ,331,07-Sep-13,"Two-Way , Not Divided",Dry,Daylight,Clear,Not a Collision Between Two Motor Vehicles in Transport,No,No Controls,4,1,Complains Of Pain,,41.81955,-71.44636
193267,2013-00084781,06-Sep-13,5:39:00 PM,Pedestrian,1,,,,1,EXCHANGE TER,EXCHANGE ST ,Matthew Goddard,171,06-Sep-13,One-Way Trafficway,Dry,Daylight,Clear,Not a Collision Between Two Motor Vehicles in Transport,No,No Controls,4,1,Complains Of Pain,,41.82568,-71.41281
192668,2013-00083348,02-Sep-13,1:01:00 PM,Bicycle,,1,,,1,Chalkstone Ave,OAKLAND AVE ,Ptlm. Chin,516,02-Sep-13,"Two-Way , Not Divided",Wet,Daylight,Rain,Not a Collision Between Two Motor Vehicles in Transport,No,Traffic Control Signal,3,1,Complains Of Pain,2,41.83419,-71.43024
196772,2013-00094285,02-Sep-13,11:03:00 PM,Pedestrian,1,,,,1,ATWELLS AVE,MCAVOY ST ,Michael Moonan,286,04-Oct-13,"Two-Way , Not Divided",Dry,Dark - Lighted,Clear,Not a Collision Between Two Motor Vehicles in Transport,No,No Controls,2,1,Complains Of Pain,2,41.82379,-71.42976
192587,2013-00083013,01-Sep-13,1:48:00 PM,Pedestrian,1,,,,1,BROAD STREET,GLADSTONE STREET,Joseph Madeira,552,01-Sep-13,"Two-Way , Not Divided",Dry,Daylight,Clear,Head-On (Front - to - Front),No,Stop Signs,3,1,Complains Of Pain,2,41.83079,-71.41786
237524,2014-00056925,01-Sep-13,12:01:00 AM,Bicycle,,1,,,1,GLENBRIDGE AVE,MANTON AVE ,D. Hull,598,16-Jun-14,Unknown,Unknown,Unknown,Clear,Angle (Front - to - Side) Right Angle (Includes Broadside),No,No Controls,2,0,Unknown,,41.82597,-71.45822
192491,2013-00082641,31-Aug-13,5:55:00 PM,Pedestrian,1,,,,1,ATWELLS AVE,VALLEY ST ,MICHAEL R. TROIA / TRAFFIC BUREAU,331,31-Aug-13,"Two-Way, Not Divided With a Continuous Left Turn Lane",Dry,Daylight,Clear,Not a Collision Between Two Motor Vehicles in Transport,No,No Controls,5,1,Complains Of Pain,3,41.82456,-71.43948
192396,2013-00082313,30-Aug-13,10:30:00 PM,Bicycle,,,,,2,31 Chapin Ave,PARADE ST ,Noel Field,260,30-Aug-13,"Two-Way , Not Divided",Dry,Dark - Lighted,Clear,Not a Collision Between Two Motor Vehicles in Transport,No,No Controls,2,1,Non-Incapacitating,,41.81188,-71.43237
192398,2013-00081480,28-Aug-13,6:06:00 PM,Bicycle,,1,,,1,GEORGE STREET,GOVERNOR ST ,Ptlm R Caraccia,360,28-Aug-13,"Two-Way , Not Divided",Dry,Daylight,Clear,Head-On (Front - to - Front),No,No Controls,3,1,Non-Incapacitating,,41.82586,-71.39389
191689,2013-00080845,26-Aug-13,9:25:00 PM,Pedestrian,1,,,,1,EXIT,EXIT ,Stephen Frechette,362,26-Aug-13,One-Way Trafficway,Dry,Dark - Lighted,Clear,Not a Collision Between Two Motor Vehicles in Transport,"Yes, M/V and Driver Left Scene",No Controls,1,1,Complains Of Pain,,41.82647,-71.42604
191309,2013-00079556,23-Aug-13,7:08:00 PM,Bicycle,,1,,,1,ATWOOD ST,PLAINFIELD ST ,Ptlm. Chin,516,23-Aug-13,"Two-Way , Not Divided",Dry,Daylight,Clear,Not a Collision Between Two Motor Vehicles in Transport,No,Traffic Control Signal,4,1,Complains Of Pain,2,41.81595,-71.44506
191119,2013-00079035,22-Aug-13,10:28:00 AM,Bicycle,,1,,,1,95 PLEASANT VALLEY PARKWAY,VALLEY STREET,Joseph Madeira,552,22-Aug-13,"Two-Way , Not Divided",Dry,Daylight,Clear,Other,"Yes, M/V and Driver Left Scene",No Controls,1,1,Non-Incapacitating,4,41.83201,-71.41745
191039,2013-00078800,21-Aug-13,4:22:00 PM,Bicycle,,1,,,1,133c delaine st,APPLETON ST ,Ptylm. Chin,516,21-Aug-13,"Two-Way , Not Divided",Dry,Daylight,Clear,Not a Collision Between Two Motor Vehicles in Transport,No,Stop Signs,4,1,Complains Of Pain,2,41.81905,-71.44292
191054,2013-00078822,21-Aug-13,5:08:00 PM,Pedestrian,1,,,,1,FRANCIS ST,AMERICAN EXPRESS PLZ ,Ptlm. Chin,516,21-Aug-13,"Two-Way , Not Divided",Dry,Daylight,Clear,Not a Collision Between Two Motor Vehicles in Transport,No,Pavement Markings,5,1,Complains Of Pain,4,41.82803,-71.41533
190851,2013-00078327,20-Aug-13,8:53:00 AM,Bicycle,,1,,,1,235 PROMENADE STREET,,Joseph Madeira,552,20-Aug-13,"Two-Way , Not Divided",Dry,Daylight,Clear,Other,"Yes, M/V and Driver Left Scene",No Controls,1,0,No Injury,,41.8347,-71.41607
192063,2013-00078413,20-Aug-13,2:10:00 PM,Bicycle,,,,,2,SASSAFRAS ST,SAVINGS ST ,Jose Deschamps,419,20-Aug-13,"Two-Way , Not Divided",Dry,Daylight,Clear,Other,No,No Controls,3,1,Complains Of Pain,,41.79503,-71.41074
190799,2013-00078126,19-Aug-13,3:13:00 PM,Bicycle,,1,,,1,PARNELL ST,FOWLER ST ,KEN MATSUMOTO,348,19-Aug-13,"Two-Way , Not Divided",Dry,Daylight,Clear,Angle (Front - to - Side) Right Angle (Includes Broadside),No,No Controls,2,1,Complains Of Pain,,41.82748,-71.4538
190833,2013-00078208,19-Aug-13,7:23:00 PM,Bicycle,,1,,,1,Stewart St,Broad St,Michael Clary,269,20-Aug-13,"Two-Way , Not Divided",Dry,Dusk,Clear,Not a Collision Between Two Motor Vehicles in Transport,"Yes, M/V and Driver Left Scene",Traffic Control Signal,3,0,No Injury,,41.8169,-71.41794
190788,2013-00077716,18-Aug-13,11:57:00 AM,Bicycle,,1,,,1,WESTMINSTER ST,KNIGHT ST ,Trent Hastings,326,19-Aug-13,"Two-Way , Not Divided",Dry,Daylight,Clear,Not a Collision Between Two Motor Vehicles in Transport,No,No Controls,2,0,No Injury,,41.81713,-71.42629
191431,2013-00077831,18-Aug-13,5:38:00 PM,Bicycle,,1,,,1,1250 Elmwood Avenue,BISSELL ST ,Carla Cavanaugh,189,24-Aug-13,"Two-Way , Not Divided",Dry,Daylight,Clear,Angle (Front - to - Side) Right Angle (Includes Broadside),No,No Controls,2,0,No Injury,,41.77731,-71.42123
190506,2013-00077100,16-Aug-13,11:52:00 PM,Pedestrian,1,,,,1,ATWELLS AVE,DE PASQUALE AVE ,Joseph Kane,544,17-Aug-13,"Two-Way, Divided, Unprotected (painted>4feet) Medium",Dry,Dark - Lighted,Clear,Other,No,Traffic Control Signal,3,1,Complains Of Pain,,41.8236,-71.42698
190813,2013-00076711,15-Aug-13,7:00:00 PM,Pedestrian,1,,,,1,Smith Street,Academy,Brian Dyer,180,16-Aug-13,"Two-Way, Not Divided With a Continuous Left Turn Lane",Dry,Daylight,Clear,Angle (Front - to - Side) Opposite Direction,No,No Controls,3,1,Non-Incapacitating,1,41.84258,-71.44515
190180,2013-00076178,14-Aug-13,10:09:00 AM,Bicycle,,1,,,1,BROAD STREET,OXFORD STREET,Joseph Madeira,552,14-Aug-13,"Two-Way , Not Divided",Dry,Daylight,Clear,Other,No,Traffic Control Signal,2,1,Non-Incapacitating,2,41.83201,-71.41745
190242,2013-00076236,14-Aug-13,1:27:00 PM,Pedestrian,2,,,,1,325 VALLEY STREET,,Joseph Madeira,552,14-Aug-13,"Two-Way , Not Divided",Dry,Daylight,Clear,Other,No,No Controls,3,1,Complains Of Pain,,41.83521,-71.41757
189637,2013-00074288,09-Aug-13,11:04:00 AM,Pedestrian,1,,,,1,PROSPECT STREET,BOWEN AVENUE,Joseph Madeira,552,09-Aug-13,"Two-Way , Not Divided",Wet,Daylight,Rain,Head-On (Front - to - Front),No,Stop Signs,3,1,Complains Of Pain,2,41.83476,-71.41637
189698,2013-00074411,09-Aug-13,5:30:00 PM,Pedestrian,2,,,,1,BROAD STREET,BROAD ST ,Carla Cavanaugh,189,09-Aug-13,"Two-Way , Not Divided",Wet,Daylight,Rain,Other,No,No Controls,5,2,Incapacitating,,41.788,-71.40331
189402,2013-00073777,07-Aug-13,8:05:00 PM,Pedestrian,1,,,,1,48 Gladstone St,Baxter St,"Michael Clary, Sigillo",269,07-Aug-13,One-Way Trafficway,Dry,Dusk,Clear,Not a Collision Between Two Motor Vehicles in Transport,"Yes, M/V and Driver Left Scene",Other,4,1,Incapacitating,,41.80306,-71.41689
189173,2013-00072767,05-Aug-13,1:20:00 AM,Pedestrian,1,,,,1,RAYMOND ST,RAYMOND ST ,Khari Bass,312,05-Aug-13,"Two-Way , Not Divided",Dry,Dark - Lighted,Clear,Not a Collision Between Two Motor Vehicles in Transport,"Yes, M/V and Driver Left Scene",No Controls,3,1,Complains Of Pain,,41.83332,-71.42992
189135,2013-00072604,04-Aug-13,2:54:00 PM,Bicycle,,1,,,1,BROADWAY,VALLEY ST ,Juan Rodrigues,194,04-Aug-13,"Two-Way, Divided, Unprotected (painted>4feet) Medium",Dry,Daylight,Clear,Angle (Front - to - Side) Right Angle (Includes Broadside),No,No Controls,3,1,Complains Of Pain,,41.81686,-71.44093
188981,2013-00072026,03-Aug-13,12:27:00 AM,Pedestrian,1,,,,1,DEAN ST,RAYMOND ST ,Troiano,295,03-Aug-13,"Two-Way , Not Divided",Dry,Dark - Lighted,Clear,Not a Collision Between Two Motor Vehicles in Transport,"Yes, M/V and Driver Left Scene",No Controls,1,1,Complains Of Pain,,41.83107,-71.42829
189004,2013-00072206,03-Aug-13,3:13:00 PM,Bicycle,,1,,,1,VALLEY ST,DELAINE ST ,Ricardo Silva,185,03-Aug-13,"Two-Way, Divided, Unprotected (painted>4feet) Medium",Dry,Daylight,Clear,Not a Collision Between Two Motor Vehicles in Transport,No,Stop Signs,5,1,Complains Of Pain,,41.81951,-71.4405
188872,2013-00071457,01-Aug-13,12:51:00 PM,Bicycle,,1,,,1,DELAINE ST,MANTON AVE ,Timothy Benson,299,01-Aug-13,"Two-Way , Not Divided",Dry,Daylight,Clear,Unknown,"Yes, M/V and Driver Left Scene",Traffic Control Signal,1,1,Non-Incapacitating,,41.81796,-71.44463
188968,2013-00071643,01-Aug-13,10:26:00 PM,Bicycle,,1,,,1,WESTMINSTER ST,WESTMINSTER ST EXIT ,Trent Hastings,326,02-Aug-13,"Two-Way , Not Divided",Wet,Dark - Lighted,Rain,Not a Collision Between Two Motor Vehicles in Transport,No,No Controls,2,1,Complains Of Pain,,41.81576,-71.4387
188662,2013-00070675,30-Jul-13,9:38:00 AM,Pedestrian,1,,,,1,ADMIRAL ST,TAPPAN ST ,Raymond King,633,30-Jul-13,"Two-Way , Not Divided",Dry,Daylight,Clear,"Sideswipe, Same Direction",No,No Controls,4,1,Complains Of Pain,2,41.84573,-71.42755
188830,2013-00070415,29-Jul-13,2:04:00 PM,Pedestrian,1,,,,1,FULTON STREET,DORRANCE STREET,Joseph Madeira,552,01-Aug-13,"Two-Way , Not Divided",Dry,Daylight,Clear,Other,No,No Controls,5,1,Non-Incapacitating,2,41.83578,-71.4154
188471,2013-00070115,28-Jul-13,1:15:00 PM,Pedestrian,1,,,,1,Wickenden Street,TRAVERSE ST ,Frank Moody,328,28-Jul-13,"Two-Way , Not Divided",Dry,Daylight,Clear,Head-On (Front - to - Front),No,No Controls,4,0,No Injury,,41.81931,-71.39968
188418,2013-00069889,27-Jul-13,11:05:00 PM,Bicycle,,1,,,1,Broad St,Reynolds Ave,Michael Clary,269,28-Jul-13,"Two-Way, Not Divided With a Continuous Left Turn Lane",Dry,Dark - Lighted,Clear,Not a Collision Between Two Motor Vehicles in Transport,"Yes, M/V and Driver Left Scene",No Controls,1,1,Complains Of Pain,,41.80359,-71.4191
188124,2013-00069211,26-Jul-13,1:32:00 AM,Bicycle,,1,,,1,CRANSTON ST,WALDO ST ,David Harrington,276,26-Jul-13,"Two-Way , Not Divided",Wet,Dark - Lighted,Rain,Angle (Front - to - Side) Right Angle (Includes Broadside),No,No Controls,3,1,Non-Incapacitating,,41.80665,-71.43602
188203,2013-00069252,26-Jul-13,8:30:00 AM,Pedestrian,1,,,,1,POINT ST,EDDY ST ,Trent Hastings,326,26-Jul-13,"Two-Way , Not Divided",Wet,Daylight,Rain,Not a Collision Between Two Motor Vehicles in Transport,No,No Controls,2,1,Complains Of Pain,,41.81708,-71.40574
188237,2013-00069438,26-Jul-13,6:44:00 PM,Pedestrian,1,,,,1,Potters Ave,Broad St,Michael Clary,269,26-Jul-13,"Two-Way , Not Divided",Dry,Daylight,Cloudy,Not a Collision Between Two Motor Vehicles in Transport,"Yes, M/V and Driver Left Scene",Traffic Control Signal,1,0,No Injury,,41.80297,-71.41891
188072,2013-00069090,25-Jul-13,4:25:00 PM,Bicycle,,2,,,1,CAMP ST,DOYLE AVE ,Ptlm. Chin,516,25-Jul-13,"Two-Way , Not Divided",Wet,Daylight,Rain,Not a Collision Between Two Motor Vehicles in Transport,No,No Controls,4,2,Complains Of Pain,2,41.83878,-71.4042
187995,2013-00068761,24-Jul-13,4:39:00 PM,Bicycle,,1,,,1,1029 Broad St,BROAD ST ,Ptlm. Chin,516,24-Jul-13,"Two-Way , Not Divided",Dry,Daylight,Clear,Not a Collision Between Two Motor Vehicles in Transport,No,Pavement Markings,2,1,Complains Of Pain,2,41.79698,-71.41315
188014,2013-00068802,24-Jul-13,7:17:00 PM,Pedestrian,1,,,,1,Ruggles St.,Smith St.,Noel Field,260,24-Jul-13,"Two-Way , Not Divided",Dry,Daylight,Clear,Not a Collision Between Two Motor Vehicles in Transport,No,Stop Signs,3,1,Complains Of Pain,2,41.83616,-71.42831
188308,2013-00067529,21-Jul-13,3:09:00 AM,Pedestrian,1,,,,1,LENOX AVE,HAMILTON ST ,Clifford Torres,270,27-Jul-13,"Two-Way, Divided, Unprotected (painted>4feet) Medium",Dry,Dark - Lighted,Clear,Not a Collision Between Two Motor Vehicles in Transport,"Yes, M/V and Driver Left Scene",No Controls,1,1,Complains Of Pain,,41.79687,-71.41938
187952,2013-00065456,20-Jul-13,5:14:00 PM,Bicycle,,1,,,1,STANWOOD ST,NIAGARA ST ,Ptlm. Elie,167,23-Jul-13,"Two-Way , Not Divided",Dry,Daylight,Clear,Angle (Front - to - Side) Right Angle (Includes Broadside),"Yes, M/V and Driver Left Scene",No Controls,1,0,No Injury,,41.80368,-71.41913
187587,2013-00066760,19-Jul-13,10:48:00 AM,Bicycle,,1,,,1,ALLENS AVE,TERMINAL RD ,Trent Hastings,326,20-Jul-13,"Two-Way , Not Divided",Dry,Daylight,Clear,Angle - Direction Not Specified,No,No Controls,3,1,Complains Of Pain,,41.79567,-71.39821
187398,2013-00066563,18-Jul-13,7:48:00 PM,Pedestrian,1,,,,1,45 Victoria St,MANOMET ST ,Noel Field,260,18-Jul-13,"Two-Way , Not Divided",Dry,Daylight,Clear,Not a Collision Between Two Motor Vehicles in Transport,"Yes, M/V and Driver Left Scene",No Controls,7,1,Complains Of Pain,2,41.83348,-71.45462
186966,2013-00065402,15-Jul-13,2:31:00 PM,Bicycle,,1,,,1,SMITHFIELD AVE,SMITHFIELD AVE ,Trent Hastings,326,15-Jul-13,"Two-Way , Not Divided",Dry,Daylight,Clear,Angle - Direction Not Specified,No,No Controls,3,1,Complains Of Pain,,41.85778,-71.41084
186787,2013-00065047,14-Jul-13,1:11:00 PM,Pedestrian,1,,,,1,ADMIRAL STREET,SHARON STREET,Joseph Madeira,552,14-Jul-13,"Two-Way , Not Divided",Dry,Daylight,Clear,Other,"Yes, M/V and Driver Left Scene",Stop Signs,1,1,Complains Of Pain,2,41.83616,-71.42824
186839,2013-00064779,13-Jul-13,8:34:00 PM,Bicycle,,1,,,1,185 Glenbridge Ave,,Michael Clary,269,14-Jul-13,"Two-Way , Not Divided",Dry,Dark - Lighted,Clear,Not a Collision Between Two Motor Vehicles in Transport,No,No Controls,4,1,Complains Of Pain,,41.81972,-71.46128
186225,2013-00063134,09-Jul-13,12:19:00 PM,Bicycle,,1,,,1,WATERMAN STREET,IVES STREET,Joseph Madeira,552,09-Jul-13,One-Way Trafficway,Dry,Daylight,Clear,Angle (Front - to - Side) Opposite Direction,No,Stop Signs,2,1,Non-Incapacitating,,41.83199,-71.41746