CrashReportId,ReportNumber,CrashDate,CrashTime,Collision Type,CountPedestrian,CountBicycle,Scooter,Wheel Chair,NumberofVehicles,StreetOrHighway,NearestIntersection,Officer,Badge,ReportDate,TypeOfRoadway,RoadSurfaceCondition,LightCondition,WeatherCondition,MannerofImpact,HitAndRun,TrafficControl,PersonCount,InjuryCount,MostSeriousInjury,NumberOfLanes,Latitude,Longitude
186127,2013-00062621,07-Jul-13,11:23:00 PM,Pedestrian,1,,,,1,Valley St,Harold St,Michael Clary,269,08-Jul-13,"Two-Way , Not Divided",Dry,Dark - Lighted,Clear,Not a Collision Between Two Motor Vehicles in Transport,"Yes, M/V and Driver Left Scene",No Controls,1,1,Complains Of Pain,,41.8269,-71.43756
185986,2013-00062318,06-Jul-13,11:27:00 PM,Bicycle,,1,,,1,SERVICE ROAD 8,BROADWAY ,Michael Sullivan,347,07-Jul-13,"Two-Way , Not Divided",Dry,Dark - Lighted,Clear,Not a Collision Between Two Motor Vehicles in Transport,No,Traffic Control Signal,2,1,Complains Of Pain,4,41.82212,-71.41976
185796,2013-00061770,05-Jul-13,1:45:00 PM,Pedestrian,1,,,,1,PUBLIC ST,TEMPLE ST ,Werchadlo Jr.,679,05-Jul-13,"Two-Way , Not Divided",Dry,Daylight,Clear,Other,No,No Controls,5,1,Complains Of Pain,,41.80691,-71.40895
185863,2013-00061759,05-Jul-13,1:17:00 PM,Bicycle,,1,,,1,220 NIANTIC AVENUE,,Joseph Madeira,552,05-Jul-13,"Two-Way , Not Divided",Dry,Daylight,Clear,Rear End(Front-to-Rear),No,No Controls,2,1,Non-Incapacitating,2,41.84187,-71.41864
185656,2013-00061009,03-Jul-13,4:46:00 PM,Pedestrian,1,,,,1,BROADWAY,KNIGHT ST ,Michael Moonan,286,03-Jul-13,"Two-Way , Not Divided",Dry,Daylight,Clear,Not a Collision Between Two Motor Vehicles in Transport,No,Traffic Control Signal,2,1,Complains Of Pain,,41.8198,-71.42936
185417,2013-00060250,01-Jul-13,3:23:00 PM,Bicycle,,1,,,1,INDUSTRIAL DR,N MAIN ST ,Ralph Abenante,511,01-Jul-13,"Two-Way, Divided, Unprotected (painted>4feet) Medium",Dry,Daylight,Cloudy,Angle (Front - to - Side) Same Direction,"Yes, M/V and Driver Left Scene",Flashing Traffic Control Signal,3,1,Complains Of Pain,,41.84063,-71.40872
185467,2013-00060375,01-Jul-13,9:09:00 PM,Pedestrian,1,,,,1,1022 BROAD STREET,BROAD ST ,Jared Stanzione,193,01-Jul-13,"Two-Way , Not Divided",Wet,Dark - Not Lighted,Rain,Not a Collision Between Two Motor Vehicles in Transport,"Yes, M/V and Driver Left Scene",No Controls,2,1,Incapacitating,,41.79716,-71.41337
186734,2013-00060272,01-Jul-13,5:00:00 PM,Pedestrian,1,,,,1,ELMWOOD AVE,POTTERS AVE ,Alex Gonzalez,473,13-Jul-13,Unknown,Dry,Daylight,Clear,Not a Collision Between Two Motor Vehicles in Transport,"Yes, M/V and Driver Left Scene",No Controls,3,1,Complains Of Pain,,41.80149,-71.42636
185346,2013-00059997,30-Jun-13,7:07:00 PM,Bicycle,,1,,,1,CRANSTON ST,WAVERLY ST ,Miguel Mena-Torres,493,30-Jun-13,"Two-Way , Not Divided",Dry,Daylight,Cloudy,Not a Collision Between Two Motor Vehicles in Transport,No,No Controls,2,1,Complains Of Pain,,41.80832,-71.43454
183933,2013-00055672,19-Jun-13,8:33:00 PM,Pedestrian,1,,,,1,unknown,unknown,Ptlm. Chin,516,19-Jun-13,"Two-Way , Not Divided",Unknown,Dark - Lighted,Cloudy,Not a Collision Between Two Motor Vehicles in Transport,"Yes, M/V and Driver Left Scene",Unknown,1,1,Complains Of Pain,2,41.82547,-71.40121
183711,2013-00054818,17-Jun-13,4:10:00 PM,Pedestrian,1,,,,1,WICKENDEN ST,TRAVERSE ST ,Fausto Garcia,109,17-Jun-13,"Two-Way , Not Divided",Dry,Daylight,Clear,Not a Collision Between Two Motor Vehicles in Transport,No,No Controls,2,1,Complains Of Pain,2,41.8193,-71.39969
183496,2013-00054126,15-Jun-13,11:00:00 PM,Pedestrian,1,,,,1,DEAN ST,UNNAMED_38 ,Andrew Mignanelli,361,16-Jun-13,One-Way Trafficway,Dry,Dark - Lighted,Clear,Other,"Yes, M/V and Driver Left Scene",No Controls,1,1,Non-Incapacitating,,41.82995,-71.42713
183115,2013-00053148,13-Jun-13,11:36:00 AM,Pedestrian,1,,,,1,SMITH ST,ACADEMY AVE,Jin O,147,13-Jun-13,"Two-Way , Not Divided",Wet,Daylight,Rain,Not a Collision Between Two Motor Vehicles in Transport,"Yes, M/V and Driver Left Scene",Traffic Control Signal,3,0,No Injury,2,41.84258,-71.44515
183246,2013-00053327,13-Jun-13,10:55:00 PM,Bicycle,,1,,,1,Friendship,LOCKWOOD ST ,Margaret Schlageter,472,13-Jun-13,"Two-Way , Not Divided",Wet,Dark - Unknown Lighting,Rain,Angle (Front - to - Side) Right Angle (Includes Broadside),No,Stop Signs,2,1,Complains Of Pain,1,41.81367,-71.4174
183059,2013-00052907,12-Jun-13,5:02:00 PM,Pedestrian,1,,,,1,Chalkstone Ave,Violet St,Ptlm. Dalton,257,12-Jun-13,"Two-Way , Not Divided",Dry,Daylight,Clear,Not a Collision Between Two Motor Vehicles in Transport,"Yes, M/V and Driver Left Scene",No Controls,1,1,Complains Of Pain,,41.83495,-71.42669
183726,2013-00052127,10-Jun-13,12:30:00 PM,Pedestrian,1,,,,1,Cranston St.,HUNTINGTON AVE ,Frank Moody,328,18-Jun-13,"Two-Way , Not Divided",Dry,Daylight,Clear,Angle (Front - to - Side) Right Angle (Includes Broadside),No,Traffic Control Signal,2,1,Complains Of Pain,,41.80379,-71.43918
182191,2013-00051339,08-Jun-13,2:08:00 PM,Bicycle,,1,,,1,102 ALTHEA ST,,MICHAEL R. TROIA / TRAFFIC BUREAU,331,08-Jun-13,"Two-Way , Not Divided",Dry,Daylight,Clear,Not a Collision Between Two Motor Vehicles in Transport,No,No Controls,2,1,Complains Of Pain,2,41.80804,-71.4357
181945,2013-00050659,06-Jun-13,2:25:00 PM,Pedestrian,1,,,,1,WATERMAN ST,BROWN ST ,Thomas Rose,465,07-Jun-13,One-Way Trafficway,Dry,Daylight,Clear,Other,No,Pavement Markings,3,1,Complains Of Pain,,41.82705,-71.40304
181663,2013-00050216,05-Jun-13,10:19:00 AM,Pedestrian,1,,,,1,1023 CHALKSTONE AVENUE,,Joseph Madeira,552,05-Jun-13,"Two-Way , Not Divided",Dry,Daylight,Clear,Other,"Yes, M/V and Driver Left Scene",No Controls,1,1,Non-Incapacitating,2,41.82678,-71.41882
181473,2013-00049880,04-Jun-13,1:08:00 PM,Pedestrian,1,,,,1,FENNER STREET,,Joseph Madeira,552,04-Jun-13,"Two-Way , Not Divided",Dry,Daylight,Clear,Other,No,No Controls,3,1,Non-Incapacitating,,41.82672,-71.41981
181335,2013-00049577,03-Jun-13,3:25:00 PM,Pedestrian,1,,,,1,SILVER SPRING ST,ROYAL LITTLE DR ,Michael Pattie,316,03-Jun-13,"Two-Way, Divided, Unprotected (painted>4feet) Medium",Wet,Daylight,Cloudy,Angle (Front - to - Side) Right Angle (Includes Broadside),No,No Controls,2,1,Complains Of Pain,,41.84669,-71.41621
181350,2013-00049534,03-Jun-13,1:10:00 PM,Pedestrian,1,,,,1,530 NORTH MAIN ST,RANDALL SQ ,Trent Hastings,326,03-Jun-13,Unknown,Dry,Daylight,Cloudy,Unknown,No,No Controls,2,1,Complains Of Pain,,41.83694,-71.40987
181653,2013-00049544,03-Jun-13,1:49:00 PM,Pedestrian,1,,,,1,HARTFORD AVE,HARTFORD AVE ,Darren Hull,598,05-Jun-13,"Two-Way, Divided, Unprotected (painted>4feet) Medium",Dry,Daylight,Clear,"Sidwswipe, Opposite Direction",No,No Controls,2,0,No Injury,,41.81846,-71.45798
181201,2013-00048757,01-Jun-13,12:46:00 PM,Bicycle,,1,,,1,BYFIELD ST,BROAD ST,Merrick Cook,280,02-Jun-13,"Two-Way , Not Divided",Dry,Daylight,Clear,Angle (Front - to - Side) Right Angle (Includes Broadside),No,Stop Signs,3,1,Non-Incapacitating,2,41.79439,-71.40993
181003,2013-00048411,31-May-13,5:18:00 PM,Pedestrian,1,,,,1,Smith Street,River Avenue,Brian Dyer,180,31-May-13,"Two-Way , Not Divided",Dry,Daylight,Clear,Unknown,No,No Controls,2,0,No Injury,,41.84063,-71.44055
181047,2013-00048388,31-May-13,4:34:00 PM,Pedestrian,1,,,,1,160 Pine St,RICHMOND ST ,Ptlm. Chin,516,31-May-13,One-Way Trafficway,Other,Daylight,Clear,Not a Collision Between Two Motor Vehicles in Transport,No,Flashing Traffic Control Signal,10,2,Complains Of Pain,1,41.82051,-71.41189
180742,2013-00047817,30-May-13,7:03:00 AM,Pedestrian,1,,,,1,EDDY STREET,DUDLEY STREET,Joseph Madeira,552,30-May-13,"Two-Way , Not Divided",Dry,Daylight,Clear,Other,No,Traffic Control Signal,2,1,Complains Of Pain,2,41.82602,-71.41884
180771,2013-00047871,30-May-13,10:59:00 AM,Pedestrian,1,,,,1,WASHINGTON STREET,GREENE STREET,Joseph Madeira,552,30-May-13,"Two-Way , Not Divided",Dry,Daylight,Clear,Other,No,No Controls,2,1,Non-Incapacitating,2,41.82762,-71.41844
180709,2013-00047656,29-May-13,5:27:00 PM,Pedestrian,1,,,,1,WAYLAND AVE,S ANGELL ST ,Fausto Garcia,109,29-May-13,"Two-Way , Not Divided",Dry,Daylight,Clear,Other,No,Traffic Control Signal,2,1,Complains Of Pain,2,41.83003,-71.38795
180549,2013-00047130,28-May-13,4:18:00 AM,Pedestrian,1,,,,1,BATH ST,W PARK ST ,Thomas Connetta,374,28-May-13,"Two-Way , Not Divided",Dry,Dark - Lighted,Clear,Not a Collision Between Two Motor Vehicles in Transport,No,No Controls,4,1,Fatal,,41.83186,-71.4246
180345,2013-00046420,26-May-13,1:11:00 AM,Bicycle,,1,,,1,SABIN ST,MATHEWSON ST ,Alberto DaCruz,205,27-May-13,One-Way Trafficway,Wet,Dark - Lighted,Cloudy,Angle (Front - to - Side) Right Angle (Includes Broadside),No,No Controls,2,1,Complains Of Pain,,41.82397,-71.4163
179747,2013-00045215,22-May-13,7:48:00 PM,Bicycle,,1,,,1,11 Sackett St,,Michael Clary,269,22-May-13,"Two-Way , Not Divided",Dry,Dusk,Clear,Not a Collision Between Two Motor Vehicles in Transport,No,No Controls,2,1,Complains Of Pain,,41.79594,-71.41283
179494,2013-00044444,20-May-13,5:30:00 PM,Bicycle,,1,,,1,Somerset ,,Papa ,187,20-May-13,"Two-Way , Not Divided",Dry,Daylight,Clear,Not a Collision Between Two Motor Vehicles in Transport,No,No Controls,3,1,Complains Of Pain,,41.81255,-71.41833
179425,2013-00044170,19-May-13,8:52:00 PM,Bicycle,,1,,,1,A ST,PERKINS ST ,Noel Field,260,19-May-13,"Two-Way , Not Divided",Wet,Dark - Lighted,Rain,Not a Collision Between Two Motor Vehicles in Transport,"Yes, M/V and Driver Left Scene",No Controls,4,1,Complains Of Pain,2,41.81459,-71.42379
179281,2013-00043566,18-May-13,9:49:00 AM,Bicycle,,1,,,1,550 Hartford ave ,HARTFORD AVE ,Keith Lafazia,394,18-May-13,"Two-Way , Not Divided",Dry,Daylight,Clear,Head-On (Front - to - Front),"Yes, M/V and Driver Left Scene",No Controls,2,1,Complains Of Pain,,41.81913,-71.4627
179364,2013-00043745,18-May-13,7:39:00 PM,Pedestrian,2,,,,1,AUDREY ST,BOWDOIN ST ,Taylor Britto,202,18-May-13,"Two-Way , Not Divided",Dry,Daylight,Clear,Head-On (Front - to - Front),"Yes, M/V and Driver Left Scene",No Controls,2,2,Complains Of Pain,,41.82033,-71.44318
179246,2013-00043168,17-May-13,11:57:00 AM,Bicycle,,1,,,1,153 BROAD STREET,CLAVERICK STREET,Joseph Madeira,552,17-May-13,"Two-Way , Not Divided",Dry,Daylight,Clear,Other,No,No Controls,2,1,Complains Of Pain,2,41.82955,-71.41802
179105,2013-00042848,16-May-13,4:25:00 PM,Bicycle,,1,,,1,Governor Street,ANGELL ST ,Donald Castigliego,287,16-May-13,One-Way Trafficway,Dry,Daylight,Clear,Not a Collision Between Two Motor Vehicles in Transport,No,No Controls,3,1,Complains Of Pain,1,41.82835,-71.39391
179030,2013-00042607,15-May-13,9:46:00 PM,Bicycle,,1,,,1,KILLINGLY ST,DUXBURY ST ,Jason Andrade,200,15-May-13,"Two-Way, Divided, Positive Median Barrier",Dry,Dark - Lighted,Cloudy,Head-On (Front - to - Front),No,No Controls,2,1,Complains Of Pain,,41.81381,-71.46094
179032,2013-00042628,15-May-13,11:08:00 PM,Pedestrian,1,,,,1,Dorrance St,Westminster St,Andrew Groot,188,16-May-13,"Two-Way, Divided, Unprotected (painted>4feet) Medium",Dry,Dark - Lighted,Clear,Not a Collision Between Two Motor Vehicles in Transport,"Yes, M/V and Driver Left Scene",Traffic Control Signal,2,1,Complains Of Pain,,41.82361,-71.41167
178826,2013-00042104,14-May-13,11:04:00 AM,Pedestrian,1,,,,1,MANTON AVE,GREENWOOD ST ,Trent Hastings,326,14-May-13,"Two-Way , Not Divided",Dry,Daylight,Clear,Not a Collision Between Two Motor Vehicles in Transport,No,No Controls,2,1,Complains Of Pain,,41.82377,-71.45168
178875,2013-00042203,14-May-13,4:45:00 PM,Bicycle,,1,,,1,35 Hollis St,PARADE ST ,Ptlm. Chin,516,14-May-13,"Two-Way , Not Divided",Dry,Daylight,Cloudy,Not a Collision Between Two Motor Vehicles in Transport,No,No Controls,5,1,Complains Of Pain,2,41.81071,-71.43095
178267,2013-00040162,09-May-13,10:29:00 AM,Pedestrian,1,,,,1,HAWTHORNE ST,BUCKLIN ST ,Luis Fernandez,531,09-May-13,"Two-Way , Not Divided",Wet,Daylight,Cloudy,Not a Collision Between Two Motor Vehicles in Transport,No,No Controls,2,1,Complains Of Pain,,41.80097,-71.42778
178332,2013-00040272,09-May-13,3:37:00 PM,Pedestrian,1,,,,1,PRUDENCE AVE,,Matthew Cute,308,09-May-13,"Two-Way , Not Divided",Dry,Daylight,Clear,Not a Collision Between Two Motor Vehicles in Transport,No,No Controls,2,1,Complains Of Pain,,41.80626,-71.45955
177913,2013-00038913,05-May-13,5:52:00 PM,Pedestrian,1,,,,1,98/ 100 Rosedale St,ELLERY ST ,"Noel Field, Sigillo and Clary",260,05-May-13,"Two-Way , Not Divided",Dry,Daylight,Clear,Not a Collision Between Two Motor Vehicles in Transport,No,No Controls,7,1,Fatal,2,41.81055,-71.43911
177797,2013-00038537,04-May-13,6:35:00 PM,Bicycle,,,,,2,WILLIAMS ST,BROOK ST ,Ptlm. Caraccia,360,04-May-13,"Two-Way , Not Divided",Dry,Daylight,Clear,Not a Collision Between Two Motor Vehicles in Transport,No,Stop Signs,3,2,Non-Incapacitating,,41.82245,-71.39859
177669,2013-00038057,03-May-13,3:32:00 PM,Pedestrian,1,,,,1,CHARLESFIELD ST,HOPE ST ,Nicole Darling,325,03-May-13,"Two-Way , Not Divided",Dry,Daylight,Clear,Not a Collision Between Two Motor Vehicles in Transport,"Yes, M/V and Driver Left Scene",Traffic Control Signal,1,1,Complains Of Pain,,41.82414,-71.3972
177718,2013-00038177,03-May-13,8:31:00 PM,Bicycle,,1,,,1,Washington St,Greene St,Michael Clary,269,04-May-13,"Two-Way , Not Divided",Dry,Dark - Lighted,Clear,Not a Collision Between Two Motor Vehicles in Transport,"Yes, M/V and Driver Left Scene",Traffic Control Signal,2,1,Complains Of Pain,,41.82126,-71.4172
177367,2013-00037251,01-May-13,10:36:00 AM,Pedestrian,1,,,,1,1473 broad st,BROAD ST ,Ptlm. Chin,516,01-May-13,"Two-Way, Divided, Positive Median Barrier",Dry,Daylight,Clear,Not a Collision Between Two Motor Vehicles in Transport,No,No Controls,2,1,Complains Of Pain,1,41.78732,-71.40273
177281,2013-00036910,30-Apr-13,9:31:00 AM,Pedestrian,1,,,,1,PLAINFIELD STREET,ELDER PL ,D. Hull,598,30-Apr-13,"Two-Way, Divided, Unprotected (painted>4feet) Medium",Dry,Daylight,Clear,Not a Collision Between Two Motor Vehicles in Transport,"Yes, M/V and Driver Left Scene",Person,3,1,Complains Of Pain,,41.81293,-71.4574
177345,2013-00037165,30-Apr-13,11:31:00 PM,Pedestrian,1,,,,1,DORRANCE STREET,WASHINGTON ST ,Alberto DaCruz,205,01-May-13,One-Way Trafficway,Dry,Dark - Lighted,Clear,Not a Collision Between Two Motor Vehicles in Transport,No,Traffic Control Signal,3,1,Incapacitating,,41.82458,-71.41297
177006,2013-00036416,28-Apr-13,2:53:00 PM,Bicycle,,1,,,1,WATERMAN ST,HENDERSON BRIDGE ,Glen Morgan,558,28-Apr-13,One-Way Trafficway,Dry,Daylight,Clear,"Sideswipe, Same Direction",No,No Controls,4,1,Complains Of Pain,,41.82759,-71.38289
177674,2013-00036521,28-Apr-13,9:37:00 PM,Pedestrian,1,,,,1,44 WARREN ST,FULLER ST ,Miguel Mena-Torres,493,03-May-13,"Two-Way , Not Divided",Dry,Dark - Lighted,Cloudy,"Sideswipe, Same Direction","Yes, M/V and Driver Left Scene",No Controls,2,1,Complains Of Pain,,41.81081,-71.42593
176807,2013-00035794,27-Apr-13,11:39:00 PM,Pedestrian,1,,,,1,338 Manton Ave,AMHERST ST ,Noel Field,260,27-Apr-13,"Two-Way , Not Divided",Dry,Dark - Lighted,Clear,Not a Collision Between Two Motor Vehicles in Transport,No,No Controls,3,1,Complains Of Pain,2,41.82336,-71.45111
176607,2013-00034972,24-Apr-13,6:09:00 PM,Pedestrian,1,,,,1,plain st ,BORDEN ST ,Ptlm. Chin,516,24-Apr-13,"Two-Way , Not Divided",Dry,Daylight,Clear,Not a Collision Between Two Motor Vehicles in Transport,"Yes, M/V and Driver Left Scene",Stop Signs,1,1,Complains Of Pain,2,41.81334,-71.41232
176613,2013-00034989,24-Apr-13,6:45:00 PM,Bicycle,,1,,,1,160 JULIAN STREET,AMHERST ST ,Darren Hull,598,24-Apr-13,"Two-Way , Not Divided",Dry,Daylight,Clear,Angle - Direction Not Specified,No,No Controls,2,1,Complains Of Pain,2,41.82379,-71.44476
176372,2013-00034219,22-Apr-13,8:04:00 AM,Pedestrian,1,,,,1,CUTLER STREET,ATWELLS AVENUE,Joseph Madeira,552,22-Apr-13,"Two-Way , Not Divided",Dry,Daylight,Clear,Other,"Yes, M/V and Driver Left Scene",No Controls,1,1,Complains Of Pain,2,41.82435,-71.41963
176392,2013-00034260,22-Apr-13,11:30:00 AM,Bicycle,,1,,,1,1500 BROAD STREET,,Joseph Madeira,552,22-Apr-13,"Two-Way , Not Divided",Dry,Daylight,Clear,Head-On (Front - to - Front),No,No Controls,4,1,Non-Incapacitating,2,41.83116,-71.41751
176125,2013-00033558,20-Apr-13,2:10:00 AM,Pedestrian,2,,,,1,548 Atwells Ave,EAGLE ST ,Michael Clary,269,20-Apr-13,"Two-Way , Not Divided",Wet,Dark - Lighted,Rain,Not a Collision Between Two Motor Vehicles in Transport,No,No Controls,4,2,Complains Of Pain,,41.82439,-71.43469
176091,2013-00033392,19-Apr-13,6:09:00 PM,Pedestrian,1,,,,1,N MAIN ST,N MAIN ST ,Ralph Abenante,511,19-Apr-13,"Two-Way, Divided, Positive Median Barrier",Wet,Dusk,Cloudy,Head-On (Front - to - Front),No,No Controls,2,1,Complains Of Pain,,41.8434,-71.40715
176056,2013-00033099,18-Apr-13,11:29:00 PM,Bicycle,,1,,,1,COLLEGE ST,WESTMINSTER ST ,Noel Field,260,19-Apr-13,"Two-Way , Not Divided",Dry,Dark - Lighted,Cloudy,Not a Collision Between Two Motor Vehicles in Transport,No,Traffic Control Signal,5,1,Incapacitating,2,41.8253,-71.40888
175739,2013-00032221,16-Apr-13,10:32:00 AM,Bicycle,,1,,,1,BENEVOLENT ST,BROOK ST ,Trent Hastings,326,16-Apr-13,"Two-Way , Not Divided",Dry,Daylight,Clear,Angle (Front - to - Side) Right Angle (Includes Broadside),No,Stop Signs,3,1,Complains Of Pain,,41.8249,-71.39897
175782,2013-00032281,16-Apr-13,2:18:00 PM,Bicycle,,1,,,1,VALLEY ST,EAGLE ST ,Trent Hastings,326,16-Apr-13,"Two-Way , Not Divided",Dry,Daylight,Clear,Other,No,Flashing Traffic Control Signal,3,1,Complains Of Pain,,41.82741,-71.4364
175589,2013-00031889,15-Apr-13,6:46:00 AM,Pedestrian,1,,,,1,WESTMINISTER STREET,SERVICE ROAD # 3,Joseph Madeira,552,15-Apr-13,"Two-Way , Not Divided",Dry,Daylight,Clear,Other,"Yes, M/V and Driver Left Scene",No Controls,1,1,Complains Of Pain,2,41.82477,-71.41987
175845,2013-00032049,15-Apr-13,5:40:00 PM,Pedestrian,1,,,,1,RAYMOND STREET ,CHALKSTONE AVENUE ,Giuseppe Scarcello,485,15-Apr-13,"Two-Way , Not Divided",Dry,Daylight,Clear,Not a Collision Between Two Motor Vehicles in Transport,No,Traffic Control Signal,2,1,Non-Incapacitating,2,41.82609,-71.42328
175482,2013-00031500,13-Apr-13,11:49:00 PM,Pedestrian,1,,,,1,North Main St,Rochambeau Ave ,Michael Clary,269,14-Apr-13,"Two-Way, Divided, Positive Median Barrier",Dry,Dark - Lighted,Clear,Not a Collision Between Two Motor Vehicles in Transport,No,Traffic Control Signal,3,1,Complains Of Pain,,41.84676,-71.40505
175184,2013-00030454,10-Apr-13,5:50:00 PM,Pedestrian,1,,,,1,Thurbers Ave,Burnside Street,Thomas Richards,162,10-Apr-13,"Two-Way , Not Divided",Dry,Daylight,Clear,Other,No,Stop Signs,3,1,Complains Of Pain,,41.79916,-71.40973
175052,2013-00030170,09-Apr-13,7:44:00 PM,Pedestrian,1,,,,1,195 Vinton St,,Michael Clary,269,09-Apr-13,"Two-Way , Not Divided",Dry,Dark - Lighted,Clear,Not a Collision Between Two Motor Vehicles in Transport,No,No Controls,3,1,Complains Of Pain,,41.81884,-71.42692
174882,2013-00029621,08-Apr-13,10:57:00 AM,Pedestrian,1,,,,1,BLACKSTONE ST,EDDY ST ,Trent Hastings,326,08-Apr-13,"Two-Way , Not Divided",Dry,Daylight,Clear,Not a Collision Between Two Motor Vehicles in Transport,No,No Controls,3,1,Complains Of Pain,,41.81012,-71.40729
174883,2013-00029631,08-Apr-13,11:32:00 AM,Pedestrian,1,,,,1,EMPIRE ST,WASHINGTON ST ,Trent Hastings,326,08-Apr-13,"Two-Way , Not Divided",Dry,Daylight,Clear,Not a Collision Between Two Motor Vehicles in Transport,No,Traffic Control Signal,2,1,Complains Of Pain,,41.82189,-71.41654
174825,2013-00028495,04-Apr-13,8:44:00 PM,Pedestrian,1,,,,1,Cranston St,Bridgham St,Michael Clary,269,07-Apr-13,"Two-Way , Not Divided",Dry,Dark - Lighted,Clear,Not a Collision Between Two Motor Vehicles in Transport,No,Traffic Control Signal,2,1,Complains Of Pain,,41.81396,-71.42694
174274,2013-00027671,02-Apr-13,12:08:00 AM,Pedestrian,1,,,,1,Atwells Ave.,Harris Ave.,Noel Field,260,02-Apr-13,Unknown,Dry,Dark - Lighted,Cloudy,Not a Collision Between Two Motor Vehicles in Transport,"Yes, M/V and Driver Left Scene",No Controls,4,1,Complains Of Pain,,41.82444,-71.43527
174198,2013-00027531,01-Apr-13,3:05:00 PM,Bicycle,,1,,,1,TROY ST,WESTMINSTER ST ,Ptlm. Chin,516,01-Apr-13,"Two-Way , Not Divided",Dry,Daylight,Clear,Not a Collision Between Two Motor Vehicles in Transport,No,No Controls,2,1,Complains Of Pain,4,41.81651,-71.44128
174266,2013-00027525,01-Apr-13,2:49:00 PM,Bicycle,,1,,,1,ATWELLS AVE,EAGLE ST ,Stephen Frechette,362,01-Apr-13,"Two-Way , Not Divided",Dry,Daylight,Clear,Not a Collision Between Two Motor Vehicles in Transport,No,No Controls,5,1,Complains Of Pain,,41.82443,-71.43514
174016,2013-00026911,30-Mar-13,3:34:00 PM,Bicycle,,1,,,1,BROADWAY,VINTON ST ,MICHAEL R. TROIA / TRAFFIC BUREAU,331,30-Mar-13,"Two-Way , Not Divided",Dry,Daylight,Clear,Not a Collision Between Two Motor Vehicles in Transport,No,No Controls,3,1,Complains Of Pain,,41.8201,-71.42807
174102,2013-00026980,30-Mar-13,7:19:00 PM,Bicycle,,1,,,1,RESERVOIR AVE,NARRAGANSETT AVE ,Kusol Pea,174,31-Mar-13,"Two-Way, Divided, Unprotected (painted>4feet) Medium",Dry,Daylight,Clear,Not a Collision Between Two Motor Vehicles in Transport,No,Traffic Control Signal,3,1,Complains Of Pain,,41.79444,-71.42665
173746,2013-00025955,27-Mar-13,4:33:00 PM,Pedestrian,1,,,,1,GENEVA ST,CHALKSTONE AVE ,Matthew Greely,184,27-Mar-13,"Two-Way , Not Divided",Dry,Daylight,Clear,Not a Collision Between Two Motor Vehicles in Transport,"Yes, M/V and Driver Left Scene",No Controls,2,1,Complains Of Pain,2,41.83227,-71.44094
173580,2013-00025648,26-Mar-13,3:19:00 PM,Bicycle,,1,,,1,HOPE ST,POWER ST,Scott Sousa,464,26-Mar-13,"Two-Way , Not Divided",Dry,Daylight,Clear,Angle (Front - to - Side) Right Angle (Includes Broadside),No,Stop Signs,2,1,Incapacitating,,41.82318,-71.39702
172941,2013-00023847,20-Mar-13,6:08:00 PM,Pedestrian,1,,,,1,BRANCH AVE,VANDEWATER ST ,Richard Esposito,320,20-Mar-13,"Two-Way , Not Divided",Dry,Daylight,Clear,Other,No,No Controls,3,1,Complains Of Pain,,41.85366,-71.42879
172874,2013-00023558,19-Mar-13,4:19:00 PM,Pedestrian,1,,,,1,PINE ST,RICHMOND ST ,Ptlm. Chin,516,19-Mar-13,"Two-Way , Not Divided",Wet,Daylight,Cloudy,Not a Collision Between Two Motor Vehicles in Transport,"Yes, M/V and Driver Left Scene",Stop Signs,2,0,No Injury,2,41.8206,-71.41181
172586,2013-00023073,17-Mar-13,8:48:00 PM,Pedestrian,1,,,,1,EXCHANGE TER,EXCHANGE ST,MICHAEL R. TROIA / TRAFFIC BUREAU,331,17-Mar-13,One-Way Trafficway,Dry,Dark - Lighted,Clear,Not a Collision Between Two Motor Vehicles in Transport,"Yes, M/V and Driver Left Scene",No Controls,1,1,Non-Incapacitating,2,41.82502,-71.41483
172288,2013-00022378,15-Mar-13,7:54:00 PM,Pedestrian,1,,,,1,THAYER ST,WATERMAN ST ,Elizabeth Pedchenko,498,15-Mar-13,One-Way Trafficway,Dry,Dark - Lighted,Clear,Head-On (Front - to - Front),No,No Controls,2,1,Complains Of Pain,,41.82729,-71.40054
171639,2013-00020578,09-Mar-13,4:42:00 PM,Pedestrian,1,,,,1,MOOREFIELD ST,POCASSET AVE ,Jason Andrade,200,09-Mar-13,"Two-Way, Divided, Positive Median Barrier",Dry,Daylight,Clear,Other,No,No Controls,2,1,Complains Of Pain,,41.80693,-71.45674
172151,2013-00020531,09-Mar-13,1:34:00 PM,Pedestrian,1,,,,1,WESTMINSTER ST,EMPIRE ST ,James Conti,606,09-Mar-13,"Two-Way , Not Divided",Dry,Daylight,Clear,Not a Collision Between Two Motor Vehicles in Transport,No,Traffic Control Signal,4,1,Complains Of Pain,,41.82097,-71.41532
171586,2013-00020341,08-Mar-13,9:45:00 PM,Pedestrian,1,,,,1,WATERMAN ST,BROWN ST ,Fausto Garcia,109,08-Mar-13,One-Way Trafficway,Ice/Frost,Dark - Lighted,Clear,Other,No,Stop Signs,8,1,Complains Of Pain,,41.82705,-71.40304