CrashReportId,ReportNumber,CrashDate,CrashTime,Collision Type,CountPedestrian,CountBicycle,Scooter,Wheel Chair,NumberofVehicles,StreetOrHighway,NearestIntersection,Officer,Badge,ReportDate,TypeOfRoadway,RoadSurfaceCondition,LightCondition,WeatherCondition,MannerofImpact,HitAndRun,TrafficControl,PersonCount,InjuryCount,MostSeriousInjury,NumberOfLanes,Latitude,Longitude
157737,2012-00109877,13-Nov-12,4:34:00 PM,Pedestrian,1,,,,1,ROUTE 6 OFF RAMP,HARTFORD AVE ,MICHAEL R. TROIA / TRAFFIC BUREAU,331,13-Nov-12,One-Way Trafficway,Wet,Dark - Lighted,Rain,Head-On (Front - to - Front),No,Yield Signs,3,1,Complains Of Pain,1,41.81724,-71.44962
157510,2012-00109239,11-Nov-12,6:53:00 PM,Pedestrian,1,,,,1,DOUGLAS AVE,DOUGLAS AVE ,Ibrahim Yousif,196,11-Nov-12,"Two-Way, Divided, Unprotected (painted>4feet) Medium",Dry,Dark - Lighted,Clear,Not a Collision Between Two Motor Vehicles in Transport,No,No Controls,4,1,Complains Of Pain,,41.836,-71.41949
157455,2012-00108919,10-Nov-12,6:55:00 PM,Pedestrian,1,,,,1,EXCHANGE TER,SABIN ST ,James Cryan,352,10-Nov-12,One-Way Trafficway,Dry,Dark - Lighted,Clear,Angle - Direction Not Specified,"Yes, M/V and Driver Left Scene",No Controls,1,1,Complains Of Pain,2,41.82493,-71.41507
157338,2012-00108586,09-Nov-12,7:08:00 PM,Pedestrian,1,,,,1,HUXLEY AVE,EATON ST ,Vincent Pazzetta,641,09-Nov-12,"Two-Way , Not Divided",Dry,Dark - Lighted,Clear,Not a Collision Between Two Motor Vehicles in Transport,No,No Controls,2,1,Non-Incapacitating,,41.84375,-71.43317
157358,2012-00108563,09-Nov-12,5:54:00 PM,Pedestrian,1,,,,1,EDNA ST,PLAINFIELD ST ,Jason Andrade,200,09-Nov-12,One-Way Trafficway,Dry,Dark - Lighted,Clear,Head-On (Front - to - Front),"Yes, M/V and Driver Left Scene",Traffic Control Signal,2,1,Complains Of Pain,,41.81593,-71.44514
156981,2012-00108023,08-Nov-12,12:38:00 AM,Pedestrian,1,,,,1,Waterman St.,Brown St.,Noel Field,260,08-Nov-12,One-Way Trafficway,Slush,Dark - Lighted,Snow,Not a Collision Between Two Motor Vehicles in Transport,"Yes, M/V and Driver Left Scene",Stop Signs,3,1,Complains Of Pain,1,41.82705,-71.40304
157106,2012-00108191,08-Nov-12,4:10:00 PM,Pedestrian,1,,,,1,PLAINFIELD ST,WEBSTER AVE ,Jason Andrade,200,08-Nov-12,"Two-Way, Divided, Positive Median Barrier",Wet,Dark - Lighted,Cloudy,Head-On (Front - to - Front),"Yes, M/V and Driver Left Scene",Traffic Control Signal,1,1,Complains Of Pain,,41.81366,-71.45079
156961,2012-00107952,07-Nov-12,6:35:00 PM,Pedestrian,1,,,,1,WEYBOSSET ST,PAGE ST ,Shay Chin,549,07-Nov-12,"Two-Way , Not Divided",Wet,Daylight,Snow,Not a Collision Between Two Motor Vehicles in Transport,"Yes, M/V and Driver Left Scene",No Controls,1,1,Complains Of Pain,2,41.82147,-71.41247
156729,2012-00107678,06-Nov-12,8:26:00 PM,Pedestrian,1,,,,1,BROADWAY,TOBEY ST ,Ricardo Silva,185,06-Nov-12,"Two-Way, Divided, Unprotected (painted>4feet) Medium",Dry,Dark - Lighted,Clear,Not a Collision Between Two Motor Vehicles in Transport,No,Traffic Control Signal,3,1,Complains Of Pain,,41.81848,-71.43503
156507,2012-00107318,05-Nov-12,4:03:00 PM,Pedestrian,1,,,,1,MANTON AVE,ORTOLEVA DR ,MICHAEL R. TROIA / TRAFFIC BUREAU,331,05-Nov-12,"Two-Way, Not Divided With a Continuous Left Turn Lane",Dry,Daylight,Clear,Head-On (Front - to - Front),No,No Controls,4,1,Complains Of Pain,3,41.82589,-71.45777
156518,2012-00107360,05-Nov-12,6:02:00 PM,Pedestrian,1,,,,1,HARTFORD AVE,PONAGANSETT AVE,MICHAEL R. TROIA / TRAFFIC BUREAU ,331,05-Nov-12,"Two-Way , Not Divided",Dry,Dark - Not Lighted,Clear,Head-On (Front - to - Front),No,Stop Signs,5,1,Complains Of Pain,2,41.81858,-71.45874
156212,2012-00106715,03-Nov-12,4:53:00 PM,Pedestrian,1,,,,1,DEAN ST,W EXCHANGE ST ,Ptlm. Chin,516,03-Nov-12,"Two-Way, Divided, Positive Median Barrier",Dry,Daylight,Clear,Not a Collision Between Two Motor Vehicles in Transport,No,Traffic Control Signal,2,1,Complains Of Pain,2,41.82542,-71.42583
155781,2012-00105910,01-Nov-12,10:00:00 AM,Pedestrian,1,,,,1,386 SMITH STREET,,Joseph Madeira,552,01-Nov-12,"Two-Way , Not Divided",Dry,Daylight,Clear,Other,No,No Controls,2,1,Complains Of Pain,2,41.82671,-71.41997
155783,2012-00105946,01-Nov-12,11:56:00 AM,Pedestrian,1,,,,1,MANTON AVE,DELAINE ST ,Darren Hull,598,01-Nov-12,"Two-Way , Not Divided",Dry,Daylight,Clear,"Sideswipe, Same Direction","Yes, M/V and Driver Left Scene",Traffic Control Signal,1,0,No Injury,,41.81795,-71.44465
155834,2012-00105985,01-Nov-12,3:03:00 PM,Bicycle,,1,,,1,673 BROADWAY,,MICHAEL R. TROIA / TRAFFIC BUREAU,331,01-Nov-12,"Two-Way, Divided, Positive Median Barrier",Dry,Daylight,Clear,Head-On (Front - to - Front),No,No Controls,4,0,No Injury,3,41.81671,-71.44139
156275,2012-00105888,01-Nov-12,8:03:00 AM,Pedestrian,1,,,,1,THURBERS AVE,OCEAN ST ,Roderick Soares,399,04-Nov-12,"Two-Way , Not Divided",Dry,Daylight,Clear,Not a Collision Between Two Motor Vehicles in Transport,No,No Controls,3,0,No Injury,2,41.79936,-71.40869
155499,2012-00105368,30-Oct-12,6:06:00 PM,Pedestrian,1,,,,1,MOUNT PLEASANT AVENUE ,CHALKSTONE AVENUE ,Giuseppe Scarcello,485,30-Oct-12,"Two-Way , Not Divided",Wet,Dark - Lighted,Rain,Angle (Front - to - Side) Right Angle (Includes Broadside),No,No Controls,3,1,Complains Of Pain,2,41.81322,-71.44015
154875,2012-00104171,27-Oct-12,12:46:00 AM,Pedestrian,1,,,,1,431 ATWELLS AVENUE,DALE ST ,Alicia Hersperger,327,27-Oct-12,"Two-Way, Divided, Unprotected (painted>4feet) Medium",Dry,Dark - Lighted,Clear,Not a Collision Between Two Motor Vehicles in Transport,"Yes, M/V and Driver Left Scene",No Controls,1,1,Complains Of Pain,2,41.82394,-71.43176
155083,2012-00104487,27-Oct-12,7:31:00 PM,Pedestrian,1,,,,1,EMPIRE STREET,WASHINGTON ST ,Christopher Calise,397,27-Oct-12,"Two-Way , Not Divided",Dry,Dark - Lighted,Clear,Other,No,No Controls,3,1,Complains Of Pain,2,41.8217,-71.41629
154691,2012-00103792,26-Oct-12,12:51:00 AM,Pedestrian,1,,,,1,ADMIRAL ST,DOUGLAS AVE ,Thomas Richards,279,26-Oct-12,"Two-Way, Divided, Unprotected (painted>4feet) Medium",Dry,Dark - Lighted,Clear,"Sideswipe, Same Direction","Yes, M/V and Driver Left Scene",Traffic Control Signal,3,1,Complains Of Pain,,41.84605,-71.429
154365,2012-00102915,24-Oct-12,1:13:00 PM,Bicycle,,1,,,1,WEYBOSSET ST,ORANGE ST ,Francisco Furtado,635,24-Oct-12,One-Way Trafficway,Dry,Daylight,Clear,Other,No,No Controls,2,1,Complains Of Pain,,41.82334,-71.41058
154245,2012-00103003,23-Oct-12,5:50:00 PM,Pedestrian,1,,,,1,NARRAGANSETT BLVD,MASSACHUSETTS AVE ,OR PROCTOR ,627,23-Oct-12,"Two-Way, Divided, Unprotected (painted>4feet) Medium",Dry,Daylight,Clear,Not a Collision Between Two Motor Vehicles in Transport,No,No Controls,3,1,Complains Of Pain,,41.78738,-71.39545
154371,2012-00102898,23-Oct-12,12:42:00 PM,Pedestrian,1,,,,1,WEYBOSSETT STREET,UNION STREET,Joseph Madeira,552,23-Oct-12,"Two-Way , Not Divided",Dry,Daylight,Clear,Head-On (Front - to - Front),No,No Controls,3,1,Complains Of Pain,2,41.82555,-71.41804
153985,2012-00102726,22-Oct-12,6:53:00 PM,Pedestrian,1,,,,1,Sabin St,Exchange Ter,Michael Clary,269,22-Oct-12,One-Way Trafficway,Dry,Dark - Lighted,Clear,Head-On (Front - to - Front),No,No Controls,3,1,Complains Of Pain,,41.82473,-71.41545
153670,2012-00101955,20-Oct-12,4:24:00 PM,Bicycle,,1,,,1,WESTMINSTER STREET,SERVICE ROAD 8 ,William O'Donnell,150,20-Oct-12,"Two-Way , Not Divided",Dry,Daylight,Clear,Angle (Front - to - Side) Opposite Direction,"Yes, M/V and Driver Left Scene",Stop Signs,1,1,Complains Of Pain,,41.81921,-71.41786
153452,2012-00101501,19-Oct-12,1:37:00 PM,Pedestrian,1,,,,1,RANDELL ST.,NORTH MAIN ST.,Edward Enright,480,19-Oct-12,One-Way Trafficway,Wet,Daylight,Cloudy,Not a Collision Between Two Motor Vehicles in Transport,No,Yield Signs,3,1,Complains Of Pain,,41.83688,-71.4147
153488,2012-00101576,19-Oct-12,6:14:00 PM,Pedestrian,1,,,,1,MOUNT PLEASANT AVE,MANOMET ST ,Ptlm. Chin,516,19-Oct-12,"Two-Way , Not Divided",Wet,Dark - Lighted,Rain,Not a Collision Between Two Motor Vehicles in Transport,No,No Controls,4,1,Incapacitating,2,41.83438,-71.45015
153133,2012-00101031,18-Oct-12,2:12:00 AM,Pedestrian,1,,,,1,Branch Ave,Touro St,Michael Clary,269,18-Oct-12,"Two-Way , Not Divided",Dry,Dark - Lighted,Clear,Head-On (Front - to - Front),"Yes, M/V and Driver Left Scene",No Controls,4,1,Incapacitating,,41.84995,-71.41927
153279,2012-00101170,18-Oct-12,3:18:00 PM,Bicycle,,1,,,1,PUBLIC ST,BROAD ST ,Joshua Greeno,179,18-Oct-12,"Two-Way , Not Divided",Dry,Daylight,Clear,Not a Collision Between Two Motor Vehicles in Transport,No,Traffic Control Signal,2,1,Complains Of Pain,2,41.80442,-71.41935
152796,2012-00100582,16-Oct-12,3:00:00 PM,Pedestrian,1,,,,1,Broad Street,FRICKER ST ,Michele Rudolph,512,16-Oct-12,"Two-Way, Divided, Unprotected (painted>4feet) Medium",Dry,Daylight,Clear,Not a Collision Between Two Motor Vehicles in Transport,No,No Controls,3,0,No Injury,2,41.81523,-71.42069
153461,2012-00100613,16-Oct-12,4:10:00 PM,Pedestrian,1,,,,1,PLAINFIELD ST,PLAINFIELD ST ,Jason Andrade,200,16-Oct-12,"Two-Way, Divided, Positive Median Barrier",Dry,Daylight,Clear,Head-On (Front - to - Front),No,No Controls,2,1,Complains Of Pain,,41.81304,-71.45674
152551,2012-00100358,15-Oct-12,6:17:00 PM,Pedestrian,1,,,,1,SMITHFIELD AVE,EXIT ,Glen Morgan,558,15-Oct-12,One-Way Trafficway,Dry,Dark - Lighted,Clear,"Sideswipe, Same Direction","Yes, M/V and Driver Left Scene",No Controls,1,1,Complains Of Pain,,41.85571,-71.40708
152376,2012-00099801,14-Oct-12,2:16:00 AM,Pedestrian,2,,,,1,EXIT 22A (RT ),FRANCIS ST ,Jason Cotugno,173,14-Oct-12,"Two-Way, Divided, Positive Median Barrier",Dry,Dark - Lighted,Clear,Not a Collision Between Two Motor Vehicles in Transport,No,Traffic Control Signal,5,2,Incapacitating,,41.82577,-71.41527
152430,2012-00099956,14-Oct-12,1:57:00 PM,Pedestrian,1,,,,1,WICKENDEN ST,THOMPSON ST ,John Almeida,386,14-Oct-12,"Two-Way , Not Divided",Dry,Daylight,Clear,Not a Collision Between Two Motor Vehicles in Transport,No,No Controls,2,0,No Injury,,41.81955,-71.39699
153097,2012-00099949,14-Oct-12,1:31:00 PM,Pedestrian,1,,,,1,POTTERS AVE,GRAND ST ,Jesse Ferrell,428,17-Oct-12,"Two-Way , Not Divided",Dry,Daylight,Clear,Not a Collision Between Two Motor Vehicles in Transport,No,No Controls,3,1,Complains Of Pain,,41.80302,-71.43209
152114,2012-00099333,12-Oct-12,4:47:00 PM,Bicycle,,1,,,1,OXFORD ST,EDDY ST ,Taylor Britto,202,12-Oct-12,"Two-Way , Not Divided",Dry,Daylight,Clear,Angle (Front - to - Side) Right Angle (Includes Broadside),No,No Controls,2,1,Complains Of Pain,,41.8031,-71.40669
151754,2012-00098855,11-Oct-12,7:45:00 AM,Bicycle,,1,,,1,289 ELMWOOD AVENUE,MOORE STREET,Joseph Madeira,552,11-Oct-12,"Two-Way , Not Divided",Dry,Daylight,Clear,Other,No,No Controls,4,1,Complains Of Pain,4,41.82955,-71.41802
151856,2012-00099023,11-Oct-12,6:41:00 PM,Pedestrian,1,,,,1,PRAIRIE AVE,DUDLEY ST ,Papa ,187,11-Oct-12,"Two-Way , Not Divided",Dry,Dark - Lighted,Clear,Not a Collision Between Two Motor Vehicles in Transport,No,No Controls,2,1,Complains Of Pain,,41.81032,-71.4156
153815,2012-00099024,11-Oct-12,6:45:00 PM,Bicycle,,1,,,1,CHARLES ST,LEDGE ST,Michael Pattie,316,21-Oct-12,"Two-Way, Divided, Unprotected (painted>4feet) Medium",Dry,Dark - Lighted,Clear,Other,No,No Controls,3,0,No Injury,,41.85311,-71.42042
151663,2012-00098679,10-Oct-12,4:27:00 PM,Bicycle,,1,,,1,DEXTER ST,CRANSTON ST ,Ptlm. Chin,516,10-Oct-12,"Two-Way , Not Divided",Wet,Daylight,Clear,Not a Collision Between Two Motor Vehicles in Transport,No,Traffic Control Signal,2,1,Complains Of Pain,2,41.81265,-71.42961
151666,2012-00098687,10-Oct-12,4:46:00 PM,Pedestrian,1,,,,1,1850 Westminster St,SERVICE ROAD 3 ,Ptlm. Chin,516,10-Oct-12,"Two-Way , Not Divided",Wet,Daylight,Cloudy,Not a Collision Between Two Motor Vehicles in Transport,No,Pavement Markings,3,1,Complains Of Pain,4,41.81631,-71.44056
151832,2012-00098593,10-Oct-12,11:28:00 AM,Pedestrian,1,,,,1,TRANSIT ST,GOVERNOR ST ,Francisco Furtado,635,10-Oct-12,"Two-Way , Not Divided",Wet,Daylight,Rain,Other,No,No Controls,2,1,Complains Of Pain,,41.82125,-71.39382
151955,2012-00098556,10-Oct-12,8:57:00 AM,Bicycle,,1,,,1,JOHN ST,BROOK ST ,Francisco Furtado,635,12-Oct-12,"Two-Way , Not Divided",Wet,Daylight,Rain,Other,No,Stop Signs,3,1,Complains Of Pain,,41.82177,-71.39849
150761,2012-00096663,04-Oct-12,1:41:00 PM,Bicycle,,1,,,1,PRAIRIE AVE,POINT ST ,Jose Deschamps,419,04-Oct-12,"Two-Way, Divided, Unprotected (painted>4feet) Medium",Dry,Daylight,Cloudy,Other,No,Stop Signs,5,1,Complains Of Pain,,41.81451,-71.41531
151255,2012-00095515,30-Sep-12,4:15:00 PM,Bicycle,,1,,,1,500 Broad Street,PINE ST ,Michael Fallon,144,07-Oct-12,"Two-Way , Not Divided",Dry,Daylight,Clear,Not a Collision Between Two Motor Vehicles in Transport,No,No Controls,2,1,Non-Incapacitating,,41.81125,-71.4214
149983,2012-00095216,29-Sep-12,8:38:00 PM,Pedestrian,1,,,,1,UNION AVE,WHITEHALL ST ,Andres Perez,614,30-Sep-12,"Two-Way , Not Divided",Wet,Dark - Not Lighted,Rain,Not a Collision Between Two Motor Vehicles in Transport,No,No Controls,2,1,Complains Of Pain,,41.80778,-71.4439
149344,2012-00094074,26-Sep-12,5:40:00 PM,Bicycle,,1,,,1,253 elmwood ave,WHITMARSH ST ,Ptlm. Chin,516,26-Sep-12,"Two-Way , Not Divided",Dry,Daylight,Cloudy,Not a Collision Between Two Motor Vehicles in Transport,"Yes, M/V and Driver Left Scene",No Controls,1,1,Complains Of Pain,2,41.80579,-71.42511
149375,2012-00094110,26-Sep-12,7:26:00 PM,Bicycle,,1,,,1,N Main St,Duncan St,Noel Field,260,26-Sep-12,"Two-Way, Divided, Positive Median Barrier",Dry,Dark - Lighted,Cloudy,Not a Collision Between Two Motor Vehicles in Transport,No,No Controls,4,1,Complains Of Pain,,41.84127,-71.40818
149039,2012-00093572,25-Sep-12,9:40:00 AM,Bicycle,,1,,,1,CRANSTON ST,BRIDGHAM ST ,Francisco Furtado,635,25-Sep-12,"Two-Way, Divided, Unprotected (painted>4feet) Medium",Dry,Daylight,Clear,Angle - Direction Not Specified,No,Traffic Control Signal,2,1,Complains Of Pain,,41.81396,-71.42694
149086,2012-00093601,25-Sep-12,11:18:00 AM,Bicycle,,1,,,1,400 WEST FOUNTAIN STREET,,Joseph Madeira,552,25-Sep-12,"Two-Way , Not Divided",Dry,Daylight,Clear,"Sideswipe, Same Direction",No,No Controls,3,0,Unknown,2,41.82602,-71.41884
148846,2012-00093229,24-Sep-12,8:36:00 AM,Bicycle,,1,,,1,CADY ST,BENEFIT ST ,Richard Mills,424,24-Sep-12,"Two-Way , Not Divided",Dry,Daylight,Clear,Unknown,No,No Controls,2,1,Incapacitating,,41.82986,-71.40868
148968,2012-00093412,24-Sep-12,6:09:00 PM,Bicycle,,1,,,1,UNION AVE EXIT,UNION AVE ,Troy Lambert,413,24-Sep-12,One-Way Trafficway,Dry,Daylight,Clear,Not a Collision Between Two Motor Vehicles in Transport,No,Traffic Control Signal,3,1,Complains Of Pain,,41.80886,-71.43993
148985,2012-00093459,24-Sep-12,8:21:00 PM,Bicycle,,1,,,1,CRANSTON ST,HOLLIS ST ,Michael Clary,269,24-Sep-12,"Two-Way , Not Divided",Dry,Dark - Lighted,Clear,Not a Collision Between Two Motor Vehicles in Transport,"Yes, M/V and Driver Left Scene",No Controls,3,1,Non-Incapacitating,,41.81094,-71.43211
148592,2012-00092835,23-Sep-12,1:40:00 AM,Pedestrian,1,,,,1,HUXLEY AVE,EATON ST ,Adam Chin,289,23-Sep-12,"Two-Way , Not Divided",Wet,Dark - Lighted,Rain,Other,No,No Controls,5,1,Complains Of Pain,,41.84348,-71.43322
148768,2012-00093031,23-Sep-12,3:25:00 PM,Pedestrian,1,,,,1,SMITH ST,SMITH ST ,Jesse Ferrell,428,23-Sep-12,"Two-Way , Not Divided",Dry,Daylight,Clear,Not a Collision Between Two Motor Vehicles in Transport,"Yes, M/V and Driver Left Scene",No Controls,2,1,Complains Of Pain,,41.84164,-71.44294
148519,2012-00092610,22-Sep-12,4:43:00 PM,Bicycle,,1,,,1,Atlantic ave,NIAGARA ST ,Ptlm. Chin,516,22-Sep-12,"Two-Way , Not Divided",Dry,Daylight,Clear,Not a Collision Between Two Motor Vehicles in Transport,"Yes, Driver Left Scene",No Controls,2,1,Complains Of Pain,2,41.79939,-71.41615
148686,2012-00092952,22-Sep-12,11:30:00 AM,Bicycle,,1,,,1,10TH ST,HIGHLAND AVE ,Andrew Frolich,673,23-Sep-12,"Two-Way , Not Divided",Dry,Dark - Not Lighted,Clear,Angle (Front - to - Side) Right Angle (Includes Broadside),"Yes, M/V and Driver Left Scene",Stop Signs,3,1,Complains Of Pain,,41.85476,-71.39793
149129,2012-00091426,22-Sep-12,4:23:00 PM,Bicycle,,1,,,1,BROADWAY,RINGGOLD ST ,Alex Gonzalez,473,25-Sep-12,"Two-Way , Not Divided",Dry,Daylight,Clear,Angle (Front - to - Side) Right Angle (Includes Broadside),No,No Controls,3,1,Complains Of Pain,,41.82121,-71.42335
147740,2012-00090979,18-Sep-12,12:10:00 PM,Bicycle,,1,,,1,BROOK ST,CHARLESFIELD ST ,Derrek Edmonds,550,18-Sep-12,"Two-Way , Not Divided",Dry,Daylight,Clear,"Sideswipe, Same Direction",No,No Controls,2,1,Complains Of Pain,,41.82431,-71.39889
148135,2012-00091182,18-Sep-12,10:28:00 PM,Bicycle,,1,,,1,BROAD ST,PARKIS AVE ,Richard Ramirez,338,21-Sep-12,"Two-Way, Divided, Unprotected (painted>4feet) Medium",Wet,Dark - Lighted,Rain,Not a Collision Between Two Motor Vehicles in Transport,No,Traffic Control Signal,4,1,Complains Of Pain,,41.80929,-71.42088
147673,2012-00090797,17-Sep-12,8:04:00 PM,Pedestrian,1,,,,1,Waterman St,Brown St,Michael Clary,269,17-Sep-12,One-Way Trafficway,Dry,Dark - Lighted,Clear,Not a Collision Between Two Motor Vehicles in Transport,No,Pavement Markings,2,1,Complains Of Pain,,41.82706,-71.40296
147332,2012-00090117,16-Sep-12,12:26:00 AM,Bicycle,,1,,,1,CALVERLY ST,SMITH ST ,Thomas Connetta,374,16-Sep-12,"Two-Way , Not Divided",Dry,Dark - Lighted,Clear,Head-On (Front - to - Front),"Yes, M/V and Driver Left Scene",School Zone Signs,7,2,Incapacitating,,41.8332,-71.42056
147255,2012-00089919,15-Sep-12,4:46:00 PM,Bicycle,,1,,,1,CAHIR ST,BROAD ST ,Jose Deschamps,419,15-Sep-12,"Two-Way, Divided, Positive Median Barrier",Dry,Daylight,Clear,Head-On (Front - to - Front),No,No Controls,2,1,Complains Of Pain,,41.8171,-71.41806
147262,2012-00089933,15-Sep-12,5:16:00 PM,Pedestrian,1,,,,1,101 Academy ave,WEALTH AVE ,Ptlm. Chin,516,15-Sep-12,"Two-Way , Not Divided",Dry,Daylight,Clear,Not a Collision Between Two Motor Vehicles in Transport,No,Pavement Markings,4,1,Complains Of Pain,2,41.8272,-71.4437
147120,2012-00089480,14-Sep-12,4:13:00 PM,Pedestrian,1,,,,1,CHARLES ST,BRANCH AVE ,Nicole Darling,325,14-Sep-12,"Two-Way , Not Divided",Dry,Daylight,Clear,Not a Collision Between Two Motor Vehicles in Transport,No,No Controls,2,1,Complains Of Pain,,41.84959,-71.41987
146509,2012-00088111,10-Sep-12,4:19:00 PM,Pedestrian,1,,,,1,MANTON AVE,WESTCOTT AVE ,Michael Troia,331,10-Sep-12,"Two-Way, Not Divided With a Continuous Left Turn Lane",Dry,Daylight,Clear,Other,No,No Controls,4,1,Complains Of Pain,3,41.83372,-71.46853
146345,2012-00087816,09-Sep-12,7:05:00 PM,Pedestrian,1,,,,1,Thayer Street,WATERMAN ST ,Christopher Owens,611,09-Sep-12,One-Way Trafficway,Dry,Dark - Lighted,Clear,Not a Collision Between Two Motor Vehicles in Transport,No,No Controls,4,1,Complains Of Pain,1,41.82721,-71.40053
146141,2012-00087277,08-Sep-12,11:08:00 AM,Bicycle,,1,,,1,BROADWAY,DEPASQUALE AVENUE,Joseph Madeira,552,08-Sep-12,"Two-Way , Not Divided",Dry,Daylight,Clear,Angle (Front - to - Side) Right Angle (Includes Broadside),No,Traffic Control Signal,3,1,Complains Of Pain,2,41.83578,-71.4154
146216,2012-00087466,08-Sep-12,8:07:00 PM,Pedestrian,1,,,,1,354 Admiral St,HAWKINS ST ,Ptlm. Chin,516,08-Sep-12,"Two-Way , Not Divided",Wet,Dark - Lighted,Rain,Not a Collision Between Two Motor Vehicles in Transport,No,Traffic Control Signal,3,1,Complains Of Pain,2,41.84591,-71.42834
145704,2012-00086259,05-Sep-12,8:18:00 PM,Bicycle,,1,,,1,UNION AVE,TERRACE AVE ,Steffan Rasch,315,05-Sep-12,"Two-Way , Not Divided",Wet,Dark - Lighted,Clear,Not a Collision Between Two Motor Vehicles in Transport,No,Flashing Traffic Control Signal,2,0,No Injury,,41.80622,-71.45009
145414,2012-00085813,04-Sep-12,4:05:00 PM,Pedestrian,1,,,,1,LIBRARY RD,RHODE ISLAND COLL ,Richard Esposito,320,04-Sep-12,"Two-Way , Not Divided",Wet,Daylight,Rain,Unknown,"Yes, M/V and Driver Left Scene",No Controls,2,0,No Injury,,41.84222,-71.46192
145210,2012-00085520,03-Sep-12,7:38:00 PM,Pedestrian,1,,,,1,Broad St,Calla St,Noel Field,260,03-Sep-12,"Two-Way, Not Divided With a Continuous Left Turn Lane",Dry,Dusk,Clear,Not a Collision Between Two Motor Vehicles in Transport,No,No Controls,4,1,Complains Of Pain,3,41.79001,-71.40501
144954,2012-00084896,02-Sep-12,12:09:00 AM,Pedestrian,1,,,,1,WESTMINSTER ST,SERVICE ROAD 7 ,Matthew Nadeau,271,02-Sep-12,One-Way Trafficway,Dry,Dark - Lighted,Clear,Not a Collision Between Two Motor Vehicles in Transport,"Yes, M/V and Driver Left Scene",No Controls,1,1,Complains Of Pain,,41.81881,-71.41883
145036,2012-00085186,02-Sep-12,8:09:00 PM,Pedestrian,1,,,,1,31 EDGEMERE AVE,MANTON AVE ,Ptlm. Chin,516,02-Sep-12,"Two-Way , Not Divided",Dry,Dark - Unknown Lighting,Clear,Not a Collision Between Two Motor Vehicles in Transport,No,No Controls,2,1,Complains Of Pain,1,41.82504,-71.4579
145141,2012-00085221,02-Sep-12,10:25:00 PM,Pedestrian,1,,,,1,1000 Elmwood Avenue,,Carla Cavanaugh,189,03-Sep-12,One-Way Trafficway,Dry,Dark - Lighted,Clear,Unknown,"Yes, M/V and Driver Left Scene",No Controls,1,1,Complains Of Pain,,41.78544,-71.41674
144535,2012-00083991,31-Aug-12,1:21:00 AM,Pedestrian,1,,,,1,STANWOOD ST,NIAGARA ST ,Richard Mendez,288,31-Aug-12,"Two-Way , Not Divided",Dry,Dark - Lighted,Clear,Not a Collision Between Two Motor Vehicles in Transport,"Yes, M/V and Driver Left Scene",No Controls,2,1,Incapacitating,,41.80303,-71.42116
144903,2012-00084350,31-Aug-12,11:00:00 PM,Pedestrian,1,,,,1,UNION AVE,LINWOOD AVE ,Sean Lafferty,272,01-Sep-12,"Two-Way , Not Divided",Dry,Dark - Lighted,Clear,Not a Collision Between Two Motor Vehicles in Transport,No,No Controls,3,1,Complains Of Pain,,41.80906,-71.43919
145470,2012-00084270,31-Aug-12,3:00:00 PM,Pedestrian,1,,,,1,ACADEMY AVE,SALTER ST ,Stephen Frechette,362,04-Sep-12,"Two-Way , Not Divided",Dry,Daylight,Clear,Not a Collision Between Two Motor Vehicles in Transport,"Yes, M/V and Driver Left Scene",No Controls,2,1,Non-Incapacitating,,41.84465,-71.44529
144438,2012-00083714,30-Aug-12,9:59:00 AM,Bicycle,,1,,,1,COLLEGE STREET,MEMORIAL BLVD,Joseph Madeira,552,30-Aug-12,"Two-Way , Not Divided",Dry,Daylight,Clear,Other,No,Traffic Control Signal,5,0,No Injury,4,41.82955,-71.41802
144360,2012-00083529,29-Aug-12,6:27:00 PM,Pedestrian,1,,,,1,887 atwells ave,CARLETON ST ,Ptlm. Chin,516,29-Aug-12,"Two-Way , Not Divided",Dry,Daylight,Clear,Not a Collision Between Two Motor Vehicles in Transport,No,No Controls,3,1,Complains Of Pain,2,41.82497,-71.44683
143950,2012-00082740,27-Aug-12,2:15:00 PM,Bicycle,,1,,,1,POCASSET AVE,HILLHURST AVE ,Hull,598,27-Aug-12,"Two-Way , Not Divided",Dry,Daylight,Clear,"Sideswipe, Same Direction","Yes, M/V and Driver Left Scene",No Controls,3,1,Complains Of Pain,2,41.80742,-71.4564
144251,2012-00082513,26-Aug-12,9:46:00 PM,Bicycle,,1,,,1,58 June Street,SUFFOLK ST ,Derek Ardito,446,26-Aug-12,"Two-Way , Not Divided",Dry,Dark - Not Lighted,Clear,Unknown,"Yes, M/V and Driver Left Scene",No Controls,2,1,Non-Incapacitating,,41.84264,-71.42403
143693,2012-00081998,25-Aug-12,4:15:00 PM,Bicycle,,1,,,1,BERGEN STREET,ANDEM STREET,Giuseppe Scarcello,485,25-Aug-12,"Two-Way , Not Divided",Dry,Daylight,Clear,Angle (Front - to - Side) Right Angle (Includes Broadside),No,No Controls,4,1,Non-Incapacitating,2,41.81534,-71.44597
143546,2012-00081589,24-Aug-12,4:14:00 PM,Pedestrian,1,,,,1,HUMES ST,ALGONQUIN ST ,MICHAEL R. TROIA,331,24-Aug-12,"Two-Way , Not Divided",Dry,Daylight,Clear,Head-On (Front - to - Front),"Yes, M/V and Driver Left Scene",No Controls,5,1,Complains Of Pain,2,41.79327,-71.42808