CrashReportId,ReportNumber,CrashDate,CrashTime,Collision Type,CountPedestrian,CountBicycle,Scooter,Wheel Chair,NumberofVehicles,StreetOrHighway,NearestIntersection,Officer,Badge,ReportDate,TypeOfRoadway,RoadSurfaceCondition,LightCondition,WeatherCondition,MannerofImpact,HitAndRun,TrafficControl,PersonCount,InjuryCount,MostSeriousInjury,NumberOfLanes,Latitude,Longitude
145107,2012-00081558,24-Aug-12,2:35:00 PM,Bicycle,,1,,,1,VALLEY ST,DELAINE ST ,Francisco Furtado,635,03-Sep-12,Unknown,Dry,Daylight,Clear,Other,No,No Controls,4,1,Complains Of Pain,,41.81975,-71.44046
142855,2012-00079886,19-Aug-12,10:42:00 PM,Pedestrian,1,,,,1,POCASSET AVE,ALTO ST ,Koren Pacheco,306,20-Aug-12,"Two-Way , Not Divided",Dry,Dark - Lighted,Clear,Not a Collision Between Two Motor Vehicles in Transport,No,No Controls,3,0,No Injury,2,41.8058,-71.45754
142431,2012-00078892,17-Aug-12,10:07:00 AM,Bicycle,,1,,,1,PARK ROW,Canal Street,Derrek Edmonds,550,17-Aug-12,One-Way Trafficway,Dry,Daylight,Clear,Angle (Front - to - Side) Opposite Direction,"Yes, M/V and Driver Left Scene",No Controls,2,1,Complains Of Pain,,41.82865,-71.40965
142258,2012-00078483,16-Aug-12,9:12:00 AM,Pedestrian,1,,,,1,206 ELMWOOD AVE,ELMWOOD AVE ,Jose Deschamps,419,16-Aug-12,"Two-Way, Divided, Unprotected (painted>4feet) Medium",Dry,Daylight,Clear,Head-On (Front - to - Front),No,No Controls,2,2,Complains Of Pain,,41.80744,-71.42482
142147,2012-00078330,15-Aug-12,7:53:00 PM,Bicycle,,1,,,1,BLACKSTONE BLVD,BUTLER DR ,Ralph Abenante,511,15-Aug-12,"Two-Way, Divided, Positive Median Barrier",Dry,Dark - Lighted,Clear,Angle (Front - to - Side) Right Angle (Includes Broadside),No,No Controls,3,1,Complains Of Pain,,41.8463,-71.38677
142161,2012-00078337,15-Aug-12,8:09:00 PM,Bicycle,,1,,,1,Williams st,ROGER ST ,Ptlm. Chin,516,15-Aug-12,"Two-Way , Not Divided",Dry,Daylight,Clear,Unknown,"Yes, M/V and Driver Left Scene",No Controls,1,1,Complains Of Pain,2,41.82309,-71.39093
142172,2012-00078327,15-Aug-12,7:30:00 PM,Pedestrian,1,,,,1,Bowdoin St,AMHERST ST ,Noel Field,260,15-Aug-12,"Two-Way , Not Divided",Dry,Dusk,Cloudy,Not a Collision Between Two Motor Vehicles in Transport,No,No Controls,3,1,Complains Of Pain,,41.82323,-71.44306
141356,2012-00076716,11-Aug-12,12:30:00 PM,Pedestrian,1,,,,1,15 Whelan Rd,BODELL AVE ,Kevin Costa,431,11-Aug-12,"Two-Way , Not Divided",Dry,Daylight,Clear,Other,"Yes, M/V and Driver Left Scene",No Controls,1,1,Non-Incapacitating,,41.81828,-71.45431
141145,2012-00076258,10-Aug-12,10:02:00 AM,Bicycle,,1,,,1,Broad Street,Public ST,Kenneth Wigginton,359,10-Aug-12,"Two-Way , Not Divided",Dry,Daylight,Cloudy,Not a Collision Between Two Motor Vehicles in Transport,No,Traffic Control Signal,2,1,Complains Of Pain,,41.80632,-71.41148
141197,2012-00076277,10-Aug-12,11:00:00 AM,Bicycle,,1,,,1,WASHINGTON ST,DORRANCE ST ,Mark Dececco,407,10-Aug-12,One-Way Trafficway,Dry,Daylight,Clear,Not a Collision Between Two Motor Vehicles in Transport,No,No Controls,3,1,Complains Of Pain,,41.8245,-71.4127
141034,2012-00075951,09-Aug-12,3:35:00 PM,Bicycle,,1,,,1,29 Nebraska St,MILLARD ST ,Ptlm. Chin,516,09-Aug-12,"Two-Way , Not Divided",Dry,Daylight,Clear,Not a Collision Between Two Motor Vehicles in Transport,No,No Controls,4,1,Complains Of Pain,2,41.79813,-71.40641
141082,2012-00076059,09-Aug-12,8:11:00 PM,Pedestrian,1,,,,1,BROAD ST,CALLA ST ,Taylor Britto,202,09-Aug-12,"Two-Way , Not Divided",Dry,Dark - Lighted,Clear,Head-On (Front - to - Front),"Yes, M/V and Driver Left Scene",No Controls,1,1,Complains Of Pain,,41.78994,-71.40495
141086,2012-00075963,09-Aug-12,3:15:00 PM,Pedestrian,1,,,,1,BERKSHIRE ST,ADMIRAL ST ,Brian Auclair,166,09-Aug-12,"Two-Way , Not Divided",Dry,Daylight,Clear,Not a Collision Between Two Motor Vehicles in Transport,"Yes, M/V and Driver Left Scene",No Controls,2,1,Complains Of Pain,,41.84386,-71.42419
141094,2012-00076107,09-Aug-12,10:24:00 PM,Bicycle,,1,,,1,Randall St,Charles St ,Noel Field,260,10-Aug-12,"Two-Way , Not Divided",Dry,Dark - Lighted,Clear,Other,No,No Controls,2,1,Non-Incapacitating,3,41.83617,-71.41213
141095,2012-00076125,09-Aug-12,11:08:00 PM,Pedestrian,1,,,,1,Manton Ave,AMHERST ST ,Noel Field,260,10-Aug-12,"Two-Way , Not Divided",Dry,Dark - Lighted,Clear,Not a Collision Between Two Motor Vehicles in Transport,No,No Controls,3,0,No Injury,,41.82348,-71.45127
140625,2012-00075011,06-Aug-12,8:36:00 PM,Bicycle,,1,,,1,Lenox Ave,MELROSE ST ,Michael Clary,269,07-Aug-12,"Two-Way , Not Divided",Dry,Dark - Lighted,Clear,Angle (Front - to - Side) Right Angle (Includes Broadside),No,Stop Signs,2,1,Complains Of Pain,,41.79617,-71.42165
140289,2012-00073808,03-Aug-12,8:15:00 PM,Bicycle,,1,,,1,SAYLES ST,HARRIET ST ,Jared Stanzione,193,04-Aug-12,"Two-Way , Not Divided",Dry,Dark - Not Lighted,Clear,Unknown,"Yes, M/V and Driver Left Scene",No Controls,2,1,Complains Of Pain,,41.80279,-71.41287
139998,2012-00073317,02-Aug-12,4:11:00 PM,Bicycle,,1,,,1,97 RUGGLES ST,,MICHAEL R. TROIA,331,02-Aug-12,"Two-Way , Not Divided",Dry,Daylight,Clear,Head-On (Front - to - Front),No,No Controls,7,1,Complains Of Pain,2,41.83744,-71.42832
139794,2012-00072527,31-Jul-12,11:49:00 AM,Bicycle,,1,,,1,MANTON AVENUE,PELHAM STREET,Joseph Madeira,552,31-Jul-12,"Two-Way , Not Divided",Dry,Daylight,Clear,Other,No,No Controls,2,0,No Injury,2,41.83201,-71.41745
139861,2012-00072191,30-Jul-12,1:57:00 PM,Bicycle,,1,,,1,LABAN ST,WEBSTER AVE ,Louis Salinaro,592,01-Aug-12,"Two-Way , Not Divided",Dry,Daylight,Clear,"Sidwswipe, Opposite Direction",No,No Controls,6,1,Complains Of Pain,2,41.81502,-71.45109
139498,2012-00071416,28-Jul-12,12:38:00 PM,Bicycle,,,,,2,649 NORTH MAIN STREET,DOYLE AVENUE,Joseph Madeira,552,28-Jul-12,"Two-Way , Not Divided",Dry,Daylight,Clear,Rear End(Front-to-Rear),"Yes, M/V and Driver Left Scene",No Controls,2,0,No Injury,2,41.83618,-71.41545
139534,2012-00071479,28-Jul-12,4:29:00 PM,Bicycle,,1,,,1,189 Canal St,PARK ROW ,Ptlm. Chin,516,28-Jul-12,"Two-Way , Not Divided",Wet,Daylight,Cloudy,"Sideswipe, Same Direction",No,No Controls,3,1,Complains Of Pain,3,41.82805,-71.41048
139202,2012-00070297,25-Jul-12,3:03:00 PM,Bicycle,,1,,,1,Morning Star Row,,Papa ,187,25-Jul-12,"Two-Way , Not Divided",Dry,Daylight,Clear,Not a Collision Between Two Motor Vehicles in Transport,No,No Controls,3,1,Non-Incapacitating,,41.82998,-71.41106
139251,2012-00070452,25-Jul-12,10:32:00 PM,Bicycle,,1,,,1,COLLEGE ST,S MAIN ST ,Michael Clary,269,26-Jul-12,One-Way Trafficway,Dry,Dark - Lighted,Clear,Angle (Front - to - Side) Right Angle (Includes Broadside),No,Traffic Control Signal,5,0,No Injury,,41.82564,-71.40784
139252,2012-00070455,25-Jul-12,11:00:00 PM,Pedestrian,1,,,,1,754 Plainfield Street,DUXBURY ST ,David Perez,181,26-Jul-12,"Two-Way , Not Divided",Dry,Dark - Lighted,Clear,Not a Collision Between Two Motor Vehicles in Transport,No,No Controls,2,1,Complains Of Pain,,41.8102,-71.4624
138580,2012-00069027,22-Jul-12,2:45:00 AM,Pedestrian,1,,,,1,HUXLEY AVE,VENTURA ST ,Eric Chabot,470,22-Jul-12,"Two-Way , Not Divided",Dry,Dark - Lighted,Clear,Not a Collision Between Two Motor Vehicles in Transport,"Yes, M/V and Driver Left Scene",No Controls,4,1,Incapacitating,,41.84473,-71.433
138388,2012-00068216,20-Jul-12,9:08:00 AM,Pedestrian,1,,,,1,NORTH MAIN STREET,5TH STREET,Joseph Madeira,552,20-Jul-12,"Two-Way , Not Divided",Dry,Daylight,Cloudy,Other,No,Stop Signs,6,0,No Injury,4,41.8338,-71.41646
138398,2012-00068262,20-Jul-12,12:23:00 PM,Pedestrian,1,,,,1,622 ELMWOOD AVE,ELMWOOD AVE ,Joseph Madeira,552,20-Jul-12,"Two-Way, Divided, Positive Median Barrier",Wet,Daylight,Cloudy,Other,"Yes, M/V and Driver Left Scene",No Controls,2,0,No Injury,4,41.81023,-71.42382
138370,2012-00068097,19-Jul-12,10:26:00 PM,Bicycle,,1,,,1,KILLINGLY ST,HARTFORD AVE ,Michael Clary,269,19-Jul-12,"Two-Way , Not Divided",Dry,Dark - Lighted,Clear,Angle (Front - to - Side) Opposite Direction,No,Traffic Control Signal,4,1,Non-Incapacitating,,41.81998,-71.46893
138164,2012-00067486,18-Jul-12,11:44:00 AM,Bicycle,,1,,,1,POINT ST,EDDY ST , Baez,687,18-Jul-12,"Two-Way, Divided, Positive Median Barrier",Dry,Daylight,Clear,Angle (Front - to - Side) Right Angle (Includes Broadside),No,Traffic Control Signal,7,1,Incapacitating,4,41.81687,-71.40648
138035,2012-00067174,17-Jul-12,2:33:00 PM,Pedestrian,1,,,,1,WHITEHALL ST,21-23 WHITEHALL ST,Baez,687,17-Jul-12,"Two-Way , Not Divided",Dry,Daylight,Clear,Head-On (Front - to - Front),No,No Controls,4,1,Complains Of Pain,,41.81222,-71.446
137891,2012-00066793,16-Jul-12,3:12:00 PM,Bicycle,,1,,,1,MANTON AVE,ORTOLEVA DR ,Matthew Greely,184,16-Jul-12,"Two-Way , Not Divided",Dry,Daylight,Clear,Not a Collision Between Two Motor Vehicles in Transport,No,Traffic Control Signal,2,0,No Injury,2,41.82589,-71.45777
137724,2012-00066124,14-Jul-12,9:19:00 PM,Bicycle,,1,,,1,HOPE ST,GLENDALE AVE ,Khari Bass,312,14-Jul-12,"Two-Way , Not Divided",Sand,Dark - Lighted,Clear,Not a Collision Between Two Motor Vehicles in Transport,No,No Controls,2,1,Non-Incapacitating,,41.84739,-71.39582
137573,2012-00065492,13-Jul-12,8:33:00 AM,Pedestrian,1,,,,1,DORRANCE STREET,WEYBOSSET STREET,Joseph Madeira,552,13-Jul-12,"Two-Way , Not Divided",Dry,Daylight,Clear,Other,No,Traffic Control Signal,4,1,Complains Of Pain,2,41.82241,-71.41013
137628,2012-00065652,13-Jul-12,5:07:00 PM,Pedestrian,1,,X,,1,JEWETT ST,CALAIS ST ,Richard Esposito,320,13-Jul-12,"Two-Way , Not Divided",Dry,Daylight,Clear,Other,No,No Controls,2,1,Complains Of Pain,,41.83224,-71.42005
137117,2012-00064139,09-Jul-12,4:44:00 PM,Bicycle,,1,,,1,ALLSTON ST,RIVER AVE ,Brian Muldoon,182,09-Jul-12,"Two-Way , Not Divided",Dry,Daylight,Clear,Angle (Front - to - Side) Right Angle (Includes Broadside),No,Stop Signs,3,1,Complains Of Pain,,41.8298,-71.43651
137136,2012-00064144,09-Jul-12,5:04:00 PM,Pedestrian,1,,,,1,Hannah st,AMSTERDAM ST ,Ptlm. Chin,516,09-Jul-12,"Two-Way , Not Divided",Dry,Daylight,Clear,Not a Collision Between Two Motor Vehicles in Transport,"Yes, M/V and Driver Left Scene",No Controls,1,1,Complains Of Pain,2,41.82435,-71.4487
137173,2012-00064256,09-Jul-12,10:24:00 PM,Pedestrian,1,,,,1,KINSLEY AVE,PARK ST ,Noel Field,260,09-Jul-12,One-Way Trafficway,Dry,Dark - Lighted,Clear,Not a Collision Between Two Motor Vehicles in Transport,No,No Controls,4,1,Complains Of Pain,,41.82754,-71.41768
137099,2012-00063770,08-Jul-12,4:37:00 PM,Pedestrian,1,,,,1,BANCROFT ST,KELLEY ST ,Matthew Cute,308,09-Jul-12,Unknown,Dry,Daylight,Clear,Not a Collision Between Two Motor Vehicles in Transport,"Yes, M/V and Driver Left Scene",No Controls,1,1,Complains Of Pain,,41.81299,-71.44798
137554,2012-00063305,07-Jul-12,12:10:00 PM,Pedestrian,1,,,,1,PLAINFIELD ST,DUXBURY ST ,Anthony Hampton,681,13-Jul-12,"Two-Way, Divided, Positive Median Barrier",Dry,Daylight,Clear,Not a Collision Between Two Motor Vehicles in Transport,No,Stop Signs,2,1,Complains Of Pain,,41.81067,-71.46221
136616,2012-00062025,04-Jul-12,12:32:00 PM,Bicycle,,1,,,1,MOUNT PLEASANT AVENUE,CHALKSTONE AVENUE,Joseph Madeira,552,04-Jul-12,"Two-Way , Not Divided",Dry,Daylight,Clear,Angle (Front - to - Side) Right Angle (Includes Broadside),No,Traffic Control Signal,3,1,Complains Of Pain,2,41.81499,-71.37472
136694,2012-00060867,01-Jul-12,11:06:00 AM,Bicycle,,1,,,1,ACADEMY AVE,NEWARK ST ,John Reposa,686,05-Jul-12,"Two-Way , Not Divided",Dry,Daylight,Clear,Not a Collision Between Two Motor Vehicles in Transport,No,Stop Signs,2,1,Complains Of Pain,2,41.82544,-71.4434
136225,2012-00060336,30-Jun-12,12:40:00 AM,Bicycle,,1,,,1,SACRAMENTO ST,GLENBRIDGE AVE ,Christopher Kennedy,203,30-Jun-12,"Two-Way , Not Divided",Dry,Dark - Lighted,Clear,Not a Collision Between Two Motor Vehicles in Transport,"Yes, M/V and Driver Left Scene",No Controls,1,1,Complains Of Pain,,41.82402,-71.45977
136370,2012-00060267,29-Jun-12,9:46:00 PM,Bicycle,,1,,,1,Knight St,WASHINGTON ST ,Noel Field,260,01-Jul-12,"Two-Way , Not Divided",Dry,Dark - Lighted,Clear,Angle (Front - to - Side) Right Angle (Includes Broadside),"Yes, M/V and Driver Left Scene",No Controls,2,0,No Injury,2,41.81775,-71.42688
136409,2012-00060147,29-Jun-12,4:25:00 PM,Pedestrian,1,,,,1,F C GREENE MEMORIAL BLVD,MARION AVE ,Matthew Cute,308,01-Jul-12,"Two-Way , Not Divided",Dry,Daylight,Clear,Unknown,"Yes, M/V and Driver Left Scene",No Controls,1,0,No Injury,,41.78669,-71.40754
135994,2012-00059654,28-Jun-12,12:32:00 PM,Bicycle,,1,,,1,CHALKSTONE AVE,FALLON AVE ,Merrick Cook,280,28-Jun-12,"Two-Way , Not Divided",Dry,Daylight,Clear,Rear End(Front-to-Rear),No,No Controls,4,1,Non-Incapacitating,2,41.83234,-71.44337
135791,2012-00058861,26-Jun-12,10:41:00 AM,Bicycle,,1,,,1,WASHINGTON ST,CLEMENCE ST ,George SanAntonio,604,26-Jun-12,"Two-Way , Not Divided",Dry,Daylight,Clear,Other,No,No Controls,4,1,Complains Of Pain,2,41.82334,-71.41438
135826,2012-00058963,26-Jun-12,3:27:00 PM,Bicycle,,1,,,1,MEMORIAL BLVD,STEEPLE ST ,MICHAEL R. TROIA,331,26-Jun-12,One-Way Trafficway,Dry,Daylight,Clear,Angle - Direction Not Specified,No,Traffic Control Signal,4,1,Complains Of Pain,2,41.82677,-71.41063
135827,2012-00058968,26-Jun-12,3:49:00 PM,Bicycle,,1,,,1,Eddy St. ,,Papa ,187,26-Jun-12,"Two-Way , Not Divided",Dry,Daylight,Clear,Angle (Front - to - Side) Right Angle (Includes Broadside),No,No Controls,2,0,No Injury,,41.83148,-71.41133
135526,2012-00058208,24-Jun-12,10:47:00 AM,Pedestrian,2,,,X,1,PLAINFIELD ST,744 PLAINFIELD ST - INDOORS, Baez,687,24-Jun-12,Unknown,Dry,Daylight,Clear,Rear End(Front-to-Rear),No,No Controls,3,1,Complains Of Pain,,41.81043,-71.4623
135562,2012-00058322,24-Jun-12,7:10:00 PM,Bicycle,,1,,,1,PROMENADE ST,DEAN ST ,Michael Clary,269,24-Jun-12,One-Way Trafficway,Dry,Daylight,Clear,Not a Collision Between Two Motor Vehicles in Transport,No,Yield Signs,7,0,No Injury,,41.82941,-71.42624
135839,2012-00058310,24-Jun-12,6:26:00 PM,Bicycle,,1,,,1,Gallup Street,BROAD ST ,Carla Cavanaugh,189,26-Jun-12,"Two-Way , Not Divided",Dry,Daylight,Clear,Angle (Front - to - Side) Right Angle (Includes Broadside),No,Stop Signs,2,1,Complains Of Pain,,41.79932,-71.41591
135423,2012-00057757,23-Jun-12,11:25:00 AM,Bicycle,,1,,,1,ATWELLS AVE,CUTLER ST ,Baez,687,23-Jun-12,"Two-Way , Not Divided",Dry,Daylight,Clear,Angle (Front - to - Side) Same Direction,No,No Controls,3,1,Complains Of Pain,,41.82468,-71.44157
135438,2012-00057906,23-Jun-12,7:08:00 PM,Bicycle,,1,,,1,Morning Star Row,PINE ST ,Carla Cavanaugh,189,23-Jun-12,Unknown,Dry,Daylight,Clear,Angle (Front - to - Side) Right Angle (Includes Broadside),No,No Controls,7,1,Complains Of Pain,,41.81157,-71.42005
135039,2012-00056625,20-Jun-12,11:18:00 AM,Bicycle,,1,,,1,HUNTINGTON AVENUE,PLYMOUTH AVENUE ,Joseph Madeira,552,20-Jun-12,"Two-Way , Not Divided",Dry,Daylight,Clear,Angle (Front - to - Side) Right Angle (Includes Broadside),No,Stop Signs,3,1,Complains Of Pain,4,41.83763,-71.43363
135784,2012-00056595,20-Jun-12,10:14:00 AM,Bicycle,,1,,,1,1229 WESTMINSTER ST,HAMMOND ST ,Scott Partridge,096,26-Jun-12,"Two-Way , Not Divided",Dry,Daylight,Clear,Angle (Front - to - Side) Right Angle (Includes Broadside),No,No Controls,2,1,Complains Of Pain,2,41.81683,-71.42915
134928,2012-00056241,19-Jun-12,11:22:00 AM,Pedestrian,1,,,,1,WESTERLY AVE,POCASSET AVE ,Darren Hull,598,19-Jun-12,"Two-Way , Not Divided",Dry,Daylight,Clear,Other,"Yes, M/V and Driver Left Scene",No Controls,1,1,Complains Of Pain,,41.80883,-71.45525
134787,2012-00056062,18-Jun-12,8:00:00 PM,Bicycle,,1,,,1,Westminster St,Library Ct,Juan Rodrigues,194,18-Jun-12,"Two-Way, Divided, Unprotected (painted>4feet) Medium",Dry,Daylight,Clear,Angle (Front - to - Side) Right Angle (Includes Broadside),No,Traffic Control Signal,3,1,Complains Of Pain,,41.81675,-71.44355
134819,2012-00056059,18-Jun-12,7:54:00 PM,Pedestrian,1,,,,1,F C GREENE MEMORIAL BLVD,F C GREENE MEMORIAL BLVD ,Michael Clary,269,18-Jun-12,"Two-Way , Not Divided",Dry,Daylight,Clear,Not a Collision Between Two Motor Vehicles in Transport,No,No Controls,4,1,Complains Of Pain,,41.77944,-71.41418
134482,2012-00055373,17-Jun-12,12:50:00 AM,Bicycle,,1,,,1,POTTERS AVE,HAMILTON ST ,Everett Carvalho,268,17-Jun-12,"Two-Way , Not Divided",Dry,Dark - Lighted,Clear,Not a Collision Between Two Motor Vehicles in Transport,"Yes, M/V and Driver Left Scene",No Controls,3,1,Complains Of Pain,,41.80188,-71.42265
134523,2012-00055511,17-Jun-12,11:00:00 AM,Bicycle,,1,,,1,ELMWOOD AVE,WEST FRIENDSHIP STREET,Darren Hull,598,17-Jun-12,"Two-Way , Not Divided",Dry,Daylight,Clear,Angle (Front - to - Side) Right Angle (Includes Broadside),No,Traffic Control Signal,4,1,Complains Of Pain,,41.80983,-71.42409
134686,2012-00055274,16-Jun-12,9:24:00 PM,Pedestrian,1,,,,1,DORRANCE STREET,PINE ST ,William O'Donnell,150,17-Jun-12,Unknown,Dry,Daylight,Clear,Not a Collision Between Two Motor Vehicles in Transport,No,No Controls,8,1,Complains Of Pain,,41.82252,-71.41028
134257,2012-00054255,14-Jun-12,2:24:00 PM,Pedestrian,1,,,,1,KENNEDY PLZ,DORRANCE ST ,William Hayes,538,14-Jun-12,One-Way Trafficway,Dry,Daylight,Clear,Not a Collision Between Two Motor Vehicles in Transport,No,No Controls,4,1,Complains Of Pain,,41.82437,-71.41206
134209,2012-00053975,13-Jun-12,4:11:00 PM,Pedestrian,1,,,,1,Chalkstone Avenue ,Fallon Street ,Giuseppe Scarcello,485,13-Jun-12,"Two-Way , Not Divided",Wet,Daylight,Rain,Angle (Front - to - Side) Right Angle (Includes Broadside),No,No Controls,3,1,Complains Of Pain,2,41.81512,-71.43972
133806,2012-00053241,11-Jun-12,3:02:00 PM,Bicycle,,1,,,1,ELMWOOD AVE ,WHITMARSH ST ,Miguel Mena-Torres,493,11-Jun-12,"Two-Way , Not Divided",Dry,Daylight,Cloudy,Not a Collision Between Two Motor Vehicles in Transport,No,No Controls,2,1,Complains Of Pain,,41.80604,-71.42504
133820,2012-00053246,11-Jun-12,3:26:00 PM,Pedestrian,1,,,,1,NEWARK ST,VALLEY ST ,Roland Reed,505,11-Jun-12,"Two-Way , Not Divided",Dry,Daylight,Clear,Head-On (Front - to - Front),No,Stop Signs,3,1,Complains Of Pain,,41.82521,-71.43931
133549,2012-00052787,10-Jun-12,8:16:00 AM,Bicycle,,1,,,1,LESTER ST,GILMORE ST ,Joseph Madeira,552,10-Jun-12,"Two-Way , Not Divided",Dry,Daylight,Clear,Angle (Front - to - Side) Right Angle (Includes Broadside),No,Stop Signs,3,0,No Injury,,41.81312,-71.42722
133748,2012-00052595,09-Jun-12,11:23:00 PM,Pedestrian,1,,,,1,SASSAFRAS ST,SAVINGS ST ,Michael Moonan,286,11-Jun-12,"Two-Way , Not Divided",Dry,Dark - Unknown Lighting,Clear,Not a Collision Between Two Motor Vehicles in Transport,No,No Controls,3,1,Complains Of Pain,,41.7939,-71.41379
133931,2012-00051244,06-Jun-12,12:23:00 PM,Pedestrian,1,,,,1,PUTNAM ST,AMHERST ST ,John Kennedy,160,06-Jun-12,"Two-Way , Not Divided",Dry,Daylight,Cloudy,Angle (Front - to - Side) Right Angle (Includes Broadside),No,Stop Signs,3,1,Complains Of Pain,,41.82338,-71.44394
133026,2012-00051064,05-Jun-12,5:41:00 PM,Pedestrian,1,,,,1,711 Broad Street,BROAD ST ,Anthony Doucette,475,05-Jun-12,Unknown,Dry,Daylight,Cloudy,Unknown,No,No Controls,4,1,Complains Of Pain,,41.80483,-71.4195
133049,2012-00051033,05-Jun-12,4:42:00 PM,Pedestrian,1,,,,1,DOUGLAS AVE,DOUGLAS AVE ,Brian Auclair,166,05-Jun-12,"Two-Way , Not Divided",Dry,Daylight,Clear,Unknown,No,No Controls,2,0,No Injury,,41.84663,-71.42969
132814,2012-00050245,03-Jun-12,3:02:00 AM,Pedestrian,1,,,,1,SERVICE ROAD 7,BROAD ST.,John Sigillo,590,03-Jun-12,One-Way Trafficway,Dry,Dark - Lighted,Clear,Not a Collision Between Two Motor Vehicles in Transport,No,Traffic Control Signal,5,1,Incapacitating,2,41.81736,-71.41696
132866,2012-00050422,03-Jun-12,5:20:00 PM,Bicycle,,1,,,1,Manton Ave,Riverdale St,Matthew Greely,184,03-Jun-12,"Two-Way , Not Divided",Dry,Daylight,Clear,Not a Collision Between Two Motor Vehicles in Transport,No,No Controls,7,1,Incapacitating,2,41.82628,-71.45977
132868,2012-00050454,03-Jun-12,6:41:00 PM,Pedestrian,1,,,,1,PLAINFIELD ST,DUXBURY ST ,Jason Andrade,200,03-Jun-12,"Two-Way, Divided, Positive Median Barrier",Dry,Daylight,Clear,Other,No,No Controls,2,1,Complains Of Pain,,41.81216,-71.46155
132877,2012-00050407,03-Jun-12,4:31:00 PM,Pedestrian,1,,,,1,SORRENTO ST,LINWOOD AVENUE,Luis Pelaez,336,03-Jun-12,"Two-Way , Not Divided",Dry,Daylight,Clear,Not a Collision Between Two Motor Vehicles in Transport,No,No Controls,4,1,Complains Of Pain,2,41.80829,-71.437
132553,2012-00049731,01-Jun-12,6:30:00 PM,Bicycle,,1,,,1,LEAH ST,FAIRMOUNT AVE ,Brian Muldoon,182,01-Jun-12,"Two-Way , Not Divided",Dry,Daylight,Clear,Head-On (Front - to - Front),No,No Controls,2,1,Incapacitating,,41.82591,-71.45146
132461,2012-00049206,31-May-12,3:01:00 PM,Bicycle,,1,,,1,John Street,Governor Street,Christopher Owens,611,31-May-12,"Two-Way , Not Divided",Dry,Daylight,Clear,Not a Collision Between Two Motor Vehicles in Transport,No,No Controls,2,1,Incapacitating,2,41.82253,-71.39402
132497,2012-00049309,31-May-12,6:49:00 PM,Pedestrian,1,,,,1,VIOLET ST,CHALKSTONE AVE ,Vincent Pazzetta,641,31-May-12,"Two-Way , Not Divided",Dry,Daylight,Clear,Not a Collision Between Two Motor Vehicles in Transport,No,No Controls,3,0,No Injury,,41.83464,-71.42661
132358,2012-00048763,30-May-12,10:05:00 AM,Bicycle,,1,,,1,BROADWAY ,DEAN ST ,John Kennedy,160,31-May-12,"Two-Way , Not Divided",Dry,Daylight,Cloudy,Angle (Front - to - Side) Right Angle (Includes Broadside),No,Traffic Control Signal,3,1,Complains Of Pain,,41.8214,-71.42253
132068,2012-00048477,29-May-12,2:50:00 PM,Pedestrian,1,,,,1,PRAIRIE AVE,THURBERS AVE ,Jared Stanzione,193,29-May-12,"Two-Way , Not Divided",Dry,Daylight,Clear,Head-On (Front - to - Front),"Yes, M/V and Driver Left Scene",No Controls,2,1,Complains Of Pain,,41.79869,-71.41189
131981,2012-00047987,28-May-12,8:56:00 AM,Bicycle,,1,,,1,387 CHARLES ST,SILVER SPRING ST ,Joseph Madeira,552,29-May-12,"Two-Way , Not Divided",Dry,Daylight,Clear,Angle (Front - to - Side) Right Angle (Includes Broadside),No,Traffic Control Signal,3,1,Complains Of Pain,2,41.8437,-71.41835
131538,2012-00047072,26-May-12,1:56:00 AM,Pedestrian,1,,,,1,UNION AVE,CUMERFORD ST ,Christopher Kennedy,203,26-May-12,"Two-Way , Not Divided",Dry,Dark - Lighted,Clear,Not a Collision Between Two Motor Vehicles in Transport,"Yes, M/V and Driver Left Scene",No Controls,1,1,Complains Of Pain,,41.808,-71.44303
132047,2012-00047415,26-May-12,10:24:00 PM,Pedestrian,1,,,,1,FRANCIS ST,AMERICAN EXPRESS PLZ ,Andrew Groot,188,27-May-12,"Two-Way, Divided, Unprotected (painted>4feet) Medium",Dry,Dark - Lighted,Clear,Not a Collision Between Two Motor Vehicles in Transport,No,No Controls,3,1,Complains Of Pain,,41.82798,-71.41533
130837,2012-00045651,22-May-12,10:56:00 AM,Pedestrian,1,,,,1,321 SOUTH MAIN ST.,S MAIN ST ,Edward Enright,480,22-May-12,One-Way Trafficway,Wet,Daylight,Rain,"Sideswipe, Same Direction",No,No Controls,2,1,Complains Of Pain,,41.82168,-71.40446
130601,2012-00045313,21-May-12,11:14:00 AM,Pedestrian,1,,,,1,MESSER ST,490 CRANSTON ST,Luis Fernandez,531,21-May-12,"Two-Way , Not Divided",Dry,Daylight,Cloudy,Not a Collision Between Two Motor Vehicles in Transport,No,Stop Signs,2,1,Complains Of Pain,,41.80965,-71.43343
130439,2012-00044857,20-May-12,2:18:00 AM,Pedestrian,1,,,,1,HAYWARD ST,PEARL ST ,Daniel Sirignano,261,20-May-12,"Two-Way , Not Divided",Dry,Dark - Lighted,Clear,Not a Collision Between Two Motor Vehicles in Transport,"Yes, M/V and Driver Left Scene",No Controls,1,1,Complains Of Pain,,41.8142,-71.41992
130105,2012-00043780,17-May-12,6:24:00 PM,Pedestrian,1,,,,1,UNIT ST,MAYNARD ST ,Stephen Frechette,362,17-May-12,"Two-Way , Not Divided",Dry,Daylight,Clear,Not a Collision Between Two Motor Vehicles in Transport,No,No Controls,3,1,Complains Of Pain,,41.82817,-71.45461