CrashReportId,ReportNumber,CrashDate,CrashTime,Collision Type,CountPedestrian,CountBicycle,Scooter,Wheel Chair,NumberofVehicles,StreetOrHighway,NearestIntersection,Officer,Badge,ReportDate,TypeOfRoadway,RoadSurfaceCondition,LightCondition,WeatherCondition,MannerofImpact,HitAndRun,TrafficControl,PersonCount,InjuryCount,MostSeriousInjury,NumberOfLanes,Latitude,Longitude
129985,2012-00043429,16-May-12,9:09:00 PM,Pedestrian,1,,,,1,CHALKSTONE AVE,CAMDEN AVE ,Brian Auclair,166,16-May-12,"Two-Way , Not Divided",Dry,Dark - Lighted,Clear,Unknown,No,No Controls,3,1,Complains Of Pain,,41.83531,-71.42529
129499,2012-00042331,13-May-12,6:04:00 PM,Pedestrian,1,,,,1,CHALKSTONE AVE,VICTORIA ST ,Richard Esposito,320,13-May-12,"Two-Way , Not Divided",Dry,Daylight,Clear,Unknown,"Yes, M/V and Driver Left Scene",No Controls,1,1,Complains Of Pain,,41.83227,-71.45424
129565,2012-00042420,13-May-12,10:42:00 PM,Bicycle,,1,,,1,ORMS ST,SMITH ST ,Koren Pacheco,306,13-May-12,"Two-Way , Not Divided",Dry,Dark - Lighted,Clear,Not a Collision Between Two Motor Vehicles in Transport,No,Traffic Control Signal,4,1,Non-Incapacitating,,41.83377,-71.42198
129722,2012-00042437,13-May-12,11:24:00 PM,Bicycle,,1,,,1,JOHNSON ST,EDDY ST ,Joseph Pineau,256,15-May-12,"Two-Way , Not Divided",Dry,Dark - Lighted,Clear,Not a Collision Between Two Motor Vehicles in Transport,"Yes, M/V and Driver Left Scene",No Controls,1,0,Unknown,2,41.79337,-71.404
129207,2012-00041093,10-May-12,3:34:00 PM,Bicycle,,1,,,1,WASHINGTON ST,SNOW ST ,Matthew Goddard,171,10-May-12,"Two-Way , Not Divided",Dry,Daylight,Clear,Angle (Front - to - Side) Same Direction,No,No Controls,2,1,Complains Of Pain,2,41.82252,-71.4155
128552,2012-00040028,07-May-12,9:40:00 AM,Pedestrian,1,,,,1,WESTMINSTER ST,BRIDGHAM ST ,William Hutchinson,391,07-May-12,Unknown,Dry,Daylight,Clear,Not a Collision Between Two Motor Vehicles in Transport,No,No Controls,2,1,Complains Of Pain,,41.81692,-71.42837
128481,2012-00039953,06-May-12,11:03:00 PM,Bicycle,,1,,,1,UNION AVE,WEBSTER AVE ,Vincent Labianca,290,06-May-12,"Two-Way , Not Divided",Dry,Dark - Lighted,Clear,Not a Collision Between Two Motor Vehicles in Transport,"Yes, M/V and Driver Left Scene",No Controls,1,1,Complains Of Pain,,41.80665,-71.44823
127924,2012-00038466,02-May-12,3:55:00 PM,Pedestrian,1,,,,1,CRANSTON ST,ALTHEA ST ,Troy Lambert,413,02-May-12,"Two-Way , Not Divided",Dry,Daylight,Cloudy,Not a Collision Between Two Motor Vehicles in Transport,No,No Controls,3,1,Complains Of Pain,,41.80775,-71.43506
127556,2012-00037783,30-Apr-12,10:35:00 AM,Pedestrian,1,,,,1,WASHINGTON ST,UNION ST ,Mark Dececco,407,30-Apr-12,"Two-Way , Not Divided",Dry,Daylight,Clear,Other,No,No Controls,2,1,Complains Of Pain,,41.82373,-71.41381
127429,2012-00037376,29-Apr-12,2:16:00 AM,Pedestrian,1,,,,1,VIOLET ST,ORMS ST ,Eric Chabot,470,29-Apr-12,"Two-Way , Not Divided",Dry,Dark - Lighted,Clear,Not a Collision Between Two Motor Vehicles in Transport,"Yes, M/V and Driver Left Scene",No Controls,2,1,Complains Of Pain,,41.83397,-71.42645
127117,2012-00036505,26-Apr-12,7:04:00 AM,Pedestrian,1,,,,1,EATON ST,SHARON ST ,Merrick Cook,280,26-Apr-12,"Two-Way , Not Divided",Dry,Daylight,Clear,Not a Collision Between Two Motor Vehicles in Transport,No,No Controls,3,1,Complains Of Pain,2,41.84334,-71.44244
126761,2012-00035615,23-Apr-12,8:29:00 AM,Pedestrian,1,,,,1,284 THAYER ST.,CUSHING ST ,Edward Enright,480,23-Apr-12,One-Way Trafficway,Wet,Daylight,Rain,Not a Collision Between Two Motor Vehicles in Transport,"Yes, M/V and Driver Left Scene",No Controls,1,1,Complains Of Pain,,41.82961,-71.40085
126765,2012-00035621,23-Apr-12,9:03:00 AM,Pedestrian,1,,,,1,WILLARD AVE,PLAIN ST , Werchadlo Jr.,679,23-Apr-12,"Two-Way , Not Divided",Wet,Daylight,Rain,Other,No,Stop Signs,3,1,Complains Of Pain,,41.80891,-71.41075
126866,2012-00035809,23-Apr-12,7:36:00 PM,Pedestrian,1,,,,1,CHARLES ST,CHARLES ST ,Richard Mendez,288,23-Apr-12,"Two-Way , Not Divided",Wet,Daylight,Rain,Not a Collision Between Two Motor Vehicles in Transport,"Yes, M/V and Driver Left Scene",No Controls,1,1,Complains Of Pain,,41.84679,-71.41934
126546,2012-00034671,20-Apr-12,1:05:00 PM,Pedestrian,1,,,,1,WATERMAN ST,THAYER ST ,Richard Mills,424,21-Apr-12,One-Way Trafficway,Dry,Daylight,Clear,Not a Collision Between Two Motor Vehicles in Transport,No,Traffic Control Signal,2,0,No Injury,,41.82728,-71.40054
126054,2012-00033501,17-Apr-12,8:33:00 AM,Bicycle,,1,,,2,CHAFFEE STREET,MANTON AVE,D. Hull,598,17-Apr-12,"Two-Way , Not Divided",Dry,Daylight,Clear,Head-On (Front - to - Front),No,Stop Signs,3,2,Complains Of Pain,1,41.81874,-71.44566
126091,2012-00032052,13-Apr-12,2:42:00 PM,Pedestrian,1,,,,1,DOUGLAS AVE,CHALKSTONE AVE ,Brian Auclair,166,17-Apr-12,"Two-Way , Not Divided",Dry,Daylight,Clear,Other,"Yes, M/V and Driver Left Scene",No Controls,1,1,Complains Of Pain,,41.83637,-71.42039
125350,2012-00031707,12-Apr-12,1:40:00 PM,Bicycle,,1,,,1,ELMWOOD AVE,ARCH ST ,Luis Fernandez,531,12-Apr-12,One-Way Trafficway,Wet,Daylight,Cloudy,Not a Collision Between Two Motor Vehicles in Transport,No,No Controls,2,0,No Injury,,41.81207,-71.42257
125427,2012-00031832,12-Apr-12,7:36:00 PM,Bicycle,,1,,,1,HOPE ST,NORTH AVE ,Glen Morgan,558,12-Apr-12,"Two-Way, Divided, Unprotected (painted>4feet) Medium",Dry,Dusk,Clear,Angle (Front - to - Side) Right Angle (Includes Broadside),No,No Controls,5,1,Complains Of Pain,,41.85325,-71.39295
125203,2012-00031358,11-Apr-12,10:59:00 AM,Pedestrian,1,,,,1,KENNEDY PLZ   C STOP,ARCADE ST ,George SanAntonio,604,11-Apr-12,One-Way Trafficway,Dry,Daylight,Clear,Other,No,No Controls,5,1,Incapacitating,1,41.82463,-71.4117
125139,2012-00031213,10-Apr-12,8:16:00 PM,Pedestrian,1,,,,1,DOYLE AVE,CAMP ST ,David Lorince,291,10-Apr-12,"Two-Way , Not Divided",Dry,Dark - Lighted,Clear,Not a Collision Between Two Motor Vehicles in Transport,No,No Controls,3,1,Complains Of Pain,,41.83879,-71.40369
125235,2012-00031135,10-Apr-12,4:14:00 PM,Pedestrian,1,,,,1,UNION ST,FULTON ST ,Ivan Tavarez,204,11-Apr-12,One-Way Trafficway,Dry,Daylight,Clear,Other,No,No Controls,3,0,No Injury,,41.82299,-71.41321
124593,2012-00029889,06-Apr-12,12:51:00 PM,Pedestrian,1,,,,1,GALLUP ST,PRAIRIE AVE ,Jose Deschamps,419,06-Apr-12,"Two-Way , Not Divided",Dry,Daylight,Clear,Head-On (Front - to - Front),"Yes, M/V and Driver Left Scene",No Controls,1,1,Complains Of Pain,,41.80013,-71.41189
124830,2012-00030079,06-Apr-12,10:09:00 PM,Pedestrian,1,,,,1,BRIDGHAM ST,DIVISION ST ,Miguel Mena-Torres,493,07-Apr-12,"Two-Way , Not Divided",Dry,Dark - Lighted,Clear,Not a Collision Between Two Motor Vehicles in Transport,No,No Controls,2,1,Incapacitating,,41.81529,-71.42761
124377,2012-00029527,05-Apr-12,10:29:00 AM,Pedestrian,1,,,,1,GEORGE ST,HOPE ST ,John Almeida,386,05-Apr-12,"Two-Way , Not Divided",Dry,Daylight,Clear,Not a Collision Between Two Motor Vehicles in Transport,No,Stop Signs,2,0,No Injury,,41.82579,-71.39727
124337,2012-00029440,04-Apr-12,10:48:00 PM,Bicycle,,,,,2,KINSLEY AVE,ACORN ST ,Joseph Kane,544,05-Apr-12,"Two-Way, Divided, Unprotected (painted>4feet) Medium",Dry,Dark - Lighted,Cloudy,Other,"Yes, M/V and Driver Left Scene",No Controls,3,1,Incapacitating,2,41.82828,-71.42939
124383,2012-00028921,03-Apr-12,12:01:00 PM,Pedestrian,1,,,,1,cadillac dr,NIAGARA ST ,Albert Deschamps,527,03-Apr-12,"Two-Way, Divided, Unprotected (painted>4feet) Medium",Dry,Daylight,Clear,Other,No,No Controls,3,1,Non-Incapacitating,2,41.79939,-71.41614
123829,2012-00028457,01-Apr-12,6:42:00 PM,Pedestrian,1,,,,1,PLAINFIELD ST,MURRAY ST ,Ludwig Castro,201,01-Apr-12,"Two-Way , Not Divided",Dry,Dark - Lighted,Cloudy,Not a Collision Between Two Motor Vehicles in Transport,No,Stop Signs,2,1,Complains Of Pain,,41.80998,-71.4625
126266,2012-00028433,01-Apr-12,5:23:00 PM,Pedestrian,1,,,,1,DEAN ST,ATWELLS AVE ,Michele Rudolph,512,18-Apr-12,"Two-Way, Divided, Unprotected (painted>4feet) Medium",Dry,Daylight,Rain,Not a Collision Between Two Motor Vehicles in Transport,No,Traffic Control Signal,3,1,Complains Of Pain,,41.82339,-71.4242
124603,2012-00028061,31-Mar-12,4:18:00 PM,Pedestrian,1,,,,1,Reservoir Ave,STATE HWY 10 N ,Richard Ramirez,338,06-Apr-12,"Two-Way, Not Divided With a Continuous Left Turn Lane",Dry,Daylight,Clear,Not a Collision Between Two Motor Vehicles in Transport,"Yes, M/V and Driver Left Scene",Traffic Control Signal,1,0,Unknown,,41.78665,-71.43366
125349,2012-00027685,30-Mar-12,3:00:00 PM,Bicycle,,1,,,1,BROADWAY,HARRIS AVE ,Sean Lafferty,272,02-Apr-12,"Two-Way , Not Divided",Dry,Daylight,Clear,Not a Collision Between Two Motor Vehicles in Transport,No,No Controls,3,0,No Injury,,41.81705,-71.44029
123484,2012-00027038,28-Mar-12,1:31:00 PM,Pedestrian,1,,X,X,1,CAMP ST,DOYLE AVE ,Antonio D. Laranjo Jr.,456,29-Mar-12,"Two-Way , Not Divided",Wet,Daylight,Rain,Other,No,Flashing Traffic Control Signal,4,1,Incapacitating,2,41.8388,-71.40419
123510,2012-00027046,28-Mar-12,2:18:00 PM,Pedestrian,1,,,,1,BROAD ST,OXFORD ST ,Roderick Soares,399,29-Mar-12,"Two-Way , Not Divided",Dry,Daylight,Cloudy,Not a Collision Between Two Motor Vehicles in Transport,No,Traffic Control Signal,3,1,Incapacitating,2,41.80043,-71.41742
123759,2012-00026076,25-Mar-12,4:03:00 AM,Pedestrian,1,,,,1,HOLDEN ST,SMITH ST ,Eric Chabot,470,25-Mar-12,"Two-Way , Not Divided",Wet,Dark - Lighted,Rain,Other,No,No Controls,3,1,Complains Of Pain,,41.83221,-71.41802
122791,2012-00025537,23-Mar-12,10:18:00 PM,Pedestrian,1,,,,1,CHALKSTONE AVE,GENEVA ST,Roland Reed,505,23-Mar-12,"Two-Way , Not Divided",Dry,Dark - Lighted,Clear,Head-On (Front - to - Front),"Yes, Driver Left Scene",No Controls,3,1,Complains Of Pain,,41.83227,-71.44094
122636,2012-00025011,22-Mar-12,6:05:00 PM,Pedestrian,1,,,,1,PLAINFIELD ST,WEBSTER AVE ,Vincent Labianca,290,22-Mar-12,"Two-Way , Not Divided",Dry,Daylight,Clear,Not a Collision Between Two Motor Vehicles in Transport,"Yes, M/V and Driver Left Scene",No Controls,1,1,Complains Of Pain,,41.81367,-71.45059
122699,2012-00024806,22-Mar-12,8:00:00 AM,Pedestrian,1,,,,1,MANTON AVE,FRUIT HILL AVE ,Kenneth Pike,130,23-Mar-12,"Two-Way , Not Divided",Dry,Daylight,Clear,Other,No,Traffic Control Signal,2,0,No Injury,,41.83388,-71.46783
122461,2012-00024098,21-Mar-12,1:19:00 PM,Pedestrian,1,,,,1,Broad Street,OXFORD ST ,Miguel Castillo,489,21-Mar-12,"Two-Way , Not Divided",Dry,Daylight,Clear,Not a Collision Between Two Motor Vehicles in Transport,No,Traffic Control Signal,2,1,Complains Of Pain,,41.80043,-71.41742
122281,2012-00024127,20-Mar-12,2:58:00 PM,Pedestrian,1,,,,1,WESTMINSTER ST,ROUTE 10,John Manzotti,521,20-Mar-12,"Two-Way , Not Divided",Dry,Daylight,Clear,Head-On (Front - to - Front),No,Traffic Control Signal,3,1,Incapacitating,2,41.81592,-71.43943
122187,2012-00023847,19-Mar-12,4:57:00 PM,Bicycle,,1,,,1,PROGRESS AVE,TERRACE AVE ,Timothy Benson,299,19-Mar-12,"Two-Way , Not Divided",Dry,Daylight,Clear,Other,No,No Controls,2,0,No Injury,,41.80815,-71.45059
122087,2012-00023594,18-Mar-12,7:58:00 PM,Bicycle,,1,,,1,WICKENDEN ST,HOPE ST ,Nicole Darling,325,18-Mar-12,"Two-Way , Not Divided",Dry,Dark - Not Lighted,Clear,Angle (Front - to - Side) Same Direction,No,Stop Signs,2,1,Incapacitating,,41.81977,-71.39554
122101,2012-00023330,18-Mar-12,2:10:00 AM,Pedestrian,1,,,,1,South Main street,COLLEGE ST ,David Iamarone,334,18-Mar-12,One-Way Trafficway,Dry,Dark - Lighted,Clear,Not a Collision Between Two Motor Vehicles in Transport,"Yes, M/V and Driver Left Scene",No Controls,4,1,Non-Incapacitating,2,41.82564,-71.40784
122092,2012-00023173,17-Mar-12,7:25:00 PM,Pedestrian,3,,,,1,WARRINGTON ST,MELROSE ST ,Michael Moonan,286,17-Mar-12,"Two-Way , Not Divided",Dry,Dark - Lighted,Clear,Not a Collision Between Two Motor Vehicles in Transport,No,No Controls,4,3,Incapacitating,,41.79427,-71.42058
122675,2012-00022835,16-Mar-12,9:00:00 PM,Bicycle,,1,,,1,BROAD ST,SERVICE ROAD 7 ,Papa ,187,16-Mar-12,"Two-Way , Not Divided",Dry,Dark - Lighted,Clear,Other,No,No Controls,3,1,Complains Of Pain,,41.81717,-71.41739
121825,2012-00022560,15-Mar-12,11:22:00 PM,Pedestrian,1,,,,1,PINE ST,DORRANCE ST ,Michelle Chasse,264,16-Mar-12,"Two-Way , Not Divided",Dry,Dark - Lighted,Clear,Not a Collision Between Two Motor Vehicles in Transport,No,Traffic Control Signal,5,0,No Injury,,41.82241,-71.41013
121281,2012-00022010,14-Mar-12,8:34:00 AM,Pedestrian,1,,,,1,Adalaide,Niagra,Albert Deschamps,527,14-Mar-12,"Two-Way , Not Divided",Dry,Daylight,Cloudy,Not a Collision Between Two Motor Vehicles in Transport,"Yes, M/V and Driver Left Scene",Stop Signs,1,1,Complains Of Pain,2,41.79849,-71.42627
121484,2012-00022154,14-Mar-12,4:39:00 PM,Bicycle,,1,,,1,NINIGRET AVE,ANTHONY AVE ,Miguel Mena-Torres,493,14-Mar-12,"Two-Way , Not Divided",Dry,Daylight,Clear,Not a Collision Between Two Motor Vehicles in Transport,"Yes, M/V and Driver Left Scene",No Controls,2,1,Complains Of Pain,,41.80364,-71.43704
121595,2012-00021555,12-Mar-12,6:31:00 PM,Pedestrian,1,,,,1,ELMDALE AVE,WEBSTER AVE ,Matthew Cute,308,15-Mar-12,"Two-Way , Not Divided",Dry,Daylight,Clear,Not a Collision Between Two Motor Vehicles in Transport,No,No Controls,2,1,Complains Of Pain,,41.80746,-71.44785
120622,2012-00020643,10-Mar-12,12:20:00 AM,Bicycle,1,,,,1,RADCLIFFE AVE,CHAD BROWN ST ,Raymond Majeau,275,11-Mar-12,"Two-Way , Not Divided",Dry,Dark - Not Lighted,Clear,Angle (Front - to - Side) Right Angle (Includes Broadside),"Yes, M/V and Driver Left Scene",Stop Signs,1,1,Non-Incapacitating,,41.83927,-71.43113
120255,2012-00020015,08-Mar-12,9:11:00 AM,Pedestrian,1,,,,1,387 CHARLES ST,SILVER SPRING ST ,Peter Conley,571,08-Mar-12,"Two-Way , Not Divided",Dry,Daylight,Clear,Head-On (Front - to - Front),No,No Controls,3,1,Complains Of Pain,,41.84358,-71.41831
120563,2012-00019796,07-Mar-12,3:22:00 PM,Pedestrian,1,,,X,1,BRANCH AVENUE,VANDEWATER STREET,Scott Zambarano,164,10-Mar-12,"Two-Way , Not Divided",Dry,Daylight,Clear,Other,No,Stop Signs,2,1,Complains Of Pain,,41.85367,-71.42883
119287,2012-00018277,02-Mar-12,11:43:00 AM,Pedestrian,1,,,,1,BLACKSTONE ST,EDDY ST ,Jose Deschamps,419,02-Mar-12,"Two-Way , Not Divided",Dry,Daylight,Clear,Head-On (Front - to - Front),No,Stop Signs,4,2,Complains Of Pain,,41.81013,-71.40722
119203,2012-00018100,01-Mar-12,6:53:00 PM,Pedestrian,1,,,,1,FOUNTAIN ST,UNION ST ,Ptlm. Carroll,142,01-Mar-12,One-Way Trafficway,Wet,Dark - Lighted,Snow,Angle (Front - to - Side) Right Angle (Includes Broadside),No,Pavement Markings,2,1,Incapacitating,4,41.82437,-71.41499
119543,2012-00018124,01-Mar-12,8:30:00 PM,Pedestrian,1,,,,1,Manton Ave,Onleyville Square ,Juan Rodrigues,194,01-Mar-12,"Two-Way, Divided, Positive Median Barrier",Wet,Dark - Lighted,Rain,Head-On (Front - to - Front),No,Traffic Control Signal,2,1,Complains Of Pain,,41.81701,-71.44357
118900,2012-00017667,29-Feb-12,6:54:00 AM,Pedestrian,1,,,,1,705 ELMWOOD AVE,,Louis Stravato,102,29-Feb-12,Unknown,Dry,Dawn,Clear,Not a Collision Between Two Motor Vehicles in Transport,No,No Controls,2,1,Complains Of Pain,,41.79281,-71.42339
119504,2012-00017773,29-Feb-12,2:23:00 PM,Bicycle,,1,,,1,ELMWOOD AVE,RESERVOIR AVE ,Michael Camardo,515,03-Mar-12,"Two-Way , Not Divided",Wet,Daylight,Snow,Not a Collision Between Two Motor Vehicles in Transport,No,Traffic Control Signal,3,1,Complains Of Pain,3,41.79795,-71.42614
118197,2012-00016243,24-Feb-12,10:54:00 AM,Pedestrian,1,,,,1,DELAINE STREET ,MANTON AVE ,Louis Salinaro,592,24-Feb-12,"Two-Way , Not Divided",Wet,Daylight,Rain,"Sideswipe, Same Direction",No,Traffic Control Signal,2,1,Complains Of Pain,2,41.818,-71.44458
118347,2012-00016359,24-Feb-12,6:24:00 PM,Pedestrian,1,,,,1,WESTMINSTER ST,DEXTER ST ,Alex Gonzalez,473,25-Feb-12,"Two-Way , Not Divided",Wet,Dark - Lighted,Rain,Not a Collision Between Two Motor Vehicles in Transport,No,No Controls,3,1,Complains Of Pain,,41.81659,-71.43134
117961,2012-00015621,22-Feb-12,7:25:00 AM,Bicycle,,1,,,1,US HWY 6 W EXIT,DEAN ST ,Kenneth Pike,130,22-Feb-12,One-Way Trafficway,Wet,Daylight,Clear,Not a Collision Between Two Motor Vehicles in Transport,No,No Controls,3,1,Non-Incapacitating,,41.82657,-71.42605
117769,2012-00015138,20-Feb-12,12:26:00 PM,Bicycle,,1,,,1,THAYER ST,CUSHING ST ,John Almeida,386,20-Feb-12,One-Way Trafficway,Dry,Daylight,Clear,Not a Collision Between Two Motor Vehicles in Transport,No,No Controls,3,0,No Injury,,41.83003,-71.4009
117795,2012-00015168,20-Feb-12,3:13:00 PM,Bicycle,,1,,,1,Knight Street,ATWELLS AVE ,Michele Rudolph,512,20-Feb-12,"Two-Way, Divided, Positive Median Barrier",Dry,Daylight,Clear,Other,No,Stop Signs,2,1,Complains Of Pain,,41.82398,-71.43234
117931,2012-00015244,20-Feb-12,6:21:00 PM,Pedestrian,1,,,,1,FALLON AVE,CHALKSTONE AVE ,Nelson Morales,300,20-Feb-12,"Two-Way , Not Divided",Dry,Dark - Lighted,Clear,Not a Collision Between Two Motor Vehicles in Transport,No,No Controls,2,1,Complains Of Pain,,41.83235,-71.44335
116852,2012-00013165,13-Feb-12,3:38:00 PM,Pedestrian,1,,,,1,BENEDICT ST,CRANSTON ST ,Miguel Mena-Torres,493,13-Feb-12,"Two-Way , Not Divided",Dry,Daylight,Clear,Not a Collision Between Two Motor Vehicles in Transport,"Yes, M/V and Driver Left Scene",No Controls,4,1,Complains Of Pain,,41.80576,-71.43816
116086,2012-00012054,10-Feb-12,7:33:00 AM,Pedestrian,1,,,,1,HARTFORD AVE,OPHELIA ST ,Joseph Madeira,552,10-Feb-12,"Two-Way , Not Divided",Dry,Daylight,Clear,Other,No,Stop Signs,3,1,Complains Of Pain,2,41.81934,-71.4641
116228,2012-00012148,10-Feb-12,2:06:00 PM,Pedestrian,1,,,,1,WESTMINSTER ST,DEAN ST ,William Hutchinson,391,11-Feb-12,"Two-Way , Not Divided",Dry,Daylight,Clear,Not a Collision Between Two Motor Vehicles in Transport,No,Traffic Control Signal,3,1,Complains Of Pain,,41.81822,-71.42018
116263,2012-00012224,10-Feb-12,7:22:00 PM,Bicycle,,,,,2,BERNON ST,CANDACE ST ,Brian Auclair,166,10-Feb-12,"Two-Way , Not Divided",Dry,Dark - Lighted,Clear,Angle (Front - to - Side) Right Angle (Includes Broadside),No,Stop Signs,4,1,Complains Of Pain,,41.83511,-71.4223
116524,2012-00012270,10-Feb-12,10:15:00 PM,Pedestrian,1,,,,1,WASHINGTON ST,EMPIRE ST ,Robert Kells,463,12-Feb-12,"Two-Way , Not Divided",Wet,Dark - Lighted,Rain,Other,"Yes, M/V and Driver Left Scene",Traffic Control Signal,3,1,Non-Incapacitating,,41.82182,-71.41645
115943,2012-00011896,09-Feb-12,5:50:00 PM,Bicycle,,1,,,1,ROGER WILLIAMS AVE,ELMWOOD AVE ,Richard Ramirez,338,09-Feb-12,"Two-Way, Divided, Positive Median Barrier",Dry,Dark - Lighted,Clear,Angle (Front - to - Side) Right Angle (Includes Broadside),No,Traffic Control Signal,3,1,Complains Of Pain,,41.78851,-71.42102
117024,2012-00011779,09-Feb-12,10:56:00 AM,Pedestrian,1,,,,1,CRANSTON ST,ANTHONY AVE ,Eugene Craven,517,15-Feb-12,"Two-Way, Divided, Unprotected (painted>4feet) Medium",Dry,Daylight,Clear,"Sideswipe, Same Direction","Yes, M/V and Driver Left Scene",No Controls,2,1,Complains Of Pain,,41.80423,-71.43868
115749,2012-00011490,08-Feb-12,9:41:00 AM,Pedestrian,1,,,,1,OLNEYVILLE SQ,HARTFORD AVE ,Vincent Sollitto,058,08-Feb-12,"Two-Way, Divided, Unprotected (painted>4feet) Medium",Dry,Daylight,Clear,Not a Collision Between Two Motor Vehicles in Transport,No,No Controls,2,0,No Injury,,41.81681,-71.44372
115799,2012-00001026,07-Feb-12,3:49:00 PM,Bicycle,,1,,,1,Bond St,Atwells Ave,Ptlm. Dalton,257,07-Feb-12,One-Way Trafficway,Dry,Daylight,Clear,Other,No,Stop Signs,2,0,No Injury,,41.82333,-71.42313
115369,2012-00010915,06-Feb-12,8:14:00 AM,Pedestrian,1,,,,1,Dorrance St,Fulton St,John Henderson,148,06-Feb-12,"Two-Way , Not Divided",Dry,Daylight,Clear,Other,No,Traffic Control Signal,2,1,Complains Of Pain,2,41.82413,-71.41236
114979,2012-00010020,03-Feb-12,12:18:00 PM,Pedestrian,1,,,,1,Park Row,CANAL ST ,Anthony Hampton,681,03-Feb-12,One-Way Trafficway,Dry,Daylight,Clear,Other,"Yes, M/V and Driver Left Scene",Stop Signs,4,1,Complains Of Pain,,41.82669,-71.40949
115721,2012-00009970,03-Feb-12,9:21:00 AM,Pedestrian,1,,,,1,CALIFORNIA AVE,EDDY ST ,Gregory Decastro,591,08-Feb-12,"Two-Way , Not Divided",Dry,Daylight,Clear,Other,No,No Controls,2,1,Complains Of Pain,,41.78814,-71.4025
114736,2012-00009457,01-Feb-12,3:38:00 PM,Pedestrian,1,,,,1,BAXTER ST,NORWICH AVE,Jose Mendez,321,01-Feb-12,"Two-Way , Not Divided",Dry,Daylight,Clear,Other,"Yes, M/V and Driver Left Scene",No Controls,2,1,Complains Of Pain,,41.80273,-71.41628
114756,2012-00009207,31-Jan-12,7:15:00 PM,Bicycle,,1,,,1,F C GREENE MEMORIAL BLVD,NORWOOD AVE ,Jared Sherman,292,01-Feb-12,"Two-Way , Not Divided",Dry,Dark - Not Lighted,Clear,Not a Collision Between Two Motor Vehicles in Transport,No,No Controls,2,0,No Injury,,41.77983,-71.40607
114344,2012-0008742,30-Jan-12,8:05:00 AM,Pedestrian,2,,,,1,ROCHAMBEAU AVE,ELMGROVE AVE ,Baez,687,30-Jan-12,"Two-Way , Not Divided",Dry,Daylight,Clear,Not a Collision Between Two Motor Vehicles in Transport,No,Stop Signs,4,2,Complains Of Pain,,41.84657,-71.39126
114346,2012-00008565,29-Jan-12,2:32:00 PM,Pedestrian,1,,,,1,EMPIRE ST,WASHINGTON ST ,George SanAntonio,604,30-Jan-12,"Two-Way , Not Divided",Dry,Daylight,Clear,Not a Collision Between Two Motor Vehicles in Transport,No,Traffic Control Signal,2,1,Complains Of Pain,3,41.82181,-71.41644
114155,2012-00007951,27-Jan-12,5:22:00 PM,Pedestrian,1,,,,1,POTTERS AVE,HAMILTON ST ,Michael Moonan,286,27-Jan-12,"Two-Way , Not Divided",Dry,Dark - Lighted,Clear,Not a Collision Between Two Motor Vehicles in Transport,"Yes, M/V and Driver Left Scene",Stop Signs,1,1,Complains Of Pain,,41.80188,-71.42265
114192,2012-00007895,27-Jan-12,2:02:00 PM,Pedestrian,1,,,,1,GASPEE ST,FRANCIS ST ,George SanAntonio,604,28-Jan-12,"Two-Way , Not Divided",Dry,Daylight,Cloudy,Not a Collision Between Two Motor Vehicles in Transport,No,No Controls,2,0,No Injury,2,41.82916,-71.41494
113951,2012-00007675,26-Jan-12,6:18:00 PM,Pedestrian,1,,,,1,WESTMINSTER ST,CAHIR ST ,Ptlm. Chin,516,26-Jan-12,"Two-Way , Not Divided",Wet,Dark - Lighted,Rain,Head-On (Front - to - Front),No,No Controls,3,1,Complains Of Pain,,41.81828,-71.42005
114842,2012-00007658,26-Jan-12,5:03:00 PM,Pedestrian,1,,,,1,ASHBURTON ST,RANDALL ST ,Virak In,540,26-Jan-12,"Two-Way, Divided, Unprotected (painted>4feet) Medium",Wet,Dark - Lighted,"Sleet, Hail (Freezing Rain or Drizzle)",Not a Collision Between Two Motor Vehicles in Transport,No,No Controls,2,1,Complains Of Pain,2,41.83578,-71.41199
113780,2012-00007391,25-Jan-12,7:03:00 PM,Bicycle,,1,,,1,RUGBY ST ,THURBERS AVE,Jose Mendez,321,25-Jan-12,"Two-Way , Not Divided",Dry,Dark - Lighted,Clear,Other,No,No Controls,2,1,Complains Of Pain,,41.79963,-71.40726
113411,2012-000006886,24-Jan-12,10:14:00 AM,Pedestrian,1,,,,1,1268 Broad St,PARKVIEW AVE ,John Abatiello,692,24-Jan-12,Unknown,Dry,Daylight,Clear,Not a Collision Between Two Motor Vehicles in Transport,No,No Controls,2,1,Incapacitating,,41.79213,-71.40712
113435,2012-00006877,24-Jan-12,9:12:00 AM,Bicycle,,1,,,1,BROAD ST,SERVICE ROAD 8 ,J. Sigillo/J. Manzotti,590,24-Jan-12,One-Way Trafficway,Wet,Daylight,Clear,Angle (Front - to - Side) Right Angle (Includes Broadside),No,Traffic Control Signal,6,1,Incapacitating,2,41.81796,-71.41629
112343,2012-00004998,17-Jan-12,2:52:00 PM,Pedestrian,1,,,,1,N MAIN ST,OLNEY ST ,John Benros,481,17-Jan-12,One-Way Trafficway,Wet,Daylight,Rain,Other,No,No Controls,4,1,Fatal,,41.83606,-71.4097
114078,2012-00003653,12-Jan-12,11:35:00 PM,Pedestrian,1,,,,1,307 ALLENS AVE,ALLENS AVE ,Francisco Colon,265,12-Jan-12,"Two-Way , Not Divided",Wet,Dark - Lighted,Rain,Not a Collision Between Two Motor Vehicles in Transport,No,No Controls,2,1,Complains Of Pain,,41.80486,-71.40223