CrashReportId,ReportNumber,CrashDate,CrashTime,Collision Type,CountPedestrian,CountBicycle,Scooter,Wheel Chair,NumberofVehicles,StreetOrHighway,NearestIntersection,Officer,Badge,ReportDate,TypeOfRoadway,RoadSurfaceCondition,LightCondition,WeatherCondition,MannerofImpact,HitAndRun,TrafficControl,PersonCount,InjuryCount,MostSeriousInjury,NumberOfLanes,Latitude,Longitude
111363,2012-00003285,11-Jan-12,5:28:00 PM,Pedestrian,1,,,,1,WESTMINSTER ST EXIT,WESTMINSTER ST ,Ptlm. Chin,516,11-Jan-12,One-Way Trafficway,Dry,Dark - Not Lighted,Clear,"Sideswipe, Same Direction",No,Traffic Control Signal,4,0,No Injury,2,41.81575,-71.43866
113774,2012-00002066,07-Jan-12,4:56:00 PM,Pedestrian,1,,,,1,Wickenden Street,HOPE ST ,Christopher Owens,611,25-Jan-12,"Two-Way , Not Divided",Dry,Dark - Lighted,Clear,Other,No,Stop Signs,2,1,Incapacitating,2,41.81981,-71.39542
110481,2012-00001823,06-Jan-12,10:54:00 PM,Pedestrian,1,,,,1,200 UNION AVE,WHITEHALL ST ,Christopher Kennedy,203,07-Jan-12,"Two-Way , Not Divided",Dry,Dark - Lighted,Clear,Not a Collision Between Two Motor Vehicles in Transport,No,No Controls,3,1,Non-Incapacitating,,41.80778,-71.4439
110204,2012-00001094,04-Jan-12,3:40:00 PM,Bicycle,,1,,,1,POTTERS AVE,SEABURY ST ,Matthew McGloin,278,05-Jan-12,"Two-Way , Not Divided",Dry,Daylight,Clear,Not a Collision Between Two Motor Vehicles in Transport,No,No Controls,2,1,Complains Of Pain,,41.80318,-71.43255
109470,2012-00000131,01-Jan-12,3:52:00 AM,Pedestrian,1,,,,1,PAVILION AVE,EDDY ST ,Francisco Colon,265,01-Jan-12,"Two-Way , Not Divided",Wet,Dark - Not Lighted,Clear,Not a Collision Between Two Motor Vehicles in Transport,"Yes, M/V and Driver Left Scene",No Controls,1,1,Complains Of Pain,,41.79749,-71.40558
109107,2011-0130858,29-Dec-11,5:37:00 PM,Pedestrian,1,,,,1,HOPE ST,CHACE AVE ,Michael Moonan,286,29-Dec-11,"Two-Way , Not Divided",Dry,Dark - Lighted,Clear,Not a Collision Between Two Motor Vehicles in Transport,No,No Controls,3,1,Non-Incapacitating,,41.85605,-71.39154
109884,2011-00130257,27-Dec-11,6:04:00 PM,Pedestrian,1,,,,1,WEYBOSSET ST,BROAD ST ,Ptlm. Carroll,142,03-Jan-12,One-Way Trafficway,Wet,Dark - Lighted,Rain,Angle (Front - to - Side) Right Angle (Includes Broadside),No,Flashing Traffic Control Signal,2,1,Complains Of Pain,2,41.82005,-71.41431
108193,2011-00128514,21-Dec-11,5:55:00 PM,Pedestrian,1,,,,1,POWER ST,IVES ST ,James Grennan,332,21-Dec-11,"Two-Way , Not Divided",Wet,Dark - Lighted,Rain,Other,No,Stop Signs,2,1,Complains Of Pain,2,41.82368,-71.39231
107475,2011-00127262,17-Dec-11,5:00:00 PM,Pedestrian,1,,,,1,N MAIN ST,RANDALL ST ,John Benros,481,17-Dec-11,Unknown,Dry,Dark - Lighted,Clear,Other,No,No Controls,2,1,Complains Of Pain,,41.83787,-71.40933
107031,2011-00126682,15-Dec-11,10:23:00 PM,Pedestrian,1,,,,1,EXIT 21 (RT ),ATWELLS AVE ,Michele Rudolph,512,15-Dec-11,One-Way Trafficway,Wet,Dark - Not Lighted,Rain,Not a Collision Between Two Motor Vehicles in Transport,No,Traffic Control Signal,4,1,Complains Of Pain,,41.82327,-71.42051
106786,2011-00126284,14-Dec-11,6:09:00 PM,Pedestrian,1,,,,1,CANTON STREET,LINTON STREET,Giuseppe Scarcello,485,14-Dec-11,"Two-Way , Not Divided",Dry,Dark - Lighted,Clear,Angle (Front - to - Side) Right Angle (Includes Broadside),"Yes, M/V and Driver Left Scene",No Controls,3,1,Complains Of Pain,2,41.82998,-71.41313
107955,2011-00126259,14-Dec-11,4:42:00 PM,Pedestrian,1,,,,1,BROAD ST,SERVICE ROAD 7 ,James Annis,454,20-Dec-11,"Two-Way , Not Divided",Dry,Dark - Lighted,Clear,Not a Collision Between Two Motor Vehicles in Transport,No,Traffic Control Signal,2,1,Complains Of Pain,,41.81736,-71.41696
106528,2011-00125778,13-Dec-11,6:41:00 AM,Pedestrian,1,,,,1,PUBLIC ST,EDDY ST ,Roderick Soares,399,13-Dec-11,"Two-Way , Not Divided",Dry,Dark - Lighted,Clear,"Sideswipe, Same Direction",No,Traffic Control Signal,4,1,Complains Of Pain,2,41.80731,-71.40725
106624,2011-00125929,13-Dec-11,5:08:00 PM,Pedestrian,1,,,,1,CHARLES ST,CHARLES ST ,Ralph Abenante,511,13-Dec-11,"Two-Way, Divided, Unprotected (painted>4feet) Medium",Dry,Dark - Lighted,Clear,Other,No,No Controls,2,1,Complains Of Pain,,41.85344,-71.42047
106493,2011-00125694,12-Dec-11,5:58:00 PM,Pedestrian,1,,,,1,WEYBOSSET ST,EDDY ST ,Matthew Goddard,171,12-Dec-11,One-Way Trafficway,Dry,Dark - Lighted,Clear,Not a Collision Between Two Motor Vehicles in Transport,No,No Controls,3,1,Complains Of Pain,,41.82239,-71.41165
106320,2011-00125054,10-Dec-11,8:32:00 PM,Pedestrian,1,,,,1,SERVICE ROAD 8,BROADWAY,Ptlm. Carroll,142,11-Dec-11,One-Way Trafficway,Dry,Dark - Lighted,Clear,Angle (Front - to - Side) Right Angle (Includes Broadside),No,Traffic Control Signal,2,1,Complains Of Pain,3,41.82212,-71.41976
106269,2011-00124604,09-Dec-11,3:23:00 PM,Pedestrian,1,,,,1,BROAD ST,CAHIR ST ,Miguel Mena-Torres,493,09-Dec-11,"Two-Way , Not Divided",Dry,Daylight,Clear,Not a Collision Between Two Motor Vehicles in Transport,No,Traffic Control Signal,2,1,Complains Of Pain,,41.8169,-71.41797
105642,2011-00123990,07-Dec-11,7:54:00 PM,Pedestrian,1,,,,1,THAYER ST,MANNING WALK ,Nicole Darling,325,07-Dec-11,One-Way Trafficway,Wet,Dark - Not Lighted,Rain,Not a Collision Between Two Motor Vehicles in Transport,No,No Controls,3,1,Complains Of Pain,,41.82628,-71.40045
105671,2011-00123934,07-Dec-11,4:37:00 PM,Pedestrian,1,,,,1,ROCHAMBEAU AVE,HOPE ST ,John Benros,481,07-Dec-11,"Two-Way , Not Divided",Wet,Dark - Lighted,Rain,Other,No,Traffic Control Signal,3,1,Complains Of Pain,,41.84691,-71.39617
105274,2011-00123499,06-Dec-11,9:44:00 AM,Pedestrian,1,,,,1,250 BROOK ST.,POWER ST ,Edward Enright,480,06-Dec-11,"Two-Way, Divided, Unprotected (painted>4feet) Medium",Wet,Daylight,Cloudy,Head-On (Front - to - Front),No,Stop Signs,3,1,Complains Of Pain,,41.82306,-71.3987
105459,2011-00123716,06-Dec-11,9:22:00 PM,Pedestrian,1,,,,1,PLAINFIELD ST,EDNA ST ,Matthew Cute,308,06-Dec-11,"Two-Way , Not Divided",Wet,Dark - Lighted,Rain,Not a Collision Between Two Motor Vehicles in Transport,"Yes, M/V and Driver Left Scene",Traffic Control Signal,2,1,Incapacitating,,41.81587,-71.44522
104466,2011-00121839,01-Dec-11,9:30:00 AM,Bicycle,,1,,,1,CADY ST,BENEFIT ST ,Thomas Rose,465,01-Dec-11,"Two-Way , Not Divided",Dry,Daylight,Clear,Angle (Front - to - Side) Right Angle (Includes Broadside),No,No Controls,2,1,Non-Incapacitating,,41.82986,-71.40868
104366,2011-00121593,30-Nov-11,1:15:00 PM,Bicycle,,1,,,1,CANAL ST,PARK ROW ,Thomas Rose,465,30-Nov-11,One-Way Trafficway,Dry,Daylight,Clear,Angle (Front - to - Side) Same Direction,No,No Controls,2,1,Complains Of Pain,,41.82881,-71.41081
104381,2011-000121381,29-Nov-11,7:06:00 PM,Pedestrian,1,,,,1,1025 Chalkstone Avenue ,Tiffany Street ,Giuseppe Scarcello,485,29-Nov-11,"Two-Way , Not Divided",Wet,Dark - Lighted,Cloudy,Head-On (Front - to - Front),"Yes, M/V and Driver Left Scene",No Controls,1,1,Complains Of Pain,,41.81901,-71.41835
104102,2011-00121092,28-Nov-11,9:55:00 PM,Pedestrian,1,,,,1,WASHINGTON ST,DEAN ST ,Ricardo Silva,185,28-Nov-11,"Two-Way, Divided, Unprotected (painted>4feet) Medium",Dry,Dark - Lighted,Clear,Rear End(Front-to-Rear),"Yes, M/V and Driver Left Scene",Traffic Control Signal,2,1,Complains Of Pain,,41.81957,-71.4199
103609,2011-00119380,23-Nov-11,4:34:00 PM,Pedestrian,1,,,,1,CRANSTON ST,DODGE ST ,Miguel Mena-Torres,493,23-Nov-11,"Two-Way , Not Divided",Dry,Dark - Lighted,Cloudy,Not a Collision Between Two Motor Vehicles in Transport,No,No Controls,3,1,Complains Of Pain,,41.81454,-71.4259
102984,2011-00118705,21-Nov-11,12:07:00 PM,Pedestrian,1,,,,1,WICKENDEN ST,TRAVERSE ST ,Derrek Edmonds,550,21-Nov-11,"Two-Way , Not Divided",Dry,Daylight,Clear,Other,No,No Controls,2,1,Complains Of Pain,,41.81938,-71.3993
103034,2011-00118777,21-Nov-11,3:17:00 PM,Pedestrian,1,,,,1,NARRAGANSETT BLVD,WASHINGTON AVE,OR Proctor ,627,21-Nov-11,"Two-Way, Divided, Unprotected (painted>4feet) Medium",Dry,Daylight,Clear,Not a Collision Between Two Motor Vehicles in Transport,No,No Controls,4,1,Complains Of Pain,,41.78811,-71.3957
102454,2011-00117645,18-Nov-11,12:25:00 PM,Pedestrian,1,,,,1,HARRIS AVE,ATWELLS AVE ,Rhonda Kessler,108,18-Nov-11,"Two-Way , Not Divided",Dry,Daylight,Clear,Head-On (Front - to - Front),No,Traffic Control Signal,2,1,Complains Of Pain,,41.82446,-71.4355
102469,2011-00117700,18-Nov-11,3:39:00 PM,Pedestrian,1,,,,1,896 CHALKSTONE AVE,,MICHAEL R. TROIA,331,18-Nov-11,"Two-Way , Not Divided",Dry,Daylight,Clear,Angle (Front - to - Side) Right Angle (Includes Broadside),No,No Controls,4,1,Complains Of Pain,,41.83316,-71.43696
102541,2011-00117790,18-Nov-11,7:30:00 PM,Pedestrian,1,,,,1,NEWARK ST,VALLEY ST ,MICHAEL R. TROIA,331,18-Nov-11,"Two-Way , Not Divided",Dry,Dark - Lighted,Clear,Head-On (Front - to - Front),No,No Controls,3,1,Complains Of Pain,,41.82521,-71.43932
101752,2011-00116849,15-Nov-11,7:17:00 PM,Bicycle,,1,,,1,DEAN ST,KINSLEY AVE ,Michael Moonan,286,15-Nov-11,"Two-Way, Divided, Positive Median Barrier",Dry,Dark - Lighted,Clear,Not a Collision Between Two Motor Vehicles in Transport,"Yes, M/V and Driver Left Scene",Traffic Control Signal,3,1,Non-Incapacitating,,41.82884,-71.42646
100914,2011-00115400,11-Nov-11,2:57:00 PM,Bicycle,,1,,,1,HOPE ST,CARRINGTON AVE ,Nicole Darling,325,11-Nov-11,"Two-Way , Not Divided",Dry,Daylight,Clear,Angle (Front - to - Side) Right Angle (Includes Broadside),No,No Controls,5,0,No Injury,,41.83617,-71.40138
100945,2011-00115477,11-Nov-11,7:04:00 PM,Pedestrian,1,,,,1,HUXLEY AVE,EATON ST ,Ralph Abenante,511,11-Nov-11,"Two-Way, Divided, Unprotected (painted>4feet) Medium",Dry,Dark - Lighted,Clear,Head-On (Front - to - Front),No,No Controls,4,1,Complains Of Pain,,41.84322,-71.43327
100629,2011-00114978,10-Nov-11,11:15:00 AM,Pedestrian,1,,,,1,ELMWOOD AVE,Lenox Ave,Albert Deschamps,527,10-Nov-11,"Two-Way, Divided, Unprotected (painted>4feet) Medium",Wet,Daylight,Cloudy,Not a Collision Between Two Motor Vehicles in Transport,No,No Controls,3,1,Complains Of Pain,4,41.80357,-71.42571
100372,2011-00114727,09-Nov-11,3:02:00 PM,Bicycle,,1,,,1,LLOYD AVE,TABER AVE ,Fausto Garcia,109,09-Nov-11,"Two-Way , Not Divided",Dry,Daylight,Clear,Not a Collision Between Two Motor Vehicles in Transport,No,Stop Signs,3,1,Non-Incapacitating,2,41.83385,-71.39245
100379,2011-00114783,09-Nov-11,5:14:00 PM,Pedestrian,1,,,,1,WESTMINSTER ST EXIT,WESTMINSTER ST ,Alex Gonzalez,473,09-Nov-11,One-Way Trafficway,Dry,Dark - Not Lighted,Clear,Not a Collision Between Two Motor Vehicles in Transport,No,Traffic Control Signal,2,1,Complains Of Pain,,41.81576,-71.43865
100401,2011-00114780,09-Nov-11,5:09:00 PM,Pedestrian,1,,,,1,Atwells Ave,Newton St,Jason Dalton,257,09-Nov-11,"Two-Way , Not Divided",Wet,Dark - Lighted,Clear,Head-On (Front - to - Front),No,No Controls,3,1,Complains Of Pain,,41.82326,-71.42223
100622,2011-00114802,09-Nov-11,5:55:00 PM,Pedestrian,1,,,,1,310 CRANSTON ST,HARRISON ST ,Miguel Mena-Torres,493,09-Nov-11,"Two-Way , Not Divided",Dry,Daylight,Clear,Not a Collision Between Two Motor Vehicles in Transport,"Yes, M/V and Driver Left Scene",No Controls,2,1,Complains Of Pain,,41.81286,-71.42908
100293,2011-00114285,08-Nov-11,6:30:00 AM,Pedestrian,1,,,,1,ATWELLS AVE,LYNCH ST ,Anthony Roberson,639,09-Nov-11,"Two-Way , Not Divided",Dry,Dawn,Clear,Other,"Yes, M/V and Driver Left Scene",No Controls,1,1,Incapacitating,,41.82524,-71.45222
99781,2011-00114018,07-Nov-11,11:33:00 AM,Pedestrian,1,,,,1,ELMWOOD AVE,ELMWOOD AVE ,Werchadlo Jr.,679,07-Nov-11,"Two-Way , Not Divided",Dry,Daylight,Clear,Other,"Yes, M/V and Driver Left Scene",No Controls,2,1,Complains Of Pain,,41.80812,-71.42473
99865,2011-00114065,07-Nov-11,2:50:00 PM,Pedestrian,1,,,,1,240 REGENT AVE,,MICHAEL R. TROIA,331,07-Nov-11,One-Way Trafficway,Dry,Daylight,Clear,Head-On (Front - to - Front),No,No Controls,4,1,Complains Of Pain,1,41.82935,-71.44315
99925,2011-00113522,05-Nov-11,11:10:00 PM,Bicycle,,1,,,1,WASHINGTON ST,EMPIRE ST ,Stephen Sage,353,07-Nov-11,"Two-Way, Divided, Unprotected (painted>4feet) Medium",Dry,Dark - Lighted,Clear,Angle (Front - to - Side) Opposite Direction,No,Traffic Control Signal,3,1,Non-Incapacitating,,41.82182,-71.41645
99388,2011-00112072,01-Nov-11,5:43:00 PM,Bicycle,,1,,,1,MEMORIAL BLVD,COLLEGE ST ,Matthew Goddard,171,05-Nov-11,"Two-Way, Divided, Positive Median Barrier",Dry,Daylight,Clear,Not a Collision Between Two Motor Vehicles in Transport,No,Traffic Control Signal,3,1,Complains Of Pain,,41.8253,-71.40882
99362,2011-00111328,30-Oct-11,1:49:00 PM,Bicycle,,1,,,1,RAYMOND STREET,CHALKSTONA AVE,Brian Corcoran,562,05-Nov-11,"Two-Way , Not Divided",Dry,Daylight,Clear,Other,No,Traffic Control Signal,2,0,No Injury,2,41.83419,-71.43024
97848,2011-00110315,27-Oct-11,5:36:00 PM,Pedestrian,1,,,,1,ELLERY ST,UNION AVE,Luis Pelaez,336,27-Oct-11,"Two-Way , Not Divided",Wet,Dark - Lighted,Rain,Not a Collision Between Two Motor Vehicles in Transport,No,Stop Signs,3,1,Complains Of Pain,2,41.80933,-71.43838
97464,2011-00109491,25-Oct-11,7:54:00 AM,Pedestrian,1,,,,1,PENNSYLVANIA AVE,PRAIRIE AVE ,Roderick Soares,399,26-Oct-11,"Two-Way , Not Divided",Dry,Daylight,Clear,Other,No,No Controls,3,1,Complains Of Pain,2,41.79785,-71.41152
97284,2011-00108953,23-Oct-11,1:47:00 PM,Pedestrian,2,,,,1,CRANSTON ST,DEXTER ST ,Eugene Craven,517,25-Oct-11,"Two-Way, Divided, Unprotected (painted>4feet) Medium",Dry,Daylight,Clear,Not a Collision Between Two Motor Vehicles in Transport,No,Pavement Markings,4,2,Complains Of Pain,,41.8126,-71.42959
96778,2011-00108624,22-Oct-11,3:32:00 PM,Pedestrian,1,,,,1,JILLSON ST,OCONNOR ST ,OR PROCTOR ,627,22-Oct-11,"Two-Way, Divided, Unprotected (painted>4feet) Medium",Dry,Daylight,Clear,Not a Collision Between Two Motor Vehicles in Transport,No,Stop Signs,5,1,Complains Of Pain,,41.79105,-71.40578
97496,2011-00109997,20-Oct-11,5:53:00 PM,Bicycle,,1,,,1,DOUGLAS AVE,EATON ST ,Vincent Pazzetta,641,26-Oct-11,"Two-Way , Not Divided",Dry,Dark - Lighted,Clear,Not a Collision Between Two Motor Vehicles in Transport,No,No Controls,2,1,Complains Of Pain,,41.84094,-71.42728
96123,2011-00106962,17-Oct-11,9:51:00 PM,Pedestrian,1,,,,1,COURTLAND ST,RING ST ,Ricardo Silva,185,17-Oct-11,"Two-Way , Not Divided",Dry,Dark - Lighted,Clear,Not a Collision Between Two Motor Vehicles in Transport,"Yes, M/V and Driver Left Scene",No Controls,1,1,Complains Of Pain,,41.82045,-71.43167
95693,2011-00106193,15-Oct-11,7:47:00 PM,Pedestrian,1,,,,1,Grove St,DE SOTO ST ,Christopher Poncia,333,15-Oct-11,"Two-Way , Not Divided",Dry,Dark - Lighted,Clear,Not a Collision Between Two Motor Vehicles in Transport,"Yes, M/V and Driver Left Scene",No Controls,2,1,Complains Of Pain,,41.82015,-71.43916
95077,2011-00104769,11-Oct-11,5:10:00 PM,Pedestrian,1,,,,1,TUXEDO AVE,ATWELLS AVE ,Michele Rudolph,512,11-Oct-11,"Two-Way , Not Divided",Dry,Daylight,Clear,Not a Collision Between Two Motor Vehicles in Transport,No,Stop Signs,3,1,Complains Of Pain,,41.82452,-71.43862
95118,2011-00104760,11-Oct-11,7:05:00 PM,Bicycle,,1,,,1,RUGGLES ST,CHALKSTONE AVE ,Ralph Abenante,511,11-Oct-11,"Two-Way, Divided, Unprotected (painted>4feet) Medium",Dry,Dark - Lighted,Clear,Head-On (Front - to - Front),"Yes, M/V and Driver Left Scene",Stop Signs,2,1,Non-Incapacitating,,41.83616,-71.42824
95196,2011-00104823,11-Oct-11,11:31:00 PM,Bicycle,,1,,,1,GEORGE ST,THAYER ST ,Daniel Gonzalez,469,12-Oct-11,"Two-Way , Not Divided",Dry,Dark - Not Lighted,Clear,"Sideswipe, Same Direction","Yes, M/V and Driver Left Scene",Stop Signs,1,0,No Injury,,41.82553,-71.40037
94917,2011-00104318,10-Oct-11,1:58:00 PM,Pedestrian,1,,,,1,22 barbara st,PONAGANSETT AVE ,Keith Lafazia,394,10-Oct-11,"Two-Way , Not Divided",Dry,Daylight,Clear,Not a Collision Between Two Motor Vehicles in Transport,"Yes, M/V and Driver Left Scene",No Controls,2,1,Complains Of Pain,,41.82046,-71.45891
94836,2011-00104018,09-Oct-11,4:12:00 PM,Pedestrian,1,,,,1,GRAPE ST,ADMIRAL ST ,Vincent Pazzetta,641,09-Oct-11,"Two-Way , Not Divided",Dry,Daylight,Clear,Not a Collision Between Two Motor Vehicles in Transport,No,No Controls,2,0,No Injury,,41.8458,-71.43027
94857,2011-00104037,09-Oct-11,5:15:00 PM,Bicycle,,1,,,1,CRANSTON ST,PARADE ST ,Miguel Mena-Torres,493,09-Oct-11,"Two-Way , Not Divided",Dry,Daylight,Clear,Not a Collision Between Two Motor Vehicles in Transport,No,No Controls,2,1,Complains Of Pain,,41.8118,-71.43114
94894,2011-00103992,09-Oct-11,2:56:00 PM,Pedestrian,1,,,,1,338 BROAD ST,BROAD ST ,Miguel Mena-Torres,493,09-Oct-11,"Two-Way , Not Divided",Dry,Daylight,Clear,Not a Collision Between Two Motor Vehicles in Transport,"Yes, M/V and Driver Left Scene",No Controls,2,1,Complains Of Pain,,41.81397,-71.4214
95342,2011-00103633,08-Oct-11,5:13:00 PM,Pedestrian,1,,,,1,MEMORIAL BLVD,SOUTH WATER STREET,William O'Donnell,150,12-Oct-11,"Two-Way , Not Divided",Dry,Daylight,Clear,Other,No,Traffic Control Signal,3,1,Complains Of Pain,2,41.8241,-71.40842
94511,2011-00103144,07-Oct-11,12:24:00 PM,Bicycle,,1,,,1,SERVICE ROAD 8,WASHINGTON ST ,Thiago Gomes,532,07-Oct-11,One-Way Trafficway,Dry,Daylight,Clear,"Sideswipe, Same Direction","Yes, M/V and Driver Left Scene",No Controls,1,1,Complains Of Pain,,41.82013,-71.41876
94559,2011-00103199,07-Oct-11,3:36:00 PM,Pedestrian,1,,,,1,HUXLEY AVE,OAKDALE ST ,Adam Chin,289,07-Oct-11,"Two-Way , Not Divided",Dry,Daylight,Clear,Other,No,No Controls,3,1,Complains Of Pain,,41.83908,-71.43423
94905,2011-00103098,07-Oct-11,8:29:00 AM,Bicycle,,1,,,1,DOUGLAS AVE,WHIPPLE ST ,Raymond King,633,10-Oct-11,"Two-Way , Not Divided",Dry,Daylight,Clear,Angle (Front - to - Side) Right Angle (Includes Broadside),No,No Controls,5,1,Complains Of Pain,2,41.83685,-71.42154
94220,2011-00102757,06-Oct-11,8:52:00 AM,Bicycle,,1,,,1,S MAIN ST,PACKET ST ,Derrek Edmonds,550,06-Oct-11,One-Way Trafficway,Dry,Daylight,Clear,"Sideswipe, Same Direction",No,No Controls,3,1,Complains Of Pain,,41.82406,-71.40672
93960,2011-000102281,04-Oct-11,7:11:00 PM,Pedestrian,1,,,,1,LENNON ST,SMITH ST ,Roland Reed,505,04-Oct-11,"Two-Way , Not Divided",Wet,Dark - Lighted,Rain,Not a Collision Between Two Motor Vehicles in Transport,No,Stop Signs,2,1,Non-Incapacitating,,41.84506,-71.45027
93686,2011-00101655,02-Oct-11,10:22:00 PM,Bicycle,,1,,,1,DOUGLAS AVE,CHAD BROWN ST ,Brian Auclair,166,03-Oct-11,"Two-Way , Not Divided",Wet,Dark - Not Lighted,Clear,"Sideswipe, Same Direction","Yes, M/V and Driver Left Scene",No Controls,2,1,Complains Of Pain,,41.8386,-71.42511
92900,2011-00100359,29-Sep-11,4:16:00 PM,Bicycle,,1,,,1,BROADWAY,DE PASQUALE AVE ,Sean Lafferty,272,29-Sep-11,"Two-Way , Not Divided",Dry,Daylight,Cloudy,Not a Collision Between Two Motor Vehicles in Transport,No,No Controls,3,1,Complains Of Pain,,41.82076,-71.42528
92771,2011-00100125,28-Sep-11,11:02:00 PM,Bicycle,,1,,,1,BROADWAY,TOBEY ST ,Roberto Gutierrez,263,29-Sep-11,"Two-Way , Not Divided",Wet,Dark - Lighted,Rain,Not a Collision Between Two Motor Vehicles in Transport,No,Traffic Control Signal,3,2,Complains Of Pain,,41.81848,-71.43503
92529,2011-00099631,27-Sep-11,5:08:00 PM,Pedestrian,1,,,,1,MANTON AVE,WESTCOTT AVE ,Matthew Greely,184,27-Sep-11,"Two-Way , Not Divided",Dry,Daylight,Clear,Not a Collision Between Two Motor Vehicles in Transport,"Yes, M/V and Driver Left Scene",Stop Signs,2,1,Complains Of Pain,2,41.83372,-71.46853
92050,2011-00098656,25-Sep-11,1:30:00 AM,Pedestrian,1,,,,1,644 Douglas Ave,Virginaia Lane ,Robert Heaton,539,25-Sep-11,"Two-Way , Not Divided",Dry,Dark - Lighted,Clear,Unknown,"Yes, M/V and Driver Left Scene",No Controls,3,1,Complains Of Pain,,41.84739,-71.43057
91817,2011-00097921,23-Sep-11,12:23:00 PM,Pedestrian,1,1,,,1,ALLENS AVE,ERNEST ST,Michael Camardo,515,23-Sep-11,"Two-Way , Not Divided",Wet,Daylight,Rain,Angle (Front - to - Side) Right Angle (Includes Broadside),No,Traffic Control Signal,5,2,Incapacitating,4,41.79481,-71.39793
93099,2011-00097611,22-Sep-11,4:57:00 PM,Pedestrian,1,,,,1,EXCHANGE TER,EXCHANGE ST ,Ptlm. Carroll,142,29-Sep-11,One-Way Trafficway,Dry,Daylight,Cloudy,Angle (Front - to - Side) Right Angle (Includes Broadside),"Yes, M/V and Driver Left Scene",Stop Signs,2,1,Complains Of Pain,3,41.82611,-71.4116
91598,2011-00097061,21-Sep-11,1:18:00 AM,Pedestrian,1,,,,1,CHALKSTONE AVE,DELHI ST ,Jozsef Rimoczy,274,21-Sep-11,"Two-Way , Not Divided",Dry,Dark - Lighted,Clear,Not a Collision Between Two Motor Vehicles in Transport,"Yes, M/V and Driver Left Scene",No Controls,2,1,Incapacitating,,41.83644,-71.41905
91152,2011-00096686,19-Sep-11,11:44:00 PM,Pedestrian,1,,,,1,GANO ST,INDIA ST ,David Iamarone,334,20-Sep-11,"Two-Way , Not Divided",Dry,Other,Clear,Other,No,No Controls,2,0,No Injury,2,41.81919,-71.3893
94205,2011-00096394,19-Sep-11,8:22:00 AM,Pedestrian,1,,,,1,CHALKSTONE AVE,CLEMATIS ST ,Kenneth Pike,130,06-Oct-11,"Two-Way, Divided, Unprotected (painted>4feet) Medium",Dry,Daylight,Clear,Other,No,No Controls,3,1,Complains Of Pain,,41.83265,-71.44605
91655,2011-000095410,16-Sep-11,5:05:00 PM,Pedestrian,1,,,,1,270 broad ,,Robert Papa,187,22-Sep-11,Unknown,Dry,Daylight,Clear,Head-On (Front - to - Front),No,No Controls,2,1,Incapacitating,,41.82447,-71.40851
90103,2011-00094319,13-Sep-11,5:55:00 PM,Bicycle,,1,,,1,337 BROAD ST,PORTLAND ST ,Jose Mendez,321,13-Sep-11,"Two-Way , Not Divided",Dry,Daylight,Clear,Unknown,No,No Controls,2,1,Complains Of Pain,,41.81415,-71.4213
89648,2011-00092731,09-Sep-11,7:35:00 PM,Pedestrian,1,,,,1,ADMIRAL ST,FILLMORE ST ,Brian Auclair,166,09-Sep-11,"Two-Way , Not Divided",Dry,Dark - Not Lighted,Clear,Not a Collision Between Two Motor Vehicles in Transport,No,No Controls,3,1,Complains Of Pain,,41.84092,-71.41999
92233,2011-00092401,09-Sep-11,1:25:00 AM,Pedestrian,1,,,,1,PINE ST,PAGE ST ,Jason Cotugno,173,09-Sep-11,"Two-Way , Not Divided",Dry,Dark - Lighted,Clear,Other,"Yes, M/V and Driver Left Scene",No Controls,7,1,Incapacitating,,41.82114,-71.41129
88804,2011-00091690,06-Sep-11,8:13:00 PM,Pedestrian,1,,,,1,Broad ,Malborough, Papa,187,06-Sep-11,"Two-Way , Not Divided",Wet,Dark - Lighted,Rain,Other,No,No Controls,6,1,Incapacitating,,41.83109,-71.4113
88918,2011-0000000091151,05-Sep-11,1:04:00 PM,Pedestrian,1,,,,1,FARRAGUT AVE,MONTGOMERY AVE ,Anthony Hampton,681,06-Sep-11,"Two-Way , Not Divided",Dry,Daylight,Clear,Not a Collision Between Two Motor Vehicles in Transport,No,No Controls,3,1,Incapacitating,,41.78652,-71.4053
88567,2011-00090885,04-Sep-11,8:25:00 PM,Bicycle,,1,,,1,Gallup Street,GORDON AVE ,Carla Cavanaugh,189,04-Sep-11,One-Way Trafficway,Dry,Dark - Lighted,Clear,Angle (Front - to - Side) Right Angle (Includes Broadside),No,No Controls,2,1,Complains Of Pain,,41.79987,-71.41329
88246,2011-00089842,02-Sep-11,2:45:00 PM,Pedestrian,1,,,,1,CHALKSTONE AVE,GARFIELD AVE ,Brian Muldoon,182,02-Sep-11,"Two-Way , Not Divided",Dry,Daylight,Clear,Head-On (Front - to - Front),No,No Controls,2,1,Incapacitating,,41.83382,-71.43268
88346,2011-00089767,02-Sep-11,10:51:00 AM,Bicycle,,1,,,1,SMITH ST,CALVERLY ST ,Raymond King,633,03-Sep-11,"Two-Way , Not Divided",Dry,Daylight,Clear,Head-On (Front - to - Front),No,No Controls,4,1,Incapacitating,2,41.83303,-71.42013
88634,2011-00089906,02-Sep-11,5:19:00 PM,Pedestrian,1,,,,1,MOWRY STREET,DOUGLAS AVE ,Scott Zambarano,164,05-Sep-11,"Two-Way , Not Divided",Dry,Daylight,Clear,Head-On (Front - to - Front),No,Stop Signs,2,1,Complains Of Pain,,41.84364,-71.42786