CrashReportId,ReportNumber,CrashDate,CrashTime,Collision Type,CountPedestrian,CountBicycle,Scooter,Wheel Chair,NumberofVehicles,StreetOrHighway,NearestIntersection,Officer,Badge,ReportDate,TypeOfRoadway,RoadSurfaceCondition,LightCondition,WeatherCondition,MannerofImpact,HitAndRun,TrafficControl,PersonCount,InjuryCount,MostSeriousInjury,NumberOfLanes,Latitude,Longitude
88125,2011-00089388,01-Sep-11,1:10:00 PM,Pedestrian,1,,,,1,WATERMAN ST,GANO ST ,John Almeida,386,01-Sep-11,One-Way Trafficway,Dry,Daylight,Clear,Not a Collision Between Two Motor Vehicles in Transport,No,Traffic Control Signal,4,1,Non-Incapacitating,,41.82818,-71.39072
88167,2011-00089641,01-Sep-11,11:57:00 PM,Bicycle,,1,,,1,Thayer ST,Angell ST ,Noel Field,260,02-Sep-11,One-Way Trafficway,Dry,Dark - Lighted,Clear,"Sideswipe, Same Direction","Yes, M/V and Driver Left Scene",Traffic Control Signal,2,1,Complains Of Pain,1,41.8281,-71.40065
88134,2011-00089050,31-Aug-11,3:38:00 PM,Bicycle,,1,,,1,SMITH ST,GASPEE STREET,Matthew Goddard,171,01-Sep-11,"Two-Way , Not Divided",Dry,Daylight,Clear,Not a Collision Between Two Motor Vehicles in Transport,No,Traffic Control Signal,2,0,No Injury,,41.83152,-71.41281
87996,2011-00088127,29-Aug-11,11:58:00 AM,Pedestrian,1,,,,1,ANGELL ST,BROOK ST ,Anthony Hampton,681,30-Aug-11,One-Way Trafficway,Dry,Daylight,Clear,Not a Collision Between Two Motor Vehicles in Transport,No,Traffic Control Signal,3,1,Complains Of Pain,,41.82821,-71.39947
87571,2011-00087302,27-Aug-11,9:23:00 AM,Pedestrian,1,,,,1,UNION AVE,WHITEHALL ST ,Francisco Furtado,635,27-Aug-11,Unknown,Dry,Daylight,Clear,Other,No,No Controls,3,1,Complains Of Pain,,41.80786,-71.44358
87829,2011-00087089,26-Aug-11,10:12:00 PM,Pedestrian,1,,,,1,ELMWOOD AVE,ADELAIDE AVE ,Kusol Pea,174,27-Aug-11,"Two-Way, Divided, Positive Median Barrier",Dry,Dark - Lighted,Clear,Head-On (Front - to - Front),No,No Controls,5,0,No Injury,,41.7959,-71.42512
87987,2011-00086574,25-Aug-11,4:23:00 PM,Pedestrian,1,,,,1,W EXCHANGE ST,W EXCHANGE ST EXIT 22A ,Matthew Goddard,171,25-Aug-11,One-Way Trafficway,Dry,Daylight,Clear,Not a Collision Between Two Motor Vehicles in Transport,No,No Controls,3,1,Complains Of Pain,,41.82482,-71.41768
87231,2011-00086258,24-Aug-11,7:15:00 PM,Bicycle,,1,,,1,HOPE ST,OGDEN ST ,Donald Castigliego,287,24-Aug-11,"Two-Way , Not Divided",Dry,Dusk,Clear,Not a Collision Between Two Motor Vehicles in Transport,No,No Controls,5,1,Incapacitating,,41.85176,-71.39368
87271,2011-00086220,24-Aug-11,5:46:00 PM,Bicycle,,1,,,1,BRANCH AVE,VANDEWATER ST ,Michael Moonan,286,24-Aug-11,"Two-Way , Not Divided",Dry,Daylight,Clear,Not a Collision Between Two Motor Vehicles in Transport,No,No Controls,3,1,Incapacitating,2,41.85363,-71.42864
87045,2011-00085782,23-Aug-11,3:21:00 PM,Pedestrian,1,,,,1,GEORGE ST,HOPE ST ,James Grennan,332,23-Aug-11,"Two-Way , Not Divided",Dry,Daylight,Clear,Other,No,Stop Signs,3,1,Complains Of Pain,2,41.82579,-71.39727
88037,2011-00085816,23-Aug-11,4:41:00 PM,Bicycle,,1,,,1,ACADEMY AVE,HEALTH AVE ,Stephen Frechette,362,31-Aug-11,"Two-Way , Not Divided",Dry,Daylight,Clear,Not a Collision Between Two Motor Vehicles in Transport,No,No Controls,3,1,Complains Of Pain,,41.82776,-71.4438
87232,2011-00085449,22-Aug-11,4:00:00 PM,Bicycle,,1,,,1,BASSETT ST,East Franklin Street,Donald Brien,630,22-Aug-11,"Two-Way , Not Divided",Dry,Daylight,Clear,Not a Collision Between Two Motor Vehicles in Transport,No,Stop Signs,2,1,Complains Of Pain,2,41.8167,-71.41233
86723,2011-00084917,21-Aug-11,4:19:00 AM,Pedestrian,1,,,,1,DOUGLAS AVE,CHAD BROWN ST ,Jozsef Rimoczy,274,21-Aug-11,"Two-Way , Not Divided",Dry,Dark - Lighted,Clear,Not a Collision Between Two Motor Vehicles in Transport,"Yes, M/V and Driver Left Scene",Traffic Control Signal,2,1,Incapacitating,,41.83945,-71.42601
86741,2011-00084979,21-Aug-11,12:18:00 PM,Bicycle,,1,,,1,WASHINGTON ST,EMPIRE ST ,Thomas Connetta / Kenneth Penza,374,21-Aug-11,"Two-Way , Not Divided",Dry,Daylight,Clear,Not a Collision Between Two Motor Vehicles in Transport,No,Traffic Control Signal,6,1,Incapacitating,,41.82182,-71.41645
86743,2011-00085044,21-Aug-11,3:50:00 PM,Pedestrian,1,,,,1,BROADWAY,ATWELLS AVE ,Matthew Goddard,171,21-Aug-11,"Two-Way, Divided, Positive Median Barrier",Dry,Daylight,Clear,Not a Collision Between Two Motor Vehicles in Transport,"Yes, M/V and Driver Left Scene",No Controls,2,0,Unknown,,41.8226,-71.41788
86802,2011-00085214,21-Aug-11,11:16:00 PM,Bicycle,,1,,,1,WESTMINSTER ST,WESTMINSTER ST EXIT ,Jessica Leone,258,22-Aug-11,"Two-Way , Not Divided",Wet,Daylight,Rain,Not a Collision Between Two Motor Vehicles in Transport,"Yes, M/V and Driver Left Scene",No Controls,1,1,Incapacitating,,41.81576,-71.4387
86586,2011-00084054,19-Aug-11,12:05:00 PM,Pedestrian,2,,,,1,NORTH MAIN STREET,HEWES STREET,Khatchig Kazandjian,367,19-Aug-11,One-Way Trafficway,Dry,Daylight,Clear,Not a Collision Between Two Motor Vehicles in Transport,No,Stop Signs,3,2,Complains Of Pain,2,41.83677,-71.40991
86295,2011-00083608,18-Aug-11,11:40:00 AM,Pedestrian,1,,,,1,WEBSTER AVE,STERLING AVE ,Anthony Hampton,681,18-Aug-11,"Two-Way , Not Divided",Dry,Daylight,Clear,"Sideswipe, Same Direction",No,No Controls,3,1,Complains Of Pain,,41.81064,-71.44936
86445,2011-00083611,18-Aug-11,11:35:00 AM,Bicycle,,1,,,1,Frost Street,North Main Street,Antonio D Laranjo Jr,456,19-Aug-11,One-Way Trafficway,Dry,Daylight,Clear,Other,No,Traffic Control Signal,3,0,No Injury,2,41.85132,-71.40238
86762,2011-00083417,17-Aug-11,6:41:00 PM,Bicycle,,1,,,1,CRANSTON ST,WAVERLY ST ,Luis Pelaez,336,21-Aug-11,"Two-Way , Not Divided",Dry,Daylight,Clear,Not a Collision Between Two Motor Vehicles in Transport,"Yes, M/V and Driver Left Scene",No Controls,2,1,Complains Of Pain,2,41.80832,-71.43454
85921,2011-00082930,16-Aug-11,3:07:00 PM,Bicycle,1,,,,1,MANTON AVE,CHAFFEE ST ,Christopher Poncia,333,16-Aug-11,"Two-Way , Not Divided",Dry,Daylight,Clear,Angle (Front - to - Side) Opposite Direction,No,No Controls,2,1,Complains Of Pain,2,41.81852,-71.44539
85977,2011-00083031,16-Aug-11,7:08:00 PM,Bicycle,,1,,,1,SMITHFIELD AVE,SMITHFIELD AVE ,Brian Auclair,166,16-Aug-11,"Two-Way , Not Divided",Dry,Daylight,Clear,"Sideswipe, Same Direction",No,No Controls,2,0,No Injury,,41.8588,-71.41098
86099,2011-00082903,16-Aug-11,1:31:00 PM,Pedestrian,1,,,,1,ORMS ST EXIT 23,ORMS ST ,Anthony Hampton,681,17-Aug-11,One-Way Trafficway,Dry,Daylight,Clear,Other,No,Traffic Control Signal,4,1,Complains Of Pain,,41.8348,-71.41434
85730,2011-00082492,15-Aug-11,11:26:00 AM,Pedestrian,1,,,,1,SUMTER ST,BROAD ST ,Michael Camardo,515,15-Aug-11,"Two-Way , Not Divided",Wet,Daylight,Rain,Not a Collision Between Two Motor Vehicles in Transport,"Yes, M/V and Driver Left Scene",No Controls,1,1,Complains Of Pain,2,41.79774,-71.41412
86267,2011-00082470,15-Aug-11,9:10:00 AM,Bicycle,,1,,,1,OLDHAM ST,PLAIN ST ,Roderick Soares,399,18-Aug-11,"Two-Way , Not Divided",Wet,Daylight,Rain,Not a Collision Between Two Motor Vehicles in Transport,No,No Controls,2,1,Complains Of Pain,2,41.81328,-71.41232
85379,2011-00081180,12-Aug-11,9:41:00 AM,Bicycle,,1,,,1,HOPE ST,CHARLESFIELD ST ,Derrek Edmonds,550,12-Aug-11,"Two-Way , Not Divided",Dry,Daylight,Clear,"Sideswipe, Same Direction",No,No Controls,2,1,Complains Of Pain,,41.82421,-71.39721
85507,2011-00081239,12-Aug-11,1:43:00 PM,Bicycle,,1,,,1,S MAIN ST,HOPKINS ST ,Richard Mills,424,13-Aug-11,One-Way Trafficway,Dry,Daylight,Clear,"Sideswipe, Same Direction",No,No Controls,3,1,Complains Of Pain,,41.82423,-71.40682
85325,2011-00080939,11-Aug-11,5:27:00 PM,Pedestrian,1,,,,1,GLENHAM ST,PRAIRIE AVE ,Carla Cavanaugh,189,11-Aug-11,"Two-Way , Not Divided",Dry,Daylight,Clear,Not a Collision Between Two Motor Vehicles in Transport,No,Stop Signs,2,0,No Injury,,41.80609,-71.41509
90025,2011-00080667,10-Aug-11,9:20:00 PM,Pedestrian,1,,,,1,MITCHELL ST,HAMILTON ST ,Jared Stanzione,193,13-Sep-11,"Two-Way , Not Divided",Dry,Dark - Lighted,Clear,Other,No,No Controls,2,1,Complains Of Pain,,41.80035,-71.42268
84816,2011-00080055,09-Aug-11,1:25:00 AM,Bicycle,,1,,,1,W RIVER ST,BRANCH AVE ,Raymond Majeau,275,09-Aug-11,"Two-Way , Not Divided",Unknown,Dark - Not Lighted,Clear,Not a Collision Between Two Motor Vehicles in Transport,"Yes, M/V and Driver Left Scene",No Controls,1,0,Unknown,,41.8469,-71.41269
85354,2011-00080474,07-Aug-11,9:49:00 AM,Pedestrian,1,,,,1,INDIA ST,S MAIN ST ,Derrek Edmonds,550,12-Aug-11,"Two-Way , Not Divided",Dry,Daylight,Clear,"Sideswipe, Same Direction",No,No Controls,3,1,Complains Of Pain,,41.81634,-71.39891
84471,2011-00079239,06-Aug-11,10:00:00 PM,Pedestrian,1,,,,1,CHARLES ST,GILLEN ST ,Kevin Toole,153,07-Aug-11,"Two-Way , Not Divided",Wet,Dark - Lighted,Rain,Not a Collision Between Two Motor Vehicles in Transport,"Yes, M/V and Driver Left Scene",No Controls,1,1,Complains Of Pain,2,41.85245,-71.42032
84368,2011-00078609,05-Aug-11,3:27:00 PM,Bicycle,,1,,,1,EMPIRE ST,BROADWAY ,Christopher Calise,397,05-Aug-11,"Two-Way, Divided, Positive Median Barrier",Dry,Daylight,Clear,Angle (Front - to - Side) Same Direction,No,No Controls,2,0,No Injury,2,41.82257,-71.41745
86232,2011-00078411,05-Aug-11,1:32:00 AM,Pedestrian,1,,,,1,ATWELLS AVE,MURPHY ST ,Roberto Gutierrez,263,18-Aug-11,"Two-Way, Divided, Unprotected (painted>4feet) Medium",Dry,Dark - Lighted,Clear,"Sideswipe, Same Direction",No,No Controls,3,1,Complains Of Pain,,41.82373,-71.42884
84466,2011-00078346,04-Aug-11,10:11:00 PM,Bicycle,,1,,,1,WESTMINSTER ST,MEMORIAL BOULEVARD,Ptlm. Carroll,142,06-Aug-11,"Two-Way , Not Divided",Dry,Dark - Lighted,Clear,"Sidwswipe, Opposite Direction",No,Traffic Control Signal,2,1,Complains Of Pain,2,41.82529,-71.40895
87831,2011-00078377,04-Aug-11,11:09:00 PM,Pedestrian,1,,,,1,RESERVOIR AVE,ELMWOOD AVE ,Fernando Lopez,156,30-Aug-11,Unknown,Dry,Dark - Lighted,Clear,Not a Collision Between Two Motor Vehicles in Transport,No,No Controls,3,1,Complains Of Pain,,41.79755,-71.42606
83517,2011-00075981,30-Jul-11,1:02:00 AM,Bicycle,,1,,,1,WESTMINSTER ST,EMPIRE ST ,Michael Sullivan,347,30-Jul-11,One-Way Trafficway,Dry,Dark - Lighted,Clear,Angle (Front - to - Side) Right Angle (Includes Broadside),No,Traffic Control Signal,3,1,Incapacitating,2,41.82097,-71.41532
83480,2011-00075665,29-Jul-11,12:50:00 PM,Pedestrian,1,,,,1,Tell Street,Courtland Street,Michael Caraccia,624,29-Jul-11,"Two-Way , Not Divided",Dry,Daylight,Cloudy,Not a Collision Between Two Motor Vehicles in Transport,No,No Controls,3,1,Incapacitating,1,41.82188,-71.43251
83161,2011-00074919,27-Jul-11,5:21:00 PM,Bicycle,,1,,,1,SORRENTO ST,LINWOOD AVE ,Luis Pelaez,336,27-Jul-11,"Two-Way , Not Divided",Dry,Daylight,Clear,Not a Collision Between Two Motor Vehicles in Transport,No,Stop Signs,3,1,Complains Of Pain,2,41.80786,-71.43737
82968,2011-00074479,26-Jul-11,1:35:00 PM,Pedestrian,1,,,X,2,PLAIN ST,OLDHAM ST ,Jose Deschamps,419,26-Jul-11,Unknown,Dry,Daylight,Clear,Other,No,No Controls,5,2,Complains Of Pain,,41.81281,-71.41214
86808,2011-00074161,25-Jul-11,3:50:00 PM,Bicycle,,1,,,1,MANTON AVE,FAIRFIELD AVE ,Trent Hastings,326,25-Jul-11,"Two-Way , Not Divided",Dry,Daylight,Cloudy,Angle (Front - to - Side) Opposite Direction,No,No Controls,3,1,Complains Of Pain,,41.82568,-71.45655
82622,2011-00073763,24-Jul-11,1:20:00 PM,Pedestrian,1,,,,1,BRADFORD ST,ATWELLS AVE ,Christopher Poncia,333,24-Jul-11,"Two-Way , Not Divided",Dry,Daylight,Clear,Not a Collision Between Two Motor Vehicles in Transport,No,Stop Signs,2,1,Complains Of Pain,,41.82323,-71.42178
82508,2011-00073473,23-Jul-11,10:21:00 PM,Bicycle,,1,,,1,STATE STREET,EXIT 23 ,Carla Cavanaugh,189,23-Jul-11,One-Way Trafficway,Dry,Daylight,Clear,Angle (Front - to - Side) Opposite Direction,No,No Controls,2,1,Complains Of Pain,,41.83478,-71.41433
82157,2011-00072518,21-Jul-11,9:59:00 AM,Bicycle,,1,,,2,ANGELL ST,HOPE ST ,Richard Mills,424,21-Jul-11,"Two-Way , Not Divided",Dry,Daylight,Clear,Angle (Front - to - Side) Right Angle (Includes Broadside),No,Traffic Control Signal,3,1,Complains Of Pain,,41.8284,-71.39751
82187,2011-00072557,21-Jul-11,12:21:00 PM,Bicycle,,1,,,1,CHALKSTONE AVE,GARFIELD AVE ,Merrick Cook,280,21-Jul-11,"Two-Way , Not Divided",Dry,Daylight,Clear,Angle (Front - to - Side) Right Angle (Includes Broadside),No,No Controls,4,1,Incapacitating,2,41.83382,-71.43245
82162,2011-00072143,20-Jul-11,11:51:00 AM,Bicycle,,1,,,1,549 RIVER AVE,EATON ST ,Joseph Madeira,552,21-Jul-11,"Two-Way , Not Divided",Dry,Daylight,Clear,Angle (Front - to - Side) Right Angle (Includes Broadside),No,Traffic Control Signal,2,1,Non-Incapacitating,,41.84304,-71.44051
83335,2011-00071796,19-Jul-11,1:37:00 PM,Bicycle,,1,,,1,PUBLIC ST,BROAD ST ,Roderick Soares,399,21-Jul-11,"Two-Way , Not Divided",Dry,Daylight,Clear,Not a Collision Between Two Motor Vehicles in Transport,No,Traffic Control Signal,4,0,No Injury,,41.80441,-71.41937
81271,2011-00069981,15-Jul-11,1:09:00 AM,Pedestrian,2,,,,1,ABBOTT PARK PL,WEYBOSSET ST ,Steffan Rasch,315,15-Jul-11,One-Way Trafficway,Dry,Dark - Lighted,Clear,Not a Collision Between Two Motor Vehicles in Transport,"Yes, M/V and Driver Left Scene",No Controls,8,2,Incapacitating,,41.82061,-71.4134
82867,2011-00070239,15-Jul-11,6:11:00 PM,Bicycle,,1,,,1,BANCROFT ST,KELLEY ST ,Matthew Cute,308,16-Jul-11,"Two-Way , Not Divided",Dry,Daylight,Clear,Not a Collision Between Two Motor Vehicles in Transport,No,No Controls,3,0,No Injury,,41.81294,-71.44793
80680,2011-00068609,11-Jul-11,11:19:00 AM,Bicycle,,1,,,1,CHAPEL ST,SNOW ST ,John Sigillo,590,11-Jul-11,One-Way Trafficway,Dry,Daylight,Clear,Angle (Front - to - Side) Right Angle (Includes Broadside),No,Stop Signs,2,0,No Injury,,41.8212,-71.41384
80760,2011-00068829,11-Jul-11,9:15:00 PM,Pedestrian,1,,,,1,280 Broad St. ,,Papa ,187,11-Jul-11,"Two-Way, Divided, Unprotected (painted>4feet) Medium",Dry,Dark - Lighted,Clear,Head-On (Front - to - Front),"Yes, M/V and Driver Left Scene",No Controls,1,1,Complains Of Pain,,41.82503,-71.4148
80591,2011-00068183,10-Jul-11,9:46:00 AM,Bicycle,,1,,,1,112 POCASSET AVE,MAGNOLIA ST ,Keith Lafazia,394,10-Jul-11,"Two-Way , Not Divided",Dry,Daylight,Clear,Angle (Front - to - Side) Right Angle (Includes Broadside),No,No Controls,2,1,Complains Of Pain,,41.81136,-71.45203
82055,2011-00068247,10-Jul-11,2:15:00 PM,Bicycle,,1,,,1,GALLUP ST,PRAIRIE AVE ,Werchadlo Jr.,679,11-Jul-11,"Two-Way , Not Divided",Dry,Daylight,Clear,Other,No,No Controls,3,1,Complains Of Pain,,41.80002,-71.41247
80369,2011-00067239,08-Jul-11,3:08:00 AM,Pedestrian,1,,,,1,CONGRESS AVE,NIAGARA ST ,Mark Hubbard,267,08-Jul-11,"Two-Way , Not Divided",Dry,Dark - Lighted,Clear,Not a Collision Between Two Motor Vehicles in Transport,"Yes, M/V and Driver Left Scene",No Controls,1,1,Complains Of Pain,,41.80052,-71.4197
80284,2011-00066952,07-Jul-11,2:14:00 PM,Pedestrian,1,,,,1,CHALKSTONE AVE,GENEVA ST ,Wayne Mann,563,07-Jul-11,"Two-Way , Not Divided",Dry,Daylight,Clear,Other,No,No Controls,4,1,Complains Of Pain,,41.83227,-71.44088
79884,2011-00065904,04-Jul-11,10:10:00 PM,Bicycle,,1,,,1,HARTFORD AVE,OLNEYVILLE SQ ,Matthew Cute,308,04-Jul-11,One-Way Trafficway,Dry,Dark - Lighted,Clear,Angle (Front - to - Side) Right Angle (Includes Broadside),No,No Controls,3,0,No Injury,,41.81674,-71.44437
79896,2011-00065888,04-Jul-11,9:50:00 PM,Pedestrian,1,,,,1,ROBIN ST,HARVEST ST ,Brian Muldoon,182,04-Jul-11,"Two-Way , Not Divided",Dry,Dark - Lighted,Clear,Other,No,No Controls,3,1,Complains Of Pain,,41.83156,-71.43602
79704,2011-00064883,02-Jul-11,8:06:00 AM,Bicycle,,1,,,1,825 hope st,4TH ST ,Andrew Frolich,673,02-Jul-11,"Two-Way, Divided, Unprotected (painted>4feet) Medium",Dry,Daylight,Clear,Unknown,No,No Controls,2,1,Complains Of Pain,,41.84936,-71.39485
79408,2011-00063843,29-Jun-11,6:33:00 PM,Pedestrian,1,,,,1,KIMBALL AVENUE ,CHALKSTONE AVENUE ,Giuseppe Scarcello,485,29-Jun-11,"Two-Way , Not Divided",Dry,Daylight,Clear,Angle (Front - to - Side) Right Angle (Includes Broadside),"Yes, Driver Left Scene",Stop Signs,1,1,Incapacitating,2,41.82462,-71.41556
80273,2011-0063774,29-Jun-11,3:53:00 PM,Bicycle,,1,,,1,N MAIN ST,STENTON AVE ,Glen Morgan,558,29-Jun-11,One-Way Trafficway,Dry,Daylight,Clear,"Sidwswipe, Opposite Direction",No,No Controls,3,1,Complains Of Pain,,41.84943,-71.40336
79407,2011-00063547,28-Jun-11,10:08:00 PM,Pedestrian,1,,,,1,SMITH ST,BRIGHTWOOD AVE ,Roland Reed,505,28-Jun-11,"Two-Way , Not Divided",Dry,Dark - Lighted,Clear,Head-On (Front - to - Front),"Yes, M/V and Driver Left Scene",No Controls,2,1,Non-Incapacitating,,41.84714,-71.45413
79101,2011-00062928,27-Jun-11,10:11:00 AM,Bicycle,,1,,,1,5TH ST,SUMMIT AVE ,Khatchig Kazandjian,367,27-Jun-11,"Two-Way , Not Divided",Dry,Daylight,Clear,Angle (Front - to - Side) Right Angle (Includes Broadside),No,Stop Signs,2,1,Complains Of Pain,2,41.85115,-71.39794
78868,2011-00061985,25-Jun-11,12:15:00 AM,Pedestrian,3,,,,1,731 EDDY,PUBLIC ST,Francisco Colon,265,25-Jun-11,Unknown,Wet,Dark - Lighted,Rain,Not a Collision Between Two Motor Vehicles in Transport,"Yes, M/V and Driver Left Scene",Other,4,2,Complains Of Pain,,41.80731,-71.40725
78956,2011-00062230,25-Jun-11,3:40:00 PM,Bicycle,,1,,,1,UNION AVE,ALTHEA ST ,Michael Moonan,286,25-Jun-11,"Two-Way , Not Divided",Dry,Daylight,Clear,Not a Collision Between Two Motor Vehicles in Transport,No,Stop Signs,4,1,Non-Incapacitating,2,41.80932,-71.43828
78998,2011-00062178,25-Jun-11,12:43:00 PM,Bicycle,,1,,,1,UNION AVE,POCASSET AVE ,Francisco Furtado,635,26-Jun-11,"Two-Way, Divided, Unprotected (painted>4feet) Medium",Dry,Daylight,Clear,Other,"Yes, M/V and Driver Left Scene",Traffic Control Signal,2,1,Complains Of Pain,,41.80639,-71.45714
78991,2011-00061764,24-Jun-11,1:26:00 PM,Pedestrian,1,,,,1,461 PLAINFIELD STREET,RALPH ST ,Louis Salinaro,592,26-Jun-11,"Two-Way , Not Divided",Dry,Daylight,Cloudy,Other,No,No Controls,4,1,Complains Of Pain,2,41.81342,-71.45379
80941,2011-00061258,22-Jun-11,11:12:00 PM,Pedestrian,2,,,,1,BROAD ST,SERVICE ROAD 7 ,Mark Hubbard,267,23-Jun-11,"Two-Way , Not Divided",Wet,Dark - Lighted,Rain,Not a Collision Between Two Motor Vehicles in Transport,No,No Controls,4,2,Complains Of Pain,,41.81732,-71.41705
78493,2011-00060781,21-Jun-11,5:49:00 PM,Bicycle,,1,,,1,ADELAIDE AVE,HAMILTON ST ,Thomas Richards,162,21-Jun-11,"Two-Way , Not Divided",Dry,Daylight,Clear,Other,No,No Controls,2,1,Complains Of Pain,,41.7972,-71.42076
78303,2011-00060430,20-Jun-11,7:09:00 PM,Bicycle,,1,,,1,MONTROSE ST,RIDGELAND ST ,Matthew McGloin,278,20-Jun-11,"Two-Way , Not Divided",Dry,Daylight,Clear,Not a Collision Between Two Motor Vehicles in Transport,No,No Controls,3,1,Incapacitating,,41.82574,-71.44947
77727,2011-00058657,16-Jun-11,7:56:00 AM,Pedestrian,1,,,,1,ATWELLS AVE,VALLEY ST ,Kenneth Pike,130,16-Jun-11,"Two-Way, Divided, Unprotected (painted>4feet) Medium",Dry,Daylight,Clear,Other,No,Traffic Control Signal,3,1,Non-Incapacitating,,41.82455,-71.43933
77798,2011-00058795,16-Jun-11,3:21:00 PM,Pedestrian,1,,,,1,HARTFORD AVE,ELIZA ST ,Kenneth Penza,534,16-Jun-11,"Two-Way , Not Divided",Dry,Daylight,Clear,Not a Collision Between Two Motor Vehicles in Transport,No,No Controls,6,1,Incapacitating,2,41.81925,-71.4635
77305,2011-00057683,13-Jun-11,1:15:00 PM,Bicycle,,1,,,1,WEYBOSSET ST,ORANGE ST ,James Conti,606,13-Jun-11,One-Way Trafficway,Dry,Daylight,Cloudy,Not a Collision Between Two Motor Vehicles in Transport,No,No Controls,3,1,Non-Incapacitating,,41.82334,-71.41058
77001,2011-00056735,10-Jun-11,10:16:00 PM,Bicycle,,1,,,1,GILLEN ST,CARNAC ST ,Ralph Abenante,511,10-Jun-11,"Two-Way , Not Divided",Dry,Dark - Lighted,Clear,Head-On (Front - to - Front),"Yes, M/V and Driver Left Scene",No Controls,3,1,Complains Of Pain,,41.85293,-71.41907
77078,2011-00056582,10-Jun-11,2:59:00 AM,Pedestrian,1,,,,1,MOUNT PLEASANT AVE,OLD RD ,Roland Reed,505,11-Jun-11,"Two-Way , Not Divided",Dry,Daylight,Clear,Rear - to - Side,No,No Controls,2,1,Complains Of Pain,,41.84589,-71.45382
76878,2011-00056219,09-Jun-11,4:23:00 PM,Pedestrian,1,,,,1,FLORENCE ST,KOSSUTH ST ,Douglas Steele,175,09-Jun-11,One-Way Trafficway,Wet,Daylight,Clear,Not a Collision Between Two Motor Vehicles in Transport,No,No Controls,3,1,Complains Of Pain,,41.82157,-71.44596
76728,2011-00055439,08-Jun-11,1:16:00 AM,Pedestrian,1,,,,1,SOUTH ST,CHESTNUT ST ,Michelle Chasse,264,08-Jun-11,"Two-Way , Not Divided",Dry,Dark - Lighted,Clear,Not a Collision Between Two Motor Vehicles in Transport,No,No Controls,3,1,Complains Of Pain,,41.81708,-71.40858
76032,2011-00053491,03-Jun-11,12:51:00 AM,Pedestrian,1,,,,1,REGENT AVE,HAROLD ST ,Matthew Nadeau,271,03-Jun-11,"Two-Way , Not Divided",Dry,Dark - Lighted,Clear,Not a Collision Between Two Motor Vehicles in Transport,"Yes, M/V and Driver Left Scene",No Controls,3,1,Non-Incapacitating,,41.82969,-71.43909
76193,2011-0053738,03-Jun-11,6:44:00 PM,Pedestrian,1,,,,1,WEYBOSSET ST,RICHMOND ST ,Baez,687,04-Jun-11,One-Way Trafficway,Dry,Daylight,Clear,Head-On (Front - to - Front),No,Person,3,1,Complains Of Pain,,41.82307,-71.41098
75928,2011-00055369,02-Jun-11,5:41:00 PM,Pedestrian,1,,,,1,WARREN ST,HARRISON ST ,Miguel Mena-Torres,493,02-Jun-11,"Two-Way , Not Divided",Dry,Daylight,Clear,Not a Collision Between Two Motor Vehicles in Transport,No,No Controls,5,1,Non-Incapacitating,,41.81098,-71.42785
75503,2011-00051729,29-May-11,12:51:00 PM,Bicycle,,1,,,1,RIVER AVE,EATON ST ,Anthony Corsetti,449,29-May-11,"Two-Way, Divided, Unprotected (painted>4feet) Medium",Dry,Daylight,Clear,Other,No,No Controls,3,1,Complains Of Pain,2,41.84231,-71.44053
74927,2011-00050077,25-May-11,5:45:00 PM,Pedestrian,1,,,,1,WESTMINSTER ST,MESSER ST ,Ptlm. Chin,516,25-May-11,"Two-Way , Not Divided",Dry,Daylight,Clear,"Sideswipe, Same Direction",No,Stop Signs,3,1,Complains Of Pain,,41.81585,-71.43707
74791,2011-00049734,24-May-11,8:31:00 PM,Pedestrian,1,,,,1,CRANSTON ST,DIAMOND ST ,Ptlm. Chin,516,24-May-11,"Two-Way , Not Divided",Dry,Daylight,Clear,"Sideswipe, Same Direction","Yes, M/V and Driver Left Scene",No Controls,2,1,Complains Of Pain,2,41.8123,-71.43017
74524,2011-00048691,22-May-11,12:51:00 AM,Pedestrian,1,,,,1,ELMWOOD AVE,PRINCETON AVE ,Mark Hubbard,267,22-May-11,"Two-Way , Not Divided",Dry,Dark - Lighted,Clear,Not a Collision Between Two Motor Vehicles in Transport,"Yes, M/V and Driver Left Scene",No Controls,3,1,Incapacitating,,41.80561,-71.42516
74293,2011-00047996,20-May-11,3:59:00 PM,Pedestrian,1,,,,1,Manila St,Lubec Street,Richard Esposito,320,20-May-11,One-Way Trafficway,Dry,Daylight,Clear,Other,No,Stop Signs,4,1,Complains Of Pain,,41.85438,-71.44557
73979,2011-00047541,19-May-11,11:10:00 AM,Pedestrian,1,,,,1,575 CHARLES ST,MARIETTA ST ,Peter Conley,571,19-May-11,"Two-Way , Not Divided",Wet,Daylight,Rain,"Sideswipe, Same Direction",No,No Controls,3,1,Complains Of Pain,,41.85159,-71.42019
74171,2011-00047767,19-May-11,9:13:00 PM,Pedestrian,1,,,,1,CHARLES ST,CHARLES ST EXIT ,Michael Pattie,316,19-May-11,"Two-Way, Divided, Unprotected (painted>4feet) Medium",Wet,Dark - Lighted,Cloudy,Other,No,Traffic Control Signal,4,1,Complains Of Pain,,41.8422,-71.41799
74180,2011-00047753,19-May-11,8:59:00 PM,Pedestrian,1,,,,1,48 ACADEMY AVE,,Anthony Doucette,475,19-May-11,"Two-Way , Not Divided",Wet,Dark - Unknown Lighting,Rain,Unknown,"Yes, M/V and Driver Left Scene",No Controls,2,1,Complains Of Pain,,41.82618,-71.44354
73568,2011-00046703,16-May-11,10:32:00 PM,Bicycle,,1,,,1,WASHINGTON ST,UNION ST ,Michael Sullivan,347,16-May-11,"Two-Way , Not Divided",Wet,Dark - Lighted,Rain,Angle (Front - to - Side) Same Direction,No,Traffic Control Signal,2,1,Complains Of Pain,2,41.8236,-71.414