CrashReportId,ReportNumber,CrashDate,CrashTime,Collision Type,CountPedestrian,CountBicycle,Scooter,Wheel Chair,NumberofVehicles,StreetOrHighway,NearestIntersection,Officer,Badge,ReportDate,TypeOfRoadway,RoadSurfaceCondition,LightCondition,WeatherCondition,MannerofImpact,HitAndRun,TrafficControl,PersonCount,InjuryCount,MostSeriousInjury,NumberOfLanes,Latitude,Longitude
40750,2010-00098522,14-Sep-10,8:30:00 PM,Pedestrian,1,,,,1,CAMDEN AVE,CHALKSTONE AVE ,Thomas Richards,279,14-Sep-10,One-Way Trafficway,Dry,Dark - Lighted,Clear,Not a Collision Between Two Motor Vehicles in Transport,"Yes, M/V and Driver Left Scene",No Controls,2,1,Complains Of Pain,,41.83604,-71.42562
40779,2010-00098381,14-Sep-10,3:35:00 PM,Bicycle,1,,,,1,SORRENTO ST,ALTHEA ST ,Juan Rodrigues,194,14-Sep-10,"Two-Way , Not Divided",Dry,Daylight,Clear,Angle (Front - to - Side) Right Angle (Includes Broadside),"Yes, M/V and Driver Left Scene",No Controls,1,1,Non-Incapacitating,,41.80854,-71.43678
40631,2010-00097881,13-Sep-10,8:07:00 AM,Pedestrian,5,,,,1,SMITH ST,PEMBROKE AVE ,Rhonda Kessler,108,13-Sep-10,"Two-Way , Not Divided",Dry,Daylight,Cloudy,Other,No,No Controls,7,1,Complains Of Pain,,41.83657,-71.43125
40100,2010-00095688,07-Sep-10,7:16:00 PM,Pedestrian,2,,,,1,316 Pocasset Ave.,UNION AVE ,Douglas Steele,175,07-Sep-10,"Two-Way , Not Divided",Dry,Dark - Lighted,Clear,Rear - to - Side,No,No Controls,3,2,Complains Of Pain,,41.80617,-71.45729
39997,2010-00095259,06-Sep-10,5:37:00 PM,Bicycle,,1,,,1,S MAIN ST,PACKET ST ,Jason Andrade,200,06-Sep-10,One-Way Trafficway,Dry,Daylight,Clear,Unknown,No,No Controls,3,1,Complains Of Pain,,41.82394,-71.40661
40999,2010-00095372,06-Sep-10,10:08:00 PM,Bicycle,,1,,,1,Point ST,RICHMOND ST ,Christopher Ziroli,283,07-Sep-10,"Two-Way , Not Divided",Dry,Dark - Lighted,Clear,Not a Collision Between Two Motor Vehicles in Transport,No,No Controls,3,1,Non-Incapacitating,,41.81656,-71.40725
39754,2010-00094238,04-Sep-10,2:42:00 PM,Bicycle,,1,,,1,GLENBRIDGE AVE,BARBARA ST ,Douglas Steele,175,04-Sep-10,"Two-Way , Not Divided",Dry,Daylight,Clear,Angle (Front - to - Side) Right Angle (Includes Broadside),No,Stop Signs,3,1,Complains Of Pain,2,41.82086,-71.46099
39542,2010-00093755,03-Sep-10,8:34:00 AM,Pedestrian,1,,,,1,DOUGLAS AVE,CONCANNON ST ,Albert Decristofano,674,03-Sep-10,"Two-Way, Divided, Unprotected (painted>4feet) Medium",Dry,Daylight,Clear,Not a Collision Between Two Motor Vehicles in Transport,No,No Controls,3,1,Non-Incapacitating,,41.85336,-71.43806
39508,2010-00093460,02-Sep-10,4:04:00 PM,Pedestrian,1,,,,1,BENTON ST,APPLETON ST ,Vincent LaBianca,290,02-Sep-10,"Two-Way , Not Divided",Dry,Daylight,Clear,Not a Collision Between Two Motor Vehicles in Transport,"Yes, M/V and Driver Left Scene",No Controls,1,1,Complains Of Pain,,41.82028,-71.44403
39420,2010-0093154,01-Sep-10,9:10:00 PM,Pedestrian,1,,,,1,PUBLIC ST,BROAD ST ,Jared Sherman,292,01-Sep-10,"Two-Way , Not Divided",Dry,Dark - Lighted,Clear,Not a Collision Between Two Motor Vehicles in Transport,No,Traffic Control Signal,2,1,Complains Of Pain,,41.80442,-71.41935
39060,2010-00092150,30-Aug-10,11:33:00 AM,Bicycle,,1,,,1,Hawkins Street,Russo Street ,Matthew Nadeau,271,30-Aug-10,One-Way Trafficway,Dry,Daylight,Clear,Angle (Front - to - Side) Right Angle (Includes Broadside),No,No Controls,3,0,No Injury,,41.85119,-71.42069
39065,2010-00092188,30-Aug-10,1:58:00 PM,Pedestrian,1,,,,1,BROAD ST,HOUSTON ST ,Michael Camardo,515,30-Aug-10,"Two-Way , Not Divided",Dry,Daylight,Clear,Not a Collision Between Two Motor Vehicles in Transport,"Yes, M/V and Driver Left Scene",No Controls,3,1,Complains Of Pain,2,41.79976,-71.4166
39183,2010-00092589,30-Aug-10,12:55:00 PM,Bicycle,,1,,,1,WHITFORD AVE,NELSON ST ,Merrick Cook,280,31-Aug-10,"Two-Way , Not Divided",Dry,Daylight,Clear,Other,No,No Controls,3,1,Non-Incapacitating,2,41.83897,-71.44329
39201,2010-00091895,29-Aug-10,6:38:00 PM,Pedestrian,1,,,,1,BONANZA WAY,BONANZA WAY ,Glen Morgan,558,29-Aug-10,One-Way Trafficway,Dry,Daylight,Clear,Other,No,No Controls,2,1,Complains Of Pain,,41.8545,-71.40568
38945,2010-00091333,28-Aug-10,6:08:00 PM,Bicycle,,1,,,1,WESTMINSTER ST,BAINBRIDGE AVE ,Brian Romos,285,29-Aug-10,"Two-Way , Not Divided",Dry,Daylight,Clear,Not a Collision Between Two Motor Vehicles in Transport,No,No Controls,3,1,Non-Incapacitating,,41.81608,-71.43539
38735,2010-000090767,27-Aug-10,11:29:00 AM,Pedestrian,1,,,,1,850 MANTON AVE,,Brian Corcoran,562,27-Aug-10,"Two-Way , Not Divided",Dry,Daylight,Clear,Other,No,No Controls,2,1,Complains Of Pain,1,41.83371,-71.46772
39315,2010-00090728,27-Aug-10,8:05:00 AM,Bicycle,,1,,,1,DOUGLAS AVE,WHIPPLE ST ,Ernest Forlini,343,27-Aug-10,"Two-Way , Not Divided",Dry,Daylight,Clear,Angle (Front - to - Side) Right Angle (Includes Broadside),No,No Controls,2,1,Complains Of Pain,2,41.83685,-71.42154
38684,2010-00090451,26-Aug-10,3:11:00 PM,Pedestrian,1,,,,1,THAYER ST,CUSHING ST ,Jason Andrade,200,26-Aug-10,One-Way Trafficway,Dry,Daylight,Clear,Rear End(Front-to-Rear),No,No Controls,3,1,Complains Of Pain,,41.82961,-71.40085
38610,2010-00090094,25-Aug-10,4:36:00 PM,Pedestrian,1,,,,1,WASHINGTON ST,DORRANCE ST ,Ivan Tavarez,204,25-Aug-10,"Two-Way, Divided, Unprotected (painted>4feet) Medium",Wet,Daylight,Rain,Other,No,Traffic Control Signal,5,1,Non-Incapacitating,,41.82445,-71.41277
37205,2010-0084304,11-Aug-10,5:32:00 PM,Pedestrian,1,,,,1,HARTFORD AVE,PRIVATE PROPERTY,Douglas Steele,175,11-Aug-10,"Two-Way , Not Divided",Dry,Daylight,Clear,Rear End(Front-to-Rear),No,No Controls,5,1,Complains Of Pain,,41.82,-71.46876
37211,2010-00084351,11-Aug-10,7:54:00 PM,Pedestrian,1,,,,1,434 MOUNT PLEASANT AVE,,Edwardo Curi,294,11-Aug-10,"Two-Way , Not Divided",Dry,Dark - Lighted,Clear,Angle - Direction Not Specified,No,No Controls,4,0,No Injury,,41.83958,-71.45195
37015,2010-00083900,10-Aug-10,4:59:00 PM,Pedestrian,1,,,,1,N MAIN ST,WHITE ST ,Eric Greene,197,10-Aug-10,Unknown,Dry,Daylight,Clear,Other,No,No Controls,3,1,Complains Of Pain,,41.85487,-71.4004
36774,2010-00082587,07-Aug-10,11:51:00 AM,Pedestrian,1,,,,1,BROAD ST,CYR ST ,John Chmura,572,07-Aug-10,"Two-Way, Divided, Positive Median Barrier",Dry,Daylight,Clear,Other,"Yes, M/V and Driver Left Scene",No Controls,2,1,Non-Incapacitating,,41.7871,-71.40255
36805,2010-00082758,07-Aug-10,9:20:00 PM,Pedestrian,1,,,,1,ATWELLS AVE,ACADEMY AVE ,Matthew Cute,308,07-Aug-10,"Two-Way , Not Divided",Dry,Dark - Lighted,Clear,Unknown,"Yes, M/V and Driver Left Scene",Unknown,1,1,Non-Incapacitating,,41.82478,-71.44342
36807,2010-00082694,07-Aug-10,6:52:00 PM,Pedestrian,1,,,,1,BROAD ST,POTTERS AVE ,Jared Stanzione,193,07-Aug-10,"Two-Way , Not Divided",Dry,Daylight,Clear,Not a Collision Between Two Motor Vehicles in Transport,No,No Controls,4,1,Complains Of Pain,,41.80314,-71.41896
36644,2010-00081851,05-Aug-10,3:15:00 PM,Pedestrian,1,,,,1,BRANCH AVE,VEAZIE ST ,John Henderson,148,05-Aug-10,"Two-Way , Not Divided",Dry,Daylight,Cloudy,Other,"Yes, M/V and Driver Left Scene",Stop Signs,2,1,Complains Of Pain,2,41.85472,-71.4347
36587,2010-00081444,04-Aug-10,3:05:00 PM,Bicycle,,1,,,1,BROAD ST,HOMER ST ,Shay Chin,549,04-Aug-10,"Two-Way, Not Divided With a Continuous Left Turn Lane",Dry,Daylight,Clear,Not a Collision Between Two Motor Vehicles in Transport,"Yes, M/V and Driver Left Scene",No Controls,1,1,Non-Incapacitating,3,41.78884,-71.40402
36400,2010-000080788,03-Aug-10,6:15:00 PM,Bicycle,,1,,,1,PRINCETON AVE,BROAD ST ,James Annis,454,03-Aug-10,"Two-Way , Not Divided",Dry,Daylight,Clear,Not a Collision Between Two Motor Vehicles in Transport,No,No Controls,2,1,Complains Of Pain,2,41.80547,-71.41978
36348,2010-00080794,02-Aug-10,5:30:00 PM,Pedestrian,2,,,,1,ELMWOOD AVE,PRINCETON AVE ,Julie Pryde,310,02-Aug-10,"Two-Way , Not Divided",Dry,Daylight,Clear,Other,"Yes, M/V and Driver Left Scene",No Controls,2,2,Complains Of Pain,4,41.80507,-71.4253
36082,2010-00079281,30-Jul-10,8:40:00 AM,Bicycle,,1,,,2,HOPE ST,LLOYD AVE ,Richard Mills,424,30-Jul-10,"Two-Way , Not Divided",Dry,Daylight,Clear,"Sideswipe, Same Direction",No,No Controls,2,1,Complains Of Pain,,41.83131,-71.39955
36115,2010-00079406,30-Jul-10,3:04:00 PM,Bicycle,1,,,,1,AMHERST ST,JULIAN ST ,Christopher Poncia,333,30-Jul-10,"Two-Way , Not Divided",Dry,Daylight,Clear,Angle (Front - to - Side) Right Angle (Includes Broadside),No,No Controls,2,1,Complains Of Pain,,41.82334,-71.44451
36116,2010-00079421,30-Jul-10,3:27:00 PM,Bicycle,,1,,,1,LABAN ST,LAUREL HILL AVE ,Michael Gammino,491,30-Jul-10,"Two-Way , Not Divided",Dry,Daylight,Clear,Rear End(Front-to-Rear),"Yes, M/V and Driver Left Scene",No Controls,1,1,Complains Of Pain,2,41.81457,-71.45568
36058,2010-00079077,29-Jul-10,6:52:00 PM,Pedestrian,1,,,,1,DABOLL ST,BUCKLIN ST ,Michael Maycock,281,29-Jul-10,"Two-Way , Not Divided",Dry,Daylight,Clear,Not a Collision Between Two Motor Vehicles in Transport,No,No Controls,3,1,Non-Incapacitating,,41.80407,-71.42883
35875,2010-00078477,28-Jul-10,9:15:00 AM,Bicycle,,1,,,1,BROAD ST,PORTLAND ST ,Vincent Labianca,290,28-Jul-10,"Two-Way , Not Divided",Dry,Daylight,Clear,Not a Collision Between Two Motor Vehicles in Transport,No,No Controls,3,1,Complains Of Pain,,41.81415,-71.4213
35730,2010-00078050,27-Jul-10,8:35:00 AM,Bicycle,,1,,,1,HARTFORD AVE,KING PHILIP ST ,Keith Lafazia,394,27-Jul-10,"Two-Way , Not Divided",Dry,Daylight,Clear,Not a Collision Between Two Motor Vehicles in Transport,No,Stop Signs,3,1,Complains Of Pain,2,41.81955,-71.4656
35789,2010-00078223,27-Jul-10,5:25:00 PM,Bicycle,,1,,,1,HARRIS AVE,ATWELLS AVE ,David Harrington,276,27-Jul-10,One-Way Trafficway,Dry,Daylight,Clear,Angle (Front - to - Side) Right Angle (Includes Broadside),No,Traffic Control Signal,4,1,Complains Of Pain,2,41.82449,-71.43538
35599,2010-00077311,25-Jul-10,3:11:00 PM,Pedestrian,2,,,,1,CROWNINSHIELD ST,IDA ST ,Matthew Cute,308,25-Jul-10,"Two-Way , Not Divided",Dry,Daylight,Cloudy,Not a Collision Between Two Motor Vehicles in Transport,"Yes, M/V and Driver Left Scene",No Controls,2,2,Complains Of Pain,,41.81777,-71.45788
35500,2010-00076979,24-Jul-10,9:10:00 PM,Bicycle,,1,,,1,BROAD ST,THURBERS AVE ,Joshua Greeno,179,24-Jul-10,"Two-Way , Not Divided",Dry,Dark - Lighted,Clear,Not a Collision Between Two Motor Vehicles in Transport,No,Traffic Control Signal,3,1,Complains Of Pain,2,41.7982,-71.41467
35509,2010-00077012,24-Jul-10,10:24:00 PM,Pedestrian,1,,,,1,Broad Street,COMSTOCK AVE ,Carla Cavanaugh,189,24-Jul-10,"Two-Way , Not Divided",Dry,Dark - Lighted,Clear,Other,"Yes, M/V and Driver Left Scene",No Controls,1,1,Incapacitating,,41.80953,-71.42094
35724,2010-00076792,24-Jul-10,12:33:00 PM,Bicycle,1,,,,1,MANTON AVE,CHAFFEE ST ,Edwin Kemble,364,24-Jul-10,"Two-Way , Not Divided",Dry,Daylight,Cloudy,Other,"Yes, M/V and Driver Left Scene",No Controls,2,1,Complains Of Pain,,41.81844,-71.44528
35928,2010-00076850,24-Jul-10,10:33:00 PM,Bicycle,,1,,,1,JOHN ST,BROOK ST ,Eric Greene,197,28-Jul-10,"Two-Way , Not Divided",Dry,Daylight,Clear,Angle (Front - to - Side) Right Angle (Includes Broadside),No,No Controls,2,1,Complains Of Pain,,41.82177,-71.39849
35256,2010-00075810,22-Jul-10,1:28:00 AM,Pedestrian,1,,,,1,RICHMOND ST,FRIENDSHIP ST ,Andrew Groot,188,22-Jul-10,One-Way Trafficway,Dry,Dark - Lighted,Cloudy,Unknown,"Yes, M/V and Driver Left Scene",Traffic Control Signal,1,1,Non-Incapacitating,,41.82023,-71.41111
35223,2010-00075576,21-Jul-10,12:50:00 PM,Pedestrian,1,,,,1,CENTRAL ST,PEARL ST ,Kenneth Penza,534,21-Jul-10,"Two-Way , Not Divided",Dry,Daylight,Clear,Not a Collision Between Two Motor Vehicles in Transport,No,No Controls,5,1,Non-Incapacitating,,41.81502,-71.42132
35248,2010-00075200,20-Jul-10,5:55:00 PM,Bicycle,1,,,,1,CHALKSTONE AVE,MANTON AVE ,Matthew Greely,184,21-Jul-10,"Two-Way , Not Divided",Dry,Daylight,Clear,Not a Collision Between Two Motor Vehicles in Transport,No,No Controls,3,0,No Injury,2,41.83393,-71.46626
35302,2010-00075164,20-Jul-10,4:45:00 PM,Bicycle,,1,,,1,WESTMINSTER ST,PARADE ST ,Luis Pelaez,336,22-Jul-10,"Two-Way , Not Divided",Dry,Daylight,Clear,Not a Collision Between Two Motor Vehicles in Transport,No,No Controls,2,1,Non-Incapacitating,2,41.81634,-71.43354
34961,2010-00074236,18-Jul-10,8:54:00 AM,Pedestrian,1,,,,1,HOPE ST,CYPRESS ST ,Khatchig Kazandjian,367,18-Jul-10,"Two-Way , Not Divided",Dry,Daylight,Clear,Head-On (Front - to - Front),No,Traffic Control Signal,4,1,Non-Incapacitating,,41.84102,-71.39899
34824,2010-00073192,16-Jul-10,7:53:00 AM,Pedestrian,1,,,,1,JILLSON ST,EDDY ST ,Juan Rodrigues,194,16-Jul-10,"Two-Way , Not Divided",Wet,Daylight,Clear,Angle (Front - to - Side) Same Direction,No,Stop Signs,3,1,Complains Of Pain,,41.7914,-71.40344
34393,2010-00071491,11-Jul-10,8:36:00 PM,Bicycle,,2,,,1,STATE HWY 10 N EXIT,PONTIAC AVE ,Jared Sherman,292,11-Jul-10,"Two-Way , Not Divided",Dry,Dark - Lighted,Clear,Angle (Front - to - Side) Same Direction,"Yes, M/V and Driver Left Scene",No Controls,2,2,Complains Of Pain,,41.78753,-71.43245
34345,2010-00070729,10-Jul-10,1:58:00 AM,Pedestrian,1,,,,1,BROAD ST,PENNSYLVANIA AVE ,Michael Clary,269,10-Jul-10,"Two-Way , Not Divided",Dry,Dark - Lighted,Clear,Other,No,Pavement Markings,2,1,Complains Of Pain,2,41.79747,-71.41377
34273,2010-00070090,08-Jul-10,4:42:00 PM,Bicycle,,1,,,1,PONTIAC AVE,RUTHERGLEN AVE ,Kusol Pea,174,09-Jul-10,"Two-Way, Divided, Unprotected (painted>4feet) Medium",Dry,Daylight,Clear,Angle (Front - to - Side) Right Angle (Includes Broadside),No,Stop Signs,2,1,Complains Of Pain,,41.78747,-71.43153
34098,2010-0069496,07-Jul-10,12:19:00 AM,Pedestrian,1,,,,1,ALLENS AVE,ALLENS AVE EXIT ,Mark Hubbard,267,07-Jul-10,"Two-Way , Not Divided",Dry,Dark - Lighted,Clear,Not a Collision Between Two Motor Vehicles in Transport,"Yes, M/V and Driver Left Scene",No Controls,2,1,Complains Of Pain,,41.80141,-71.4007
34138,2010-00069723,06-Jul-10,5:13:00 PM,Pedestrian,1,,,,1,fountain st,UNION ST ,Maxwell Dorley,384,07-Jul-10,One-Way Trafficway,Dry,Daylight,Clear,Not a Collision Between Two Motor Vehicles in Transport,"Yes, M/V and Driver Left Scene",Traffic Control Signal,2,1,Complains Of Pain,,41.82437,-71.41499
37276,2010-00068874,05-Jul-10,2:42:00 PM,Pedestrian,1,,,,1,WASHINGTON ST,EAST APPROACH,348,348,12-Aug-10,One-Way Trafficway,Dry,Daylight,Clear,Not a Collision Between Two Motor Vehicles in Transport,No,No Controls,2,0,No Injury,,41.82476,-71.41231
33960,2010-00068161,03-Jul-10,11:15:00 PM,Pedestrian,1,,,,1,MANTON AVE,PELHAM ST ,Peter Colt,178,04-Jul-10,"Two-Way , Not Divided",Dry,Dark - Lighted,Clear,Unknown,"Yes, M/V and Driver Left Scene",No Controls,2,1,Fatal,,41.82064,-71.44747
34284,2010-00067643,02-Jul-10,6:45:00 PM,Pedestrian,1,,,,1,BUCKLIN ST,HAWTHORNE ST ,Luis Pelaez,336,09-Jul-10,"Two-Way , Not Divided",Dry,Daylight,Clear,Other,No,No Controls,4,3,Complains Of Pain,2,41.80059,-71.42787
34562,2010-00067529,02-Jul-10,1:35:00 PM,Pedestrian,1,,,,1,WASHINGTON ST,SERVICE ROAD 7 ,D. Eddy,528,14-Jul-10,"Two-Way , Not Divided",Dry,Daylight,Clear,Not a Collision Between Two Motor Vehicles in Transport,No,Traffic Control Signal,3,1,Complains Of Pain,,41.81962,-71.41982
36742,2010-00076529,02-Jul-10,1:35:00 PM,Pedestrian,1,,,,1,WASHINGTON STREET,SERVICE ROAD 7 ,D.Eddy,528,03-Jul-10,"Two-Way , Not Divided",Dry,Daylight,Clear,Not a Collision Between Two Motor Vehicles in Transport,No,Traffic Control Signal,2,1,Complains Of Pain,,41.81961,-71.41984
33731,2010-00067057,01-Jul-10,10:24:00 AM,Pedestrian,1,,,,1,Broadway,SERVICE ROAD 7 ,Michael Caraccia,624,01-Jul-10,"Two-Way , Not Divided",Dry,Daylight,Clear,Other,No,Traffic Control Signal,3,1,Complains Of Pain,2,41.82178,-71.4208
33672,2010-00066829,30-Jun-10,7:08:00 PM,Bicycle,,1,,,1,PRUDENCE AVE,ETHAN ST ,Matthew Cute,308,30-Jun-10,"Two-Way , Not Divided",Dry,Daylight,Clear,Angle (Front - to - Side) Right Angle (Includes Broadside),No,No Controls,3,1,Complains Of Pain,,41.80555,-71.45786
33752,2010-00066846,30-Jun-10,7:42:00 PM,Pedestrian,1,,,,1,409 ATWELLS AVE,PIEDMONT ST ,Julie Pryde,310,01-Jul-10,"Two-Way , Not Divided",Dry,Dusk,Clear,Other,"Yes, M/V and Driver Left Scene",No Controls,1,1,Complains Of Pain,,41.82389,-71.43106
33619,2010-00066436,29-Jun-10,6:37:00 PM,Bicycle,,1,,,1,ADELAIDE AVE,BROAD ST ,Carla Cavanaugh,189,29-Jun-10,"Two-Way , Not Divided",Dry,Daylight,Clear,Angle (Front - to - Side) Opposite Direction,No,Traffic Control Signal,3,1,Complains Of Pain,,41.79884,-71.4155
33296,2010-00065084,26-Jun-10,2:10:00 PM,Pedestrian,1,,,,1,Hartford Ave,RT 6 West On ramp ,Francisco Furtado,635,26-Jun-10,"Two-Way, Divided, Unprotected (painted>4feet) Medium",Dry,Daylight,Clear,Other,No,Traffic Control Signal,3,1,Incapacitating,,41.81703,-71.44756
33235,2010-00064388,24-Jun-10,6:22:00 PM,Pedestrian,1,,,,1,ALMA ST,CANDACE ST ,Andrew Mignanelli,361,24-Jun-10,"Two-Way , Not Divided",Dry,Daylight,Clear,Other,No,No Controls,3,1,Complains Of Pain,,41.83661,-71.42284
33131,2010-00063879,23-Jun-10,3:20:00 PM,Pedestrian,1,,,,1,530 SHARON ST,ADMIRAL ST ,Roland Reed,505,23-Jun-10,"Two-Way , Not Divided",Dry,Daylight,Clear,Other,No,No Controls,2,1,Complains Of Pain,,41.85079,-71.44322
32995,2010-00063118,21-Jun-10,4:51:00 PM,Pedestrian,2,,,,1,ACADEMY AVE,NEWARK ST ,MICHAEL R. TROIA,331,21-Jun-10,"Two-Way , Not Divided",Dry,Daylight,Clear,Head-On (Front - to - Front),No,Pavement Markings,7,1,Complains Of Pain,2,41.82544,-71.4434
33003,2010-00062781,20-Jun-10,6:54:00 PM,Bicycle,,1,,,1,WESTMINSTER ST,EMPIRE ST ,Jonathan Primiano,623,21-Jun-10,One-Way Trafficway,Dry,Daylight,Clear,Not a Collision Between Two Motor Vehicles in Transport,No,Traffic Control Signal,3,0,No Injury,,41.82097,-71.41532
32839,2010-00062029,19-Jun-10,1:32:00 AM,Pedestrian,1,,,,1,Atwells Ave,EUTAW ST ,Eric Cuellar,262,19-Jun-10,"Two-Way, Divided, Unprotected (painted>4feet) Medium",Dry,Dark - Lighted,Clear,Other,No,No Controls,4,1,Complains Of Pain,,41.82353,-71.42608
32860,2010-00062207,19-Jun-10,1:14:00 PM,Pedestrian,1,,,,1,BROAD ST,LENOX AVE ,Michael Camardo,515,19-Jun-10,"Two-Way , Not Divided",Dry,Daylight,Clear,Not a Collision Between Two Motor Vehicles in Transport,"Yes, M/V and Driver Left Scene",No Controls,1,1,Complains Of Pain,2,41.79853,-71.41508
32861,2010-00062189,19-Jun-10,12:22:00 PM,Bicycle,,1,,,1,SMITH ST,OAKLAND AVE ,Joseph Madeira,552,19-Jun-10,"Two-Way , Not Divided",Dry,Daylight,Clear,Head-On (Front - to - Front),No,Traffic Control Signal,2,0,No Injury,2,41.83619,-71.43035
32875,2010-00062376,19-Jun-10,8:47:00 PM,Pedestrian,1,,,,1,CHARLES ST,GILLEN ST ,Richard Esposito,320,19-Jun-10,"Two-Way , Not Divided",Dry,Dark - Lighted,Clear,Other,No,No Controls,5,1,Complains Of Pain,,41.85245,-71.42032
32815,2010-0061830,18-Jun-10,5:26:00 PM,Bicycle,,1,,,1,HUNTINGTON AVE,CHAMBERS ST ,Brian Dyer,180,18-Jun-10,One-Way Trafficway,Dry,Daylight,Clear,Other,No,No Controls,2,1,Complains Of Pain,,41.80188,-71.43425
32819,2010-000061842,18-Jun-10,5:54:00 PM,Pedestrian,1,,,,1,ALTHEA ST,CRANSTON ST ,Brian Dyer,180,18-Jun-10,"Two-Way , Not Divided",Dry,Daylight,Clear,Other,No,No Controls,2,1,Non-Incapacitating,,41.80785,-71.43531
32870,2010-00061822,18-Jun-10,5:12:00 PM,Pedestrian,1,,,,1,COMSTOCK AVE,TAYLOR ST ,Carla Cavanaugh,189,19-Jun-10,"Two-Way , Not Divided",Dry,Daylight,Clear,Angle (Front - to - Side) Opposite Direction,No,No Controls,3,1,Complains Of Pain,,41.80903,-71.41792
33056,2010-00061818,18-Jun-10,5:06:00 PM,Bicycle,,1,,,1,140 DODGE ST,BOOTH ST ,Miguel Mena-Torres,493,22-Jun-10,One-Way Trafficway,Wet,Daylight,Clear,Angle (Front - to - Side) Right Angle (Includes Broadside),No,No Controls,3,1,Non-Incapacitating,,41.81365,-71.42471
32739,2010-00061418,17-Jun-10,3:52:00 PM,Pedestrian,1,,,,1,EASTWOOD AVE,LAUREL HILL AVE ,Brian Dyer,180,17-Jun-10,"Two-Way , Not Divided",Dry,Daylight,Clear,Other,No,No Controls,3,1,Non-Incapacitating,,41.81524,-71.45601
32678,2010-00061501,16-Jun-10,4:33:00 PM,Bicycle,,1,,,1,POCASSET AVE,DANIEL AVE ,Francisco Guerra,190,16-Jun-10,Unknown,Wet,Daylight,Rain,Other,No,No Controls,2,1,Complains Of Pain,,41.80939,-71.45503
32693,2010-00061157,16-Jun-10,8:18:00 PM,Pedestrian,1,,,,1,Washington st,Memorial blvd,Maxwell Dorley,384,16-Jun-10,One-Way Trafficway,Dry,Dark - Lighted,Clear,Not a Collision Between Two Motor Vehicles in Transport,No,Traffic Control Signal,3,1,Complains Of Pain,,41.8264,-71.41022
32590,2010-00060128,14-Jun-10,7:03:00 AM,Pedestrian,1,,,,1,WASHINGTON ST,CLEMENCE ST ,George SanAntonio,604,14-Jun-10,"Two-Way , Not Divided",Dry,Daylight,Cloudy,Other,No,No Controls,3,0,No Injury,2,41.82323,-71.41454
32358,2010-00058722,10-Jun-10,12:55:00 PM,Bicycle,,1,,,1,BUTTON HOLE DR,GLENBRIDGE AVE ,Anthony Roberson,639,10-Jun-10,"Two-Way , Not Divided",Dry,Daylight,Cloudy,Angle (Front - to - Side) Opposite Direction,No,No Controls,2,0,No Injury,,41.82307,-71.46044
32182,2010-00057853,07-Jun-10,7:23:00 PM,Bicycle,,1,,,1,HOMESTEAD AVE,POTTERS AVE ,Troy Lambert,413,07-Jun-10,"Two-Way , Not Divided",Dry,Daylight,Clear,Other,No,No Controls,3,1,Complains Of Pain,,41.80406,-71.43516
32131,2010-00057084,06-Jun-10,12:15:00 AM,Bicycle,,1,,,1,LONGFELLOW ST,ELMWOOD AVE ,Fernando Lopez,156,07-Jun-10,"Two-Way, Divided, Positive Median Barrier",Dry,Dark - Lighted,Clear,Head-On (Front - to - Front),No,No Controls,7,1,Complains Of Pain,,41.79078,-71.42225
32076,2010-00056937,05-Jun-10,7:08:00 PM,Pedestrian,1,,,,1,WILLARD AVE,TAYLOR ST ,Ptlm. Elie,167,05-Jun-10,"Two-Way , Not Divided",Dry,Daylight,Clear,Other,No,No Controls,3,1,Complains Of Pain,2,41.80739,-71.41813
32169,2010-00056984,05-Jun-10,9:01:00 PM,Bicycle,1,,,,1,TABER AVE,ANGELL STREET,James Grennan,332,07-Jun-10,"Two-Way , Not Divided",Dry,Dark - Lighted,Clear,Angle (Front - to - Side) Same Direction,No,Traffic Control Signal,5,1,Complains Of Pain,2,41.82958,-71.39097
31846,2010-00055551,02-Jun-10,6:37:00 PM,Pedestrian,1,,,,1,SMITH ST,CHALKSTONE AVE ,Vincent Pazzetta,641,02-Jun-10,"Two-Way , Not Divided",Dry,Daylight,Clear,Angle (Front - to - Side) Right Angle (Includes Broadside),No,No Controls,3,1,Complains Of Pain,,41.83535,-71.42599
31658,2010-00054960,01-Jun-10,10:14:00 AM,Pedestrian,1,,,,1,INDIA ST,S WATER ST ,John Almeida,386,01-Jun-10,"Two-Way , Not Divided",Dry,Daylight,Clear,Not a Collision Between Two Motor Vehicles in Transport,"Yes, M/V and Driver Left Scene",No Controls,2,1,Non-Incapacitating,,41.81571,-71.40016
31687,2010-00055067,01-Jun-10,2:56:00 PM,Pedestrian,1,,,,1,150 E MANNING ST,WAYLAND AVE ,James Grennan,332,01-Jun-10,"Two-Way , Not Divided",Dry,Daylight,Cloudy,Other,No,No Controls,2,1,Complains Of Pain,2,41.82741,-71.38798
31590,2010-00054490,31-May-10,12:37:00 AM,Pedestrian,2,,,,1,BROAD ST,CASS ST ,Noel Field,260,31-May-10,"Two-Way , Not Divided",Dry,Dark - Lighted,Clear,Other,No,No Controls,4,2,Non-Incapacitating,3,41.79331,-71.40859
31580,2010-00054397,30-May-10,8:40:00 PM,Bicycle,,1,,,1,LUBEC ST,HAVANA ST ,John Henderson,148,30-May-10,One-Way Trafficway,Dry,Dark - Lighted,Clear,Other,No,No Controls,2,1,Complains Of Pain,1,41.85453,-71.44383
31523,2010-00053866,29-May-10,5:12:00 PM,Pedestrian,1,,,,1,CHALKSTONE AVE,BERGEN ST ,OR PROCTOR ,627,29-May-10,"Two-Way, Divided, Unprotected (painted>4feet) Medium",Wet,Daylight,Rain,Other,No,No Controls,4,1,Complains Of Pain,2,41.83232,-71.44017