CrashReportId,ReportNumber,CrashDate,CrashTime,Collision Type,CountPedestrian,CountBicycle,Scooter,Wheel Chair,NumberofVehicles,StreetOrHighway,NearestIntersection,Officer,Badge,ReportDate,TypeOfRoadway,RoadSurfaceCondition,LightCondition,WeatherCondition,MannerofImpact,HitAndRun,TrafficControl,PersonCount,InjuryCount,MostSeriousInjury,NumberOfLanes,Latitude,Longitude
23903,2010-00005105,16-Jan-10,2:49:00 PM,Pedestrian,1,,,,1,PARK ST,SMITH ST ,Matthew Mulligan,589,18-Jan-10,"Two-Way , Not Divided",Dry,Daylight,Clear,Other,"Yes, M/V and Driver Left Scene",Traffic Control Signal,1,1,Complains Of Pain,,41.83189,-71.41688
23675,2010-00004235,14-Jan-10,7:51:00 AM,Pedestrian,1,,,,1,BROAD ST,ATLANTIC AVE ,Christopher Lourenco,551,14-Jan-10,"Two-Way , Not Divided",Dry,Daylight,Clear,Head-On (Front - to - Front),No,No Controls,2,1,Complains Of Pain,2,41.79951,-71.41629
23573,2010-00003775,12-Jan-10,5:35:00 PM,Pedestrian,1,,,,1,850 manton ave,CHALKSTONE AVE ,William Brown,513,12-Jan-10,"Two-Way , Not Divided",Dry,Dark - Lighted,Clear,Angle - Direction Not Specified,No,No Controls,3,1,Incapacitating,,41.83392,-71.4671
20336,2009-00138662,30-Dec-09,7:34:00 PM,Pedestrian,1,,,,1,WOODBINE ST,CAMP ST ,Kenneth Demarco,176,30-Dec-09,"Two-Way , Not Divided",Dry,Dark - Not Lighted,Clear,Head-On (Front - to - Front),No,No Controls,3,1,Complains Of Pain,,41.84551,-71.40142
20158,2009-00136561,23-Dec-09,11:18:00 PM,Pedestrian,1,,,,1,2 Dudley Street,Eddy Street,Eric Greene,197,24-Dec-09,"Two-Way , Not Divided",Dry,Dark - Lighted,Clear,Angle - Direction Not Specified,No,No Controls,4,1,Complains Of Pain,2,,
20123,2009-00136049,22-Dec-09,1:34:00 AM,Pedestrian,1,,,,1,Westminster Street,Service Rd 7,Fernandez,531,22-Dec-09,"Two-Way , Not Divided",Slush,Daylight,Clear,Other,"Yes, M/V and Driver Left Scene",No Controls,1,1,Complains Of Pain,2,,
20050,2009-00135110,19-Dec-09,2:23:00 PM,Pedestrian,1,,,,1,1052 CHALKSTONE AVE,,PTLM. W. MANN,563,19-Dec-09,Unknown,Dry,Daylight,Cloudy,Other,No,No Controls,3,1,Complains Of Pain,1,,
19986,2009-00134107,16-Dec-09,3:21:00 AM,Bicycle,,1,,,1,Canal St,Elizabeth St,Ptlm. Robert Kells Jr,463,16-Dec-09,One-Way Trafficway,Dry,Daylight,Clear,Other,No,Stop Signs,2,1,Non-Incapacitating,,,
19935,2009-00133391,14-Dec-09,2:57:00 AM,Pedestrian,1,,,,1,164 SUMMIT ST,,MORGAN,558,14-Dec-09,One-Way Trafficway,Dry,Daylight,Clear,Other,No,No Controls,2,1,Complains Of Pain,,,
19887,2009-00132115,10-Dec-09,4:30:00 PM,Bicycle,,1,,,1,OLNEY ST.,NORTH MAIN ST.,FAUSTO G. GARCIA,109,11-Dec-09,"Two-Way , Not Divided",Dry,Daylight,Clear,Other,Unknown,Traffic Control Signal,2,1,Non-Incapacitating,2,,
19694,2009-00129984,04-Dec-09,8:26:00 AM,Pedestrian,1,,,,1,Academy,,K.Pike,130,04-Dec-09,"Two-Way, Divided, Unprotected (painted>4feet) Medium",Dry,Daylight,Clear,Other,No,No Controls,5,1,Complains Of Pain,2,,
19678,2009-00129409,02-Dec-09,9:42:00 AM,Bicycle,,1,,,1,BROOK STREET,GEORGE STREET,"GRENNAN, JAMES M.",332,03-Dec-09,"Two-Way , Not Divided",Wet,Dark - Lighted,Rain,Other,No,Stop Signs,3,1,Non-Incapacitating,2,,
19609,2009-00128625,30-Nov-09,12:40:00 PM,Pedestrian,1,,,,1,FRUITHILL AVE,MANTON AVE,B.CORCORAN,562,30-Nov-09,"Two-Way , Not Divided",Wet,Daylight,Rain,Unknown,"Yes, M/V and Driver Left Scene",Traffic Control Signal,1,1,Complains Of Pain,2,,
19620,2009-00128717,30-Nov-09,4:41:00 AM,Pedestrian,1,,,,1,Public ,Prairie,Roberto Gutierrez,263,30-Nov-09,"Two-Way, Divided, Unprotected (painted>4feet) Medium",Wet,Dark - Lighted,Rain,"Sideswipe, Same Direction",No,Traffic Control Signal,5,1,Non-Incapacitating,2,,
19502,2009-00126870,24-Nov-09,4:55:00 AM,Pedestrian,1,,,,1,Hayes St,Francis St,Ptlm. Robert Kells Jr,463,24-Nov-09,"Two-Way , Not Divided",Dry,Dark - Lighted,Clear,Other,No,Traffic Control Signal,3,1,Complains Of Pain,,,
19532,2009-00127207,24-Nov-09,5:16:00 PM,Pedestrian,1,,,,1,CANAL ST,STEEPLE ST,MATSUMOTO,348,26-Nov-09,One-Way Trafficway,Wet,Dark - Lighted,Cloudy,"Sideswipe, Same Direction",No,No Controls,2,0,No Injury,3,,
19420,2009-00125971,22-Nov-09,1:12:00 AM,Pedestrian,1,,,,1,Broad Street,Pennsylvania Street,Taylor Britto,202,22-Nov-09,"Two-Way , Not Divided",Dry,Dark - Lighted,Clear,Other,No,No Controls,2,1,Complains Of Pain,,,
19397,2009-00012568,21-Nov-09,11:28:00 AM,Pedestrian,1,,,,1,BROAD STREET,Potters AVE,JARED STANZIONE,193,21-Nov-09,"Two-Way , Not Divided",Dry,Daylight,Clear,Unknown,No,Traffic Control Signal,3,0,No Injury,2,,
19375,2009-00125306,20-Nov-09,2:20:00 PM,Pedestrian,1,,,,1,929 DOUGLAS AVENUE,,PTLM. JOSEPH MADEIRA,552,20-Nov-09,"Two-Way , Not Divided",Dry,Daylight,Clear,Other,No,No Controls,2,0,No Injury,2,,
19406,2009-00125345,20-Nov-09,4:02:00 AM,Pedestrian,1,,,,1,Elwood Ave,Carter St,Ptlm. Richard Ramirez,338,21-Nov-09,"Two-Way, Divided, Unprotected (painted>4feet) Medium",Dry,Daylight,Clear,Not a Collision Between Two Motor Vehicles in Transport,No,No Controls,2,1,Non-Incapacitating,4,,
19320,2009-00124480,18-Nov-09,10:00:00 AM,Pedestrian,1,,,,1,BROOK ST,BENEVOLENT ST,ROSE,465,18-Nov-09,"Two-Way , Not Divided",Dry,Daylight,Clear,"Sideswipe, Same Direction",No,No Controls,4,1,Incapacitating,2,,
19245,2009-00123546,15-Nov-09,3:23:00 AM,Pedestrian,1,,,,1,WATERMAN STREET,GANO STREET,"CARACCIA, RALPH",360,15-Nov-09,"Two-Way , Not Divided",Dry,Daylight,Clear,Other,No,Traffic Control Signal,5,0,No Injury,2,,
19239,2009-00123112,14-Nov-09,12:37:00 PM,Pedestrian,1,,,,1,N/A,,N Kemble,364,15-Nov-09,Unknown,Wet,Daylight,Rain,Unknown,"Yes, M/V and Driver Left Scene",No Controls,2,0,No Injury,,,
19257,2009-00123002,14-Nov-09,1:51:00 AM,Pedestrian,1,,,,1,College St,South Main St,R. Heaton,539,16-Nov-09,"Two-Way , Not Divided",Wet,Dark - Lighted,Rain,Head-On (Front - to - Front),No,Traffic Control Signal,4,1,Non-Incapacitating,2,,
19302,2009-00123627,14-Nov-09,7:22:00 PM,Bicycle,,1,,,1,WESTMINSTER ST,BRIDGHAM ST ,PRYDE,310,17-Nov-09,"Two-Way , Not Divided",Dry,Dark - Lighted,Clear,Unknown,No,Traffic Control Signal,3,1,Non-Incapacitating,2,,
19188,2009-00122462,12-Nov-09,6:31:00 AM,Pedestrian,1,,,,1,310 CRANSTON STREET,DEXTER STREET,PTLM. MENA-TORRES,493,13-Nov-09,"Two-Way , Not Divided",Dry,Dark - Lighted,Clear,Rear End(Front-to-Rear),"Yes, M/V and Driver Left Scene",No Controls,2,1,Non-Incapacitating,,,
19140,2009-00121772,10-Nov-09,6:14:00 PM,Bicycle,,1,,,1,302 BENEFIT ST.,BENEVOLENT ST.,FAUSTO G. GARCIA,109,10-Nov-09,"Two-Way , Not Divided",Dry,Dark - Lighted,Clear,Other,No,No Controls,3,0,No Injury,2,,
19142,2009-00121798,10-Nov-09,7:13:00 AM,Pedestrian,1,,,,1,Westminster St.,Service Rd. 3,Cute,308,10-Nov-09,"Two-Way , Not Divided",Dry,Dark - Lighted,Clear,Angle (Front - to - Side) Same Direction,No,No Controls,2,1,Complains Of Pain,1,,
19089,2009-00120945,08-Nov-09,2:00:00 PM,Pedestrian,1,,,,1,385-387 ACADEMY AVE,JUSTICE ST,PTLM. W. MANN,563,08-Nov-09,Unknown,Dry,Daylight,Clear,Other,"Yes, M/V and Driver Left Scene",No Controls,3,1,Complains Of Pain,1,,
19076,2009-00120695,07-Nov-09,8:30:00 AM,Pedestrian,1,,,,1,1477 Broad ,,Slater,365,07-Nov-09,"Two-Way , Not Divided",Dry,Dark - Lighted,Clear,Other,No,No Controls,3,1,Complains Of Pain,2,,
19027,2009-00120077,06-Nov-09,7:57:00 AM,Pedestrian,2,,,,1,324 ORMS STREET,SMITH STREET,PTLM. THOMAS CONNETTA,374,06-Nov-09,"Two-Way , Not Divided",Dry,Daylight,Clear,Angle - Direction Not Specified,No,No Controls,8,2,Non-Incapacitating,2,,
19047,2009-00120255,06-Nov-09,5:45:00 PM,Pedestrian,1,,,,1,Silver Spring St,Ledge St.,Ptlm. Michael Pattie,316,06-Nov-09,"Two-Way, Divided, Unprotected (painted>4feet) Medium",Dry,Dark - Lighted,Clear,Other,No,No Controls,3,1,Incapacitating,1,,
19050,2009-00120287,06-Nov-09,6:50:00 PM,Pedestrian,1,,,,1,100 Imera Street,,Patrolman Roland Reed,505,06-Nov-09,"Two-Way , Not Divided",Dry,Dark - Lighted,Clear,Angle (Front - to - Side) Right Angle (Includes Broadside),No,No Controls,4,1,Complains Of Pain,,,
18959,2009-00119315,03-Nov-09,9:39:00 PM,Pedestrian,1,,,,1,EL MWOOD AVE.,LENOX AVE.,"PTLM. J. SIGILLO, T. CONNETTA",590,04-Nov-09,"Two-Way, Divided, Positive Median Barrier",Dry,Dark - Lighted,Clear,Head-On (Front - to - Front),No,No Controls,9,1,Incapacitating,4,,
18923,2009-00118795,02-Nov-09,12:04:00 PM,Pedestrian,1,,,,1,Portland Street,Pine Street,Deschamps,419,02-Nov-09,"Two-Way , Not Divided",Dry,Daylight,Clear,Head-On (Front - to - Front),No,Stop Signs,3,1,Non-Incapacitating,,,
18869,2009-00117767,31-Oct-09,10:57:00 PM,Pedestrian,1,,,,1,Broad Street,Gallatin Street,Taylot Britto,202,31-Oct-09,"Two-Way , Not Divided",Dry,Dark - Lighted,Clear,Other,"Yes, M/V and Driver Left Scene",No Controls,3,1,Complains Of Pain,,,
18871,2009-00117950,31-Oct-09,10:37:00 AM,Pedestrian,1,,,,1,Cranston Street,Wendell Street,Ptlm. thiago J. Gomes,532,31-Oct-09,"Two-Way , Not Divided",Dry,Daylight,Clear,Head-On (Front - to - Front),No,No Controls,3,1,Non-Incapacitating,2,,
18996,2009-00117538,30-Oct-09,1:16:00 PM,Pedestrian,1,,,,1,325 Valley,,K.Pike,130,05-Nov-09,"Two-Way , Not Divided",Dry,Daylight,Clear,Other,No,No Controls,2,1,Complains Of Pain,,,
18833,2009-00117274,29-Oct-09,6:20:00 AM,Bicycle,,1,,,1,BROOK STREET,TRANSIT STREET,D. EDDY,528,29-Oct-09,"Two-Way , Not Divided",Dry,Dark - Not Lighted,Cloudy,Angle - Direction Not Specified,No,Stop Signs,2,1,Non-Incapacitating,2,,
21672,2009-00116274,29-Oct-09,6:20:00 PM,Bicycle,,1,,,1,BROOK STREET,TRANSIT STREET,D. EDDY,528,29-Oct-09,"Two-Way , Not Divided",Dry,Dark - Not Lighted,Cloudy,Angle - Direction Not Specified,No,Stop Signs,2,1,Non-Incapacitating,2,41.82009109,-71.4206684
18796,2009-00116872,28-Oct-09,5:07:00 PM,Pedestrian,2,,,,1,Pine Street,Chestnut Street,Ptlm Don Brien,630,28-Oct-09,One-Way Trafficway,Wet,Dusk,Rain,Other,No,Traffic Control Signal,5,1,Complains Of Pain,1,,
18218,2009-00104826,26-Oct-09,1:13:00 AM,Bicycle,,1,,,1,WALLER ST,CANONCHET ST,PTLM REPOSA,686,04-Oct-09,"Two-Way , Not Divided",Dry,Daylight,Clear,Angle (Front - to - Side) Right Angle (Includes Broadside),No,Stop Signs,2,1,Complains Of Pain,2,,
18738,2009-00116153,26-Oct-09,4:39:00 AM,Pedestrian,1,,,,1,CHALKSTONE AVENUE,SMITH STREET,LUDWIG A. CASTRO,201,26-Oct-09,"Two-Way , Not Divided",Dry,Daylight,Clear,Other,"Yes, M/V and Driver Left Scene",Traffic Control Signal,4,1,Complains Of Pain,2,,
18690,2009-00115181,24-Oct-09,12:55:00 PM,Pedestrian,1,,,,1,HUXLEY AVE,EATON ST,PAZZETTA,641,24-Oct-09,"Two-Way , Not Divided",Wet,Dark - Lighted,Rain,Other,No,No Controls,2,1,Complains Of Pain,2,,
18698,2009-00115467,24-Oct-09,8:05:00 AM,Pedestrian,1,,,,1,Thurbers Ave.,Broad St.,Ptlm. Mendez,321,24-Oct-09,"Two-Way , Not Divided",Wet,Dark - Lighted,Rain,Other,"Yes, M/V and Driver Left Scene",Traffic Control Signal,2,1,Complains Of Pain,2,,
18657,2009-00114893,23-Oct-09,10:39:00 AM,Bicycle,,1,,,1,north main st,929 NORTH MAIN ST,BAEZ JR,687,23-Oct-09,"Two-Way, Divided, Positive Median Barrier",Dry,Daylight,Clear,"Sideswipe, Same Direction","Yes, M/V and Driver Left Scene",No Controls,6,1,Complains Of Pain,,,
18658,2009-00114917,23-Oct-09,12:17:00 PM,Pedestrian,1,,,,1,740 NORTH MAIN STREET,INDUSTRIAL STREET,KAZANDJIAN,367,23-Oct-09,One-Way Trafficway,Dry,Daylight,Cloudy,Head-On (Front - to - Front),No,Traffic Control Signal,4,1,Complains Of Pain,2,,
18623,2009-00114220,21-Oct-09,3:07:00 AM,Pedestrian,1,,,,1,MEMORIAL BLVD,SOUTH WATER,MAXWELL DORLEY,384,21-Oct-09,"Two-Way , Not Divided",Dry,Daylight,Clear,Other,No,Traffic Control Signal,2,1,Complains Of Pain,2,,
18632,2009-00114135,21-Oct-09,8:10:00 AM,Bicycle,,1,,,1,HARTFORD AVENUE,PLAINFIELD STREET,PTLM. LOUIS J SALINARO,592,22-Oct-09,One-Way Trafficway,Dry,Daylight,Clear,Head-On (Front - to - Front),"Yes, M/V and Driver Left Scene",No Controls,2,1,Complains Of Pain,2,,
18590,2009-00113650,19-Oct-09,6:43:00 AM,Bicycle,,1,,,1,Dorchestor Ave,Laurell Hill Ave,Ptlm Daniel Fascitelli,259,19-Oct-09,"Two-Way , Not Divided",Dry,Dusk,Clear,Not a Collision Between Two Motor Vehicles in Transport,No,Stop Signs,2,1,Complains Of Pain,2,,
18545,2009-00112932,17-Oct-09,3:32:00 AM,Bicycle,,1,,,1,POCASSET AVE,UNION AVE,PTLM FRANCISCO GUERRA,190,17-Oct-09,"Two-Way, Divided, Unprotected (painted>4feet) Medium",Dry,Daylight,Clear,Other,No,No Controls,2,1,Complains Of Pain,,,
18555,2009-00112478,16-Oct-09,2:02:00 AM,Pedestrian,1,,,,1,400 Admiral street,,R.King,633,18-Oct-09,Unknown,Dry,Daylight,Clear,Other,"Yes, M/V and Driver Left Scene",No Controls,2,0,Unknown,,,
18492,2009-00112213,15-Oct-09,6:48:00 PM,Pedestrian,1,,,,1,BROAD ST,SUMMER ST,JOHN BENROS,481,15-Oct-09,"Two-Way , Not Divided",Wet,Dark - Lighted,Rain,Other,No,No Controls,2,1,Complains Of Pain,,,
18516,2009-00111993,15-Oct-09,7:33:00 AM,Pedestrian,1,,,,1,Kinsley Street,Bath Street,Patrolman Joseph Hanley,345,16-Oct-09,Unknown,Dry,Daylight,Clear,"Sideswipe, Same Direction","Yes, M/V and Driver Left Scene",No Controls,1,1,Non-Incapacitating,2,,
18442,2009-00111519,13-Oct-09,5:59:00 PM,Bicycle,,1,,,1,Academy Ave.,Justice St.,S Sousa,464,13-Oct-09,"Two-Way , Not Divided",Wet,Dark - Not Lighted,Rain,Angle (Front - to - Side) Opposite Direction,No,No Controls,4,1,Complains Of Pain,2,,
18392,2009-00110775,11-Oct-09,11:20:00 AM,Pedestrian,1,,,,1,Battle St.,Potters Ave.,Logan,393,11-Oct-09,"Two-Way , Not Divided",Dry,Daylight,Clear,Other,"Yes, M/V and Driver Left Scene",No Controls,2,1,Complains Of Pain,2,,
18355,2009-00110192,10-Oct-09,12:58:00 AM,Pedestrian,1,,,,1,292   Atwells ave,,Mark DeCecco,407,10-Oct-09,"Two-Way , Not Divided",Wet,Dark - Lighted,Rain,Head-On (Front - to - Front),No,No Controls,10,1,Non-Incapacitating,,,
18358,2009-00110244,10-Oct-09,2:52:00 AM,Pedestrian,2,,,,1,Chestnut St. ,,Papa ,187,10-Oct-09,"Two-Way , Not Divided",Wet,Dark - Lighted,Rain,Head-On (Front - to - Front),"Yes, M/V and Driver Left Scene",No Controls,2,0,Unknown,,,
18368,2009-00110398,10-Oct-09,2:52:00 AM,Bicycle,,1,,,1,1 POCASSET,PLAINFILED ST,PTLM GAMMINO,491,10-Oct-09,"Two-Way , Not Divided",Dry,Daylight,Clear,Angle (Front - to - Side) Right Angle (Includes Broadside),No,Pavement Markings,3,1,Complains Of Pain,2,,
18375,2009-00110341,10-Oct-09,11:11:00 AM,Bicycle,,1,,,1,Canal street,Troop alley,Michael long,608,10-Oct-09,One-Way Trafficway,Dry,Daylight,Clear,"Sideswipe, Same Direction",No,No Controls,3,1,Complains Of Pain,3,,
18383,2009-00110529,10-Oct-09,7:58:00 PM,Pedestrian,1,,,,1,NARRAGANSETT BLVD.,OHIO AVE.,PTLM. JOHN A. SIGILLO,590,11-Oct-09,"Two-Way , Not Divided",Dry,Dark - Lighted,Clear,Head-On (Front - to - Front),"Yes, M/V and Driver Left Scene",No Controls,6,1,Incapacitating,2,,
18317,2009-00109594,08-Oct-09,6:02:00 PM,Pedestrian,1,,,,1,Westminster St,Manton Ave,Rodrigues Juan,194,08-Oct-09,"Two-Way, Divided, Unprotected (painted>4feet) Medium",Dry,Daylight,Clear,"Sideswipe, Same Direction",No,Traffic Control Signal,2,1,Non-Incapacitating,4,,
18292,2009-00109098,07-Oct-09,1:00:00 AM,Pedestrian,1,,,,1,Waterman Street,,D.Edmonds,550,07-Oct-09,Unknown,Dry,Daylight,Clear,Other,No,Other,2,0,No Injury,,,
18245,2009-00108365,05-Oct-09,3:17:00 PM,Bicycle,,1,,,1,BROADWAY,PALLAS ST,PRYDE,310,05-Oct-09,"Two-Way , Not Divided",Dry,Daylight,Clear,Angle (Front - to - Side) Opposite Direction,No,No Controls,3,1,Complains Of Pain,4,,
18253,2009-00108255,05-Oct-09,9:49:00 AM,Bicycle,,1,,,1,BRANCH AVENUE,,PTLM. JOSEPH MADEIRA,552,05-Oct-09,"Two-Way , Not Divided",Dry,Daylight,Clear,Other,No,Traffic Control Signal,2,0,No Injury,,,
18177,2009-00107086,02-Oct-09,1:00:00 PM,Pedestrian,1,,,,1,MEMORIAL BLVD.,COLLEGE ST.,A DASILVA,628,02-Oct-09,"Two-Way , Not Divided",Dry,Daylight,Clear,Other,No,Traffic Control Signal,2,1,Complains Of Pain,2,,
18162,2009-00106830,01-Oct-09,6:46:00 PM,Pedestrian,1,,,,1,Cranston street,Waverly street,A Gonzalez,473,01-Oct-09,"Two-Way , Not Divided",Dry,Dark - Lighted,Clear,Other,Unknown,No Controls,2,1,Complains Of Pain,,,
18164,2009-00106902,01-Oct-09,10:56:00 PM,Pedestrian,1,,,,1,PLEASANT VALLEY PARKWAY,PROMENADE ST,PTLM. THOMAS CONNETTA,374,02-Oct-09,"Two-Way, Divided, Positive Median Barrier",Dry,Dark - Not Lighted,Clear,Angle - Direction Not Specified,"Yes, M/V and Driver Left Scene",Traffic Control Signal,3,1,Non-Incapacitating,4,,
18142,2009-00106412,30-Sep-09,5:30:00 PM,Bicycle,,1,,,1,Adelaide Avenue,Hamilton Street,Mulholland,579,30-Sep-09,"Two-Way , Not Divided",Dry,Daylight,Clear,Other,No,Stop Signs,3,1,Non-Incapacitating,2,,
18185,2009-00106427,30-Sep-09,4:20:00 PM,Pedestrian,1,,,,1,CRANSTON STREET,BELLEVUE AVENUE,PTLM. LUIS A. PELAEZ,336,02-Oct-09,"Two-Way , Not Divided",Unknown,Unknown,Clear,Other,"Yes, M/V and Driver Left Scene",No Controls,2,1,Complains Of Pain,2,,
18094,2009-00105785,28-Sep-09,7:58:00 PM,Pedestrian,1,,,,1,Hope St.,,Officer McCusker,483,28-Sep-09,"Two-Way , Not Divided",Dry,Dusk,Clear,Not a Collision Between Two Motor Vehicles in Transport,No,No Controls,2,1,Complains Of Pain,,,
17981,2009-00103864,24-Sep-09,12:30:00 PM,Pedestrian,1,,,,1,1 Hoppin St.,Parking Lot,Logan,393,24-Sep-09,Unknown,Dry,Daylight,Clear,Other,No,No Controls,4,0,No Injury,,,
17997,2009-00104012,24-Sep-09,4:40:00 AM,Bicycle,,1,,,1,SOUTH MAIN STREET,DOUBLOON STREET,D. EDDY,528,24-Sep-09,One-Way Trafficway,Dry,Daylight,Clear,Angle - Direction Not Specified,No,Stop Signs,2,0,No Injury,2,,
18004,2009-00104130,24-Sep-09,9:21:00 PM,Bicycle,,1,,,1,WATERMAN STREET,PROSPECT STREET,R.CARACCIA,360,24-Sep-09,One-Way Trafficway,Dry,Dark - Lighted,Clear,Angle (Front - to - Side) Right Angle (Includes Broadside),No,Traffic Control Signal,4,0,No Injury,2,,
17961,2009-00103409,23-Sep-09,7:52:00 AM,Pedestrian,1,,,,1,BROAD STREET,LOCKWOOD STREET,"SOARES, RODERICK C.",399,23-Sep-09,"Two-Way , Not Divided",Dry,Daylight,Clear,Other,No,No Controls,2,0,No Injury,2,,
17982,2009-00103659,23-Sep-09,7:50:00 PM,Pedestrian,1,,,,1,Pocasett ave,Rout 10,Sgt. Raymond A Hull,094,24-Sep-09,One-Way Trafficway,Dry,Daylight,Clear,"Sideswipe, Same Direction","Yes, M/V and Driver Left Scene",No Controls,1,1,Complains Of Pain,2,,
17924,2009-00103001,21-Sep-09,7:54:00 AM,Pedestrian,1,,,,1,Branch Ave,Veazie Street,Esposito,320,21-Sep-09,"Two-Way , Not Divided",Dry,Dark - Lighted,Clear,Unknown,Unknown,No Controls,3,1,Complains Of Pain,2,,
17897,2009-00102474,20-Sep-09,3:19:00 AM,Pedestrian,1,,,,1,95 Byfield Street,,Ptlm. Mendez,321,20-Sep-09,"Two-Way , Not Divided",Dry,Daylight,Clear,Other,No,No Controls,2,1,Non-Incapacitating,,,
17886,2009-00102015,19-Sep-09,2:51:00 AM,Pedestrian,1,,,,1,Ritcher,SMITH ST,PAZZETTA,641,19-Sep-09,"Two-Way , Not Divided",Dry,Daylight,Clear,Unknown,No,No Controls,3,1,Complains Of Pain,2,,
17830,2009-00101178,17-Sep-09,4:07:00 AM,Pedestrian,1,,,,1,Blackstone Ave,,Mulligan,589,17-Sep-09,"Two-Way , Not Divided",Dry,Daylight,Clear,Other,No,No Controls,2,1,Complains Of Pain,,,
17748,2009-00099972,14-Sep-09,1:01:00 AM,Bicycle,,1,,,1,862 Eddy Street,Swan,Ptlm. Thiago J. Gomes,532,14-Sep-09,"Two-Way , Not Divided",Dry,Daylight,Clear,Other,No,No Controls,2,1,Complains Of Pain,2,,
17764,2009-00100014,14-Sep-09,2:35:00 AM,Pedestrian,1,,,,1,695 Eddy Street,,Ptlm. Mendez,321,14-Sep-09,"Two-Way , Not Divided",Dry,Daylight,Clear,Other,No,No Controls,2,0,No Injury,,,
17680,2009-00098835,11-Sep-09,4:37:00 AM,Pedestrian,1,,,,1,722 ATWELLS AVE,,JASON ANDRADE,200,11-Sep-09,"Two-Way, Divided, Positive Median Barrier",Wet,Daylight,Rain,Other,No,No Controls,3,1,Complains Of Pain,,,
17688,2009-00098913,11-Sep-09,8:20:00 PM,Pedestrian,1,,,,1,1050 Chalkstone Avenue ,Berlin Street ,SCARCELLO,485,11-Sep-09,"Two-Way , Not Divided",Wet,Dark - Not Lighted,Rain,"Sideswipe, Same Direction",No,No Controls,3,1,Complains Of Pain,2,,
17646,2009-00098076,10-Sep-09,6:52:00 AM,Pedestrian,1,,,,1,CHALKSTONE AVE,GENEVA ST,PTLM. W. MANN,563,10-Sep-09,"Two-Way , Not Divided",Dry,Dawn,Clear,Other,"Yes, M/V and Driver Left Scene",No Controls,3,1,Non-Incapacitating,2,,
17650,2009-00098334,10-Sep-09,8:27:00 AM,Pedestrian,1,,,,1,Douglas Ave,Chalkstone  Ave,R.King,633,10-Sep-09,"Two-Way , Not Divided",Dry,Daylight,Clear,Head-On (Front - to - Front),No,No Controls,4,1,Complains Of Pain,2,,
17653,2009-00098416,10-Sep-09,12:32:00 PM,Pedestrian,1,,,,1,BROAD,PENNSYLVANIA,"LOURENCO,C",551,10-Sep-09,"Two-Way, Divided, Unprotected (painted>4feet) Medium",Dry,Daylight,Clear,"Sideswipe, Same Direction","Yes, M/V and Driver Left Scene",No Controls,1,1,Complains Of Pain,3,,
17833,2009-00098598,10-Sep-09,9:55:00 PM,Pedestrian,1,,,,1,Washington St,Union St,M.Schlageter,472,18-Sep-09,"Two-Way , Not Divided",Dry,Dark - Lighted,Clear,Other,No,Traffic Control Signal,3,1,Incapacitating,2,,
17744,2009-00098351,09-Sep-09,8:00:00 AM,Pedestrian,1,,,,1,Thurbers Ave,Rugby Street,Marshall,155,14-Sep-09,"Two-Way , Not Divided",Dry,Daylight,Clear,Other,"Yes, M/V and Driver Left Scene",No Controls,2,1,Complains Of Pain,2,,
17876,2009-00098021,09-Sep-09,1:51:00 PM,Bicycle,,1,,,1,5th AVE,HIGHLAND AVE,PTLM. CARROLL,142,19-Sep-09,"Two-Way , Not Divided",Dry,Daylight,Clear,Angle (Front - to - Side) Right Angle (Includes Broadside),No,Stop Signs,2,1,Complains Of Pain,2,,
17548,2009-00096252,05-Sep-09,2:10:00 AM,Pedestrian,1,,,,1,Broadway,Dean,Mark Dececco,407,05-Sep-09,"Two-Way , Not Divided",Dry,Dark - Lighted,Clear,Other,No,Traffic Control Signal,2,1,Complains Of Pain,,,
17513,2009-00095446,03-Sep-09,10:00:00 AM,Pedestrian,1,,,,1,SERVICE ROAD #7,WASHINGTON STREET,PTLM KENNETH PENZA,534,03-Sep-09,One-Way Trafficway,Dry,Daylight,Clear,Other,No,Traffic Control Signal,3,1,Incapacitating,3,,
17516,2009-00095624,03-Sep-09,5:50:00 AM,Bicycle,1,,,,1,Atwells Avenue,,Ptlm. Sirignano,261,03-Sep-09,Unknown,Dry,Daylight,Clear,Head-On (Front - to - Front),"Yes, M/V and Driver Left Scene",No Controls,1,1,Complains Of Pain,,,
17523,2009-00095459,03-Sep-09,10:50:00 AM,Pedestrian,1,,,,1,Washington Street,Eddy Street,Sergeant G. Venditto,55,04-Sep-09,"Two-Way , Not Divided",Dry,Daylight,Clear,Other,No,No Controls,2,0,No Injury,2,,
17483,2009-00095047,02-Sep-09,10:35:00 AM,Pedestrian,1,,,,1,Elmwood Avenue,Potters AVENUE,Wigginton,359,02-Sep-09,"Two-Way , Not Divided",Dry,Daylight,Clear,Head-On (Front - to - Front),"Yes, M/V and Driver Left Scene",No Controls,1,1,Complains Of Pain,2,,
17586,2009-00095318,02-Sep-09,10:16:00 AM,Bicycle,,1,,,1,College St. ,Benefit St. ,Ptlm. C. Torres ,270,07-Sep-09,"Two-Way , Not Divided",Dry,Dark - Lighted,Clear,Other,"Yes, M/V and Driver Left Scene",No Controls,1,1,Complains Of Pain,,,
17458,2009-00094722,01-Sep-09,2:12:00 PM,Pedestrian,1,,,,1,270 BROAD ST,,"LOURENCO,C",551,01-Sep-09,"Two-Way, Divided, Unprotected (painted>4feet) Medium",Dry,Daylight,Clear,Angle (Front - to - Side) Same Direction,"Yes, M/V and Driver Left Scene",No Controls,1,1,Complains Of Pain,,,
17441,2009-00094386,31-Aug-09,4:11:00 AM,Pedestrian,1,,,,1,Broad Street,Hawthorne Rd,M.Castillo,489,31-Aug-09,"Two-Way , Not Divided",Dry,Daylight,Clear,Head-On (Front - to - Front),No,Traffic Control Signal,4,1,Complains Of Pain,2,,
17397,2009-00093352,29-Aug-09,1:31:00 AM,Bicycle,,1,,,1,Valley Street,Amherst Street,J.Rimoczy,177,29-Aug-09,"Two-Way , Not Divided",Wet,Dark - Lighted,Rain,Rear End(Front-to-Rear),No,No Controls,3,1,Complains Of Pain,,,
17381,2009-00093170,28-Aug-09,4:30:00 AM,Bicycle,,1,,,1,General Street,Middle Drive,Primiano,623,28-Aug-09,"Two-Way , Not Divided",Wet,Daylight,Rain,Angle (Front - to - Side) Right Angle (Includes Broadside),No,No Controls,2,1,Non-Incapacitating,1,,