CrashReportId,ReportNumber,CrashDate,CrashTime,Collision Type,CountPedestrian,CountBicycle,Scooter,Wheel Chair,NumberofVehicles,StreetOrHighway,NearestIntersection,Officer,Badge,ReportDate,TypeOfRoadway,RoadSurfaceCondition,LightCondition,WeatherCondition,MannerofImpact,HitAndRun,TrafficControl,PersonCount,InjuryCount,MostSeriousInjury,NumberOfLanes,Latitude,Longitude
17350,2009-00092650,27-Aug-09,9:43:00 AM,Pedestrian,1,,,,1,627 MANTON AVE,,B.CORCORAN,562,27-Aug-09,Unknown,Dry,Daylight,Clear,Other,"Yes, Driver Left Scene",No Controls,3,1,Complains Of Pain,2,,
17360,2009-00092836,27-Aug-09,5:40:00 AM,Pedestrian,1,,,,1,CARTER STREET,HUNTINGTON  AVE,EDWARD LESTE,595,27-Aug-09,"Two-Way , Not Divided",Dry,Daylight,Clear,Other,"Yes, M/V and Driver Left Scene",No Controls,1,1,Non-Incapacitating,2,,
17754,2009-00092320,26-Aug-09,3:00:00 PM,Bicycle,,1,,,1,348 Douglas Avenue,Chad Brown Street,F. Colon Jr.,265,26-Aug-09,"Two-Way , Not Divided",Dry,Daylight,Clear,Not a Collision Between Two Motor Vehicles in Transport,No,No Controls,4,0,No Injury,2,,
17261,2009-00090971,23-Aug-09,1:48:00 AM,Pedestrian,1,,,,1,Union Ave.,Webster Ave.,Matthew Pine,319,23-Aug-09,"Two-Way , Not Divided",Wet,Dark - Lighted,Rain,Other,"Yes, M/V and Driver Left Scene",Traffic Control Signal,1,1,Incapacitating,2,,
17253,2009-00090807,22-Aug-09,8:08:00 PM,Pedestrian,2,,,,1,512 Prairie Ave.,,Thomas Richards,162,22-Aug-09,"Two-Way , Not Divided",Dry,Dark - Lighted,Clear,Head-On (Front - to - Front),No,No Controls,4,2,Complains Of Pain,,,
17348,2009-00090396,21-Aug-09,10:38:00 AM,Pedestrian,1,,,,1,414 Smithfield Avenue,Silver Spring Street,Principale,322,27-Aug-09,"Two-Way , Not Divided",Dry,Dark - Lighted,Clear,Angle (Front - to - Side) Same Direction,No,No Controls,2,1,Non-Incapacitating,4,,
17194,2009-00089465,19-Aug-09,6:25:00 PM,Pedestrian,1,,,,1,Admiral St,Douglas Ave,Currier,522,19-Aug-09,"Two-Way , Not Divided",Dry,Other,Clear,Head-On (Front - to - Front),No,Traffic Control Signal,5,1,Incapacitating,2,,
17168,2009-00089052,18-Aug-09,5:46:00 AM,Bicycle,,1,,,1,Blackstone Blvd.,,McCusker,483,18-Aug-09,"Two-Way, Divided, Positive Median Barrier",Dry,Daylight,Clear,Other,No,No Controls,2,1,Complains Of Pain,,,
17185,2009-00088919,18-Aug-09,11:02:00 AM,Bicycle,,1,,,1,MILLER AVENUE,BROAD STREET,"SOARES, RODERICK C.",399,19-Aug-09,"Two-Way , Not Divided",Dry,Daylight,Clear,Rear End(Front-to-Rear),No,No Controls,2,1,Incapacitating,2,,
17161,2009-00088532,17-Aug-09,9:30:00 AM,Bicycle,,1,,,1,250 Lloyd St,,Richard A Mills Sr,424,18-Aug-09,"Two-Way , Not Divided",Dry,Daylight,Clear,Angle (Front - to - Side) Opposite Direction,No,No Controls,2,1,Non-Incapacitating,,,
17119,2009-00087931,15-Aug-09,7:42:00 AM,Pedestrian,1,,,,1,47 Lenox Avenue,,Ptlm. Anthony Doucette,475,15-Aug-09,"Two-Way , Not Divided",Dry,Daylight,Clear,Unknown,No,No Controls,3,1,Complains Of Pain,,,
17122,2009-00088035,15-Aug-09,11:32:00 PM,Pedestrian,1,,,,1,Manton,Glendbridge,Froncillo,163,16-Aug-09,"Two-Way , Not Divided",Dry,Dark - Lighted,Clear,Other,"Yes, M/V and Driver Left Scene",Person,1,1,Complains Of Pain,,,
17090,2009-00087372,14-Aug-09,4:39:00 AM,Bicycle,,1,,,1,132 Congress Avenue,,Ptlm. Anthony Doucette,475,14-Aug-09,"Two-Way , Not Divided",Dry,Daylight,Clear,Unknown,No,No Controls,2,1,Complains Of Pain,,,
17117,2009-00087478,14-Aug-09,8:51:00 PM,Bicycle,,1,,,1,Atwells Avenue,Sutton Street,Roberto Gutierrez,263,15-Aug-09,"Two-Way, Divided, Unprotected (painted>4feet) Medium",Dry,Dark - Lighted,Clear,Rear - to - Rear,"Yes, M/V and Driver Left Scene",No Controls,1,1,Complains Of Pain,,,
17035,2009-00086217,11-Aug-09,3:08:00 AM,Bicycle,,1,,,1,Lowell Ave,Nye St.,Hastings,326,11-Aug-09,"Two-Way , Not Divided",Dry,Daylight,Clear,Unknown,No,No Controls,3,1,Complains Of Pain,2,,
16993,2009-00085685,09-Aug-09,8:30:00 AM,Bicycle,,,,,2,Broad Street,Sackett Street,Deschamps,419,10-Aug-09,"Two-Way , Not Divided",Dry,Dark - Lighted,Clear,Other,No,Traffic Control Signal,3,0,No Injury,,,
16965,2009-00084686,07-Aug-09,6:48:00 AM,Pedestrian,1,,,,1,Atwood St.,Union Ave.,Cute,308,07-Aug-09,"Two-Way , Not Divided",Dry,Daylight,Clear,Other,No,No Controls,2,0,No Injury,2,,
16985,2009-00083731,05-Aug-09,12:07:00 PM,Pedestrian,1,,,,1,Charles Street,Ledge Street,Patrolman Joseph Hanley,345,09-Aug-09,Unknown,Dry,Daylight,Clear,Unknown,No,No Controls,3,1,Complains Of Pain,,,
16899,2009-00083456,04-Aug-09,5:58:00 PM,Pedestrian,1,,,,1,150 WASHINGTON STREET,MATHEWSON STREET,MAXWELL DORLEY,384,04-Aug-09,"Two-Way , Not Divided",Dry,Daylight,Clear,Other,"Yes, M/V and Driver Left Scene",No Controls,2,1,Complains Of Pain,,,
16914,2009-00083357,04-Aug-09,12:27:00 PM,Pedestrian,1,,,,1,ACADEMY AVE,SMITH ST,PTLM REPOSA,686,05-Aug-09,"Two-Way , Not Divided",Dry,Daylight,Clear,Not a Collision Between Two Motor Vehicles in Transport,Unknown,No Controls,2,1,Complains Of Pain,2,,
16837,2009-00082275,01-Aug-09,7:00:00 AM,Pedestrian,1,,,,1,ATWELLS,ACORN,DESMARAIS,170,01-Aug-09,"Two-Way , Not Divided",Dry,Daylight,Clear,Other,No,No Controls,2,0,No Injury,,,
16775,2009-00081187,30-Jul-09,2:42:00 AM,Pedestrian,1,,,,1,Prairie Avenue,Oxford Street,Taylor Britto,202,30-Jul-09,"Two-Way , Not Divided",Dry,Dark - Lighted,Clear,Other,"Yes, M/V and Driver Left Scene",No Controls,1,1,Complains Of Pain,,,
16718,2009-00079759,25-Jul-09,9:20:00 PM,Pedestrian,1,,,,1,WESTMINSTER ST,TOBEY ST,PRYDE,310,26-Jul-09,"Two-Way , Not Divided",Dry,Dark - Lighted,Clear,Other,"Yes, M/V and Driver Left Scene",No Controls,2,1,Complains Of Pain,2,,
16660,2009-00078654,24-Jul-09,1:46:00 AM,Pedestrian,1,,,,1,Plainfield St. ,Whittier Avenue,Ptlm. Dyer,180,24-Jul-09,"Two-Way , Not Divided",Wet,Dark - Lighted,Rain,Head-On (Front - to - Front),"Yes, M/V and Driver Left Scene",No Controls,2,1,Incapacitating,,,
16579,2009-00077190,20-Jul-09,8:30:00 AM,Pedestrian,1,,,,1,Prairie Avenue,Thurbers Avenue,Wigginton,359,20-Jul-09,"Two-Way , Not Divided",Dry,Daylight,Clear,Head-On (Front - to - Front),No,Traffic Control Signal,4,1,Complains Of Pain,2,,
16592,2009-00077014,19-Jul-09,7:42:00 AM,Pedestrian,1,,,,1,FORD STREET,CRANSTON STREET,PTLM. LUIS A. PELAEZ,336,20-Jul-09,"Two-Way , Not Divided",Dry,Daylight,Clear,Not a Collision Between Two Motor Vehicles in Transport,No,No Controls,2,1,Complains Of Pain,2,,
16544,2009-00076536,18-Jul-09,5:36:00 PM,Pedestrian,1,,,,1,FRUIT HILL AVE,MANTON AVE,MICHAEL R. TROIA,331,18-Jul-09,"Two-Way, Divided, Unprotected (painted>4feet) Medium",Dry,Daylight,Clear,Head-On (Front - to - Front),"Yes, M/V and Driver Left Scene",Traffic Control Signal,1,1,Complains Of Pain,2,,
16475,2009-00075232,15-Jul-09,4:36:00 AM,Bicycle,,1,,,1,232 Saratoga Street,Broad Street,Ptlm. Mendez,321,15-Jul-09,"Two-Way , Not Divided",Dry,Daylight,Clear,Other,No,No Controls,3,1,Non-Incapacitating,2,,
16477,2009-00075320,15-Jul-09,7:20:00 AM,Bicycle,,1,,,1,HARTFORD AVE,RTE 6 WEST,PTLM GAMMINO,491,15-Jul-09,One-Way Trafficway,Dry,Daylight,Clear,Angle (Front - to - Side) Right Angle (Includes Broadside),No,Other,2,1,Non-Incapacitating,2,,
16478,2009-00075301,15-Jul-09,6:37:00 PM,Bicycle,,1,,,1,Mt. Pleasant Avenue,Pomona St.,Ptlm. J. Andrew,313,15-Jul-09,"Two-Way , Not Divided",Dry,Daylight,Clear,Other,No,Stop Signs,5,1,Incapacitating,2,,
16668,2009-00074847,14-Jul-09,4:10:00 AM,Pedestrian,1,,,,1,100 Francis St,Gaspe st,Ptlm. Robert Kells Jr,463,14-Jul-09,"Two-Way , Not Divided",Dry,Daylight,Clear,Other,No,No Controls,3,1,Non-Incapacitating,2,,
16281,2009-00071795,06-Jul-09,9:18:00 PM,Pedestrian,1,,,,1,Steeple Street,Memorial Blvd,Matthew Rampone,266,06-Jul-09,"Two-Way , Not Divided",Dry,Dark - Lighted,Clear,Other,No,Traffic Control Signal,2,1,Non-Incapacitating,2,,
16185,2009-00069751,02-Jul-09,1:51:00 AM,Bicycle,,1,,,1,FROST STREET,CONCORD STREET,KAZANDJIAN,367,02-Jul-09,"Two-Way , Not Divided",Dry,Daylight,Cloudy,Head-On (Front - to - Front),No,Stop Signs,4,0,No Injury,2,,
16194,2009-00069412,01-Jul-09,3:08:00 AM,Pedestrian,1,,,,1,32 Gaspee St,,Ptlm. Robert Kells Jr,463,02-Jul-09,One-Way Trafficway,Dry,Daylight,Rain,Other,No,No Controls,3,1,Non-Incapacitating,,,
16037,2009-00066987,26-Jun-09,12:53:00 PM,Pedestrian,1,,,,1,Atwells Ave,Depasquale,Ptlw. K. Pacheco,306,26-Jun-09,"Two-Way , Not Divided",Dry,Dark - Lighted,Clear,Other,No,No Controls,4,1,Incapacitating,2,,
16043,2009-00067070,26-Jun-09,10:00:00 AM,Bicycle,,1,,,1,CHARLES ST,RT 95 SO. OFFRAMP,ROSE,465,26-Jun-09,"Two-Way , Not Divided",Dry,Daylight,Clear,Angle (Front - to - Side) Same Direction,"Yes, M/V and Driver Left Scene",No Controls,1,1,Complains Of Pain,2,,
16051,2009-00067211,26-Jun-09,4:05:00 PM,Other,,1,X,,1,Atlantic Avenue,,Elie,167,26-Jun-09,"Two-Way , Not Divided",Dry,Daylight,Clear,Other,No,No Controls,6,1,Incapacitating,2,,
16055,2009-00067176,26-Jun-09,3:11:00 PM,Bicycle,,1,,,1,CERES ST,GRAPE ST,PAZZETTA,641,26-Jun-09,"Two-Way , Not Divided",Dry,Daylight,Cloudy,Other,No,Stop Signs,4,1,Complains Of Pain,2,,
16021,2009-00066647,25-Jun-09,10:53:00 AM,Pedestrian,1,,,,1,DEAN ST.,SPRUCE ST.,EDWARD GONZALEZ,618,25-Jun-09,"Two-Way, Divided, Unprotected (painted>4feet) Medium",Dry,Daylight,Clear,Other,No,No Controls,2,1,Complains Of Pain,4,,
16028,2009-00066753,25-Jun-09,4:34:00 AM,Bicycle,,1,,,1,Broad Street,Harvard Avenue,Alicia Hersperger,327,25-Jun-09,"Two-Way, Divided, Unprotected (painted>4feet) Medium",Dry,Daylight,Clear,Other,No,No Controls,6,1,Complains Of Pain,2,,
16006,2009-00066223,24-Jun-09,8:48:00 AM,Bicycle,,1,,,1,839 Chalkstone Ave,Raymond St,Richard A Mills Sr,424,24-Jun-09,"Two-Way , Not Divided",Wet,Daylight,Rain,Angle (Front - to - Side) Right Angle (Includes Broadside),No,No Controls,3,1,Non-Incapacitating,2,,
15973,2009-00065665,22-Jun-09,6:48:00 PM,Bicycle,,1,,,1,Charles St,Orms St,Ptlm. Richard Ramirez,338,22-Jun-09,"Two-Way, Not Divided With a Continuous Left Turn Lane",Wet,Daylight,Rain,"Sideswipe, Same Direction",No,Traffic Control Signal,2,1,Complains Of Pain,6,,
16003,2009-00065557,22-Jun-09,1:55:00 AM,Pedestrian,1,,,,1,160 Broad St.,Service Rd. 7,N. ARSENAULT,543,24-Jun-09,"Two-Way , Not Divided",Wet,Daylight,Rain,Other,No,Traffic Control Signal,3,1,Complains Of Pain,2,,
15950,2009-00065372,21-Jun-09,9:51:00 PM,Pedestrian,1,,,,1,Westminster st,Marshall st,Ptlm. Chin,516,21-Jun-09,"Two-Way , Not Divided",Wet,Dark - Lighted,Rain,Head-On (Front - to - Front),No,No Controls,4,1,Complains Of Pain,2,,
15952,2009-00065378,21-Jun-09,10:04:00 PM,Pedestrian,1,,,,1,UNION AVE,WHITEHALL ST,PTLM GAMMINO,491,21-Jun-09,"Two-Way , Not Divided",Wet,Dark - Lighted,Rain,Head-On (Front - to - Front),"Yes, M/V and Driver Left Scene",No Controls,3,1,Non-Incapacitating,2,,
15911,2009-00064249,19-Jun-09,4:17:00 AM,Pedestrian,1,,,,1,WATERMAN STREET,NORTH MAIN,R.CARACCIA,360,19-Jun-09,One-Way Trafficway,Wet,Daylight,Rain,Other,"Yes, M/V and Driver Left Scene",Traffic Control Signal,3,0,No Injury,2,,
15834,2009-00063004,16-Jun-09,8:32:00 AM,Pedestrian,1,,,,1,River Ave,Allston Street,N Kemble,364,16-Jun-09,"Two-Way , Not Divided",Dry,Daylight,Cloudy,Unknown,No,No Controls,5,1,Complains Of Pain,,,
15828,2009-00062879,15-Jun-09,7:30:00 AM,Bicycle,,1,,,1,Parnell St,Atwells Ave,W. Brown ,513,15-Jun-09,"Two-Way , Not Divided",Wet,Dusk,Rain,Angle - Direction Not Specified,No,Stop Signs,3,1,Complains Of Pain,2,,
15779,2009-00062247,14-Jun-09,2:32:00 AM,Pedestrian,1,,,,1,DORRANCE ST,WEYBOSSET ST,RASCH,315,14-Jun-09,"Two-Way , Not Divided",Wet,Dark - Lighted,Rain,Other,"Yes, M/V and Driver Left Scene",No Controls,3,1,Complains Of Pain,2,,
15765,2009-00061826,13-Jun-09,9:00:00 AM,Pedestrian,1,,,,1,charles st,RT 146,,,13-Jun-09,"Two-Way , Not Divided",Dry,Daylight,Clear,Angle - Direction Not Specified,No,No Controls,2,1,Non-Incapacitating,2,,
15764,2009-00061276,12-Jun-09,12:09:00 AM,Pedestrian,1,,,,1,960 Broad Street,,Taylor Britto,202,13-Jun-09,"Two-Way , Not Divided",Wet,Dark - Lighted,Cloudy,Other,No,No Controls,3,1,Complains Of Pain,,,
15689,2009-00060516,09-Jun-09,6:44:00 PM,Bicycle,,1,,,1,Mitchell Street,Hamilton Street,Eric Greene,197,09-Jun-09,"Two-Way , Not Divided",Dry,Daylight,Clear,Angle (Front - to - Side) Right Angle (Includes Broadside),No,No Controls,3,0,No Injury,2,,
15690,2009-00058490,07-Jun-09,8:12:00 AM,Pedestrian,1,,,,1,HARTFORD,GLENBRIDGE,M. JENNETTE,311,09-Jun-09,"Two-Way , Not Divided",Dry,Daylight,Clear,Other,No,Traffic Control Signal,2,1,Complains Of Pain,,,
15612,2009-00059130,06-Jun-09,1:30:00 AM,Bicycle,,1,,,1,Manton Ave,,A. Roberson,639,06-Jun-09,"Two-Way , Not Divided",Dry,Daylight,Clear,Angle (Front - to - Side) Right Angle (Includes Broadside),No,No Controls,3,1,Non-Incapacitating,2,,
15572,2009-00058721,05-Jun-09,1:00:00 AM,Bicycle,,1,,,1,PROMENADE,HOLDEN,,,05-Jun-09,One-Way Trafficway,Wet,Daylight,Rain,Angle (Front - to - Side) Right Angle (Includes Broadside),No,No Controls,2,1,Non-Incapacitating,2,,
15587,2009-00058799,05-Jun-09,4:45:00 AM,Pedestrian,1,,,,1,Whitmarsh,Elmwood Ave,T. Lambert,413,05-Jun-09,"Two-Way , Not Divided",Wet,Daylight,Rain,Not a Collision Between Two Motor Vehicles in Transport,No,No Controls,2,1,Complains Of Pain,2,,
15496,2009-00056971,31-May-09,9:26:00 PM,Bicycle,,1,,,1,672 Plainfield St,Sanford St,Jason Andrade,200,01-Jun-09,Unknown,Dry,Dark - Lighted,Clear,Not a Collision Between Two Motor Vehicles in Transport,No,No Controls,5,1,Complains Of Pain,,,
15437,2009-00059886,29-May-09,5:15:00 AM,Pedestrian,1,,,,1,Silver Spring,Commodore,auclair,166,29-May-09,"Two-Way , Not Divided",Dry,Daylight,Clear,Other,No,No Controls,4,1,Complains Of Pain,2,,
15410,2009-00055490,28-May-09,5:05:00 PM,Bicycle,,1,,,1,Valley St.,Eagle St.,S Sousa,464,28-May-09,"Two-Way , Not Divided",Dry,Daylight,Clear,Head-On (Front - to - Front),No,No Controls,3,1,Complains Of Pain,2,,
15348,2009-00054607,26-May-09,12:28:00 PM,Pedestrian,1,,,,1,373 Benefit St.,,Ptlm. Sarkisian,569,26-May-09,"Two-Way , Not Divided",Dry,Daylight,Clear,Other,No,No Controls,2,1,Complains Of Pain,2,,
15275,2009-00052849,22-May-09,4:28:00 PM,Bicycle,,1,,,1,Friendship Street,Dudley Street,Eric Greene,197,22-May-09,"Two-Way , Not Divided",Dry,Daylight,Clear,Head-On (Front - to - Front),No,No Controls,2,1,Complains Of Pain,2,,
15407,2009-00052863,22-May-09,4:49:00 AM,Pedestrian,1,,,,1,218 Manton Avenue,,Ptlw. Michele A. Tella,668,28-May-09,"Two-Way , Not Divided",Dry,Daylight,Clear,Other,No,No Controls,9,1,Complains Of Pain,,,
15252,2009-00052395,21-May-09,5:32:00 AM,Bicycle,,1,,,1,Cranston St,Huntington Ave,Pryde,310,21-May-09,"Two-Way , Not Divided",Dry,Daylight,Clear,Other,No,Traffic Control Signal,2,1,Non-Incapacitating,2,,
15255,2009-00052478,21-May-09,8:11:00 PM,Pedestrian,1,,,,1,Cleveland St.,,Cute,308,21-May-09,"Two-Way , Not Divided",Dry,Daylight,Clear,Angle (Front - to - Side) Right Angle (Includes Broadside),"Yes, M/V and Driver Left Scene",No Controls,1,1,Complains Of Pain,1,,
15257,2009-00052390,21-May-09,5:21:00 AM,Bicycle,,1,,,1,Smith St,Gaspee St,Ptlm. R. Kells ,463,21-May-09,"Two-Way , Not Divided",Dry,Daylight,Clear,Other,No,Traffic Control Signal,4,1,Non-Incapacitating,2,,
15238,2009-00051882,20-May-09,5:13:00 PM,Pedestrian,1,,,,1,863 Broad Street,,Thomas Richards,162,21-May-09,"Two-Way , Not Divided",Dry,Daylight,Clear,Angle (Front - to - Side) Right Angle (Includes Broadside),"Yes, M/V and Driver Left Scene",No Controls,3,1,Complains Of Pain,,,
15206,2009-00051511,19-May-09,5:59:00 AM,Pedestrian,1,,,,1,Broad Street,Pearl Street,Alicia Hersperger,327,19-May-09,"Two-Way, Divided, Unprotected (painted>4feet) Medium",Dry,Daylight,Clear,Other,No,No Controls,3,1,Complains Of Pain,2,,
15207,2009-00051533,19-May-09,6:45:00 AM,Pedestrian,1,,X,,1,Broad Street,Lexington Street,Alicia Hersperger,327,19-May-09,"Two-Way, Divided, Unprotected (painted>4feet) Medium",Dry,Daylight,Clear,Other,"Yes, M/V and Driver Left Scene",No Controls,1,1,Non-Incapacitating,2,,
15178,2009-00051142,18-May-09,7:03:00 PM,Bicycle,,1,,,1,Broad Street,Gallatin Street,Ptlm. Anthony Doucette,475,18-May-09,"Two-Way , Not Divided",Dry,Daylight,Clear,Unknown,"Yes, M/V and Driver Left Scene",Stop Signs,3,1,Complains Of Pain,,,
15109,2009-00049880,15-May-09,6:36:00 PM,Pedestrian,2,,,,1,746 Broad Street,Stanwood,Ptlm. J. Doucette,482,15-May-09,"Two-Way , Not Divided",Dry,Daylight,Clear,Head-On (Front - to - Front),No,No Controls,5,2,Complains Of Pain,2,,
15084,2009-00049468,14-May-09,6:05:00 AM,Pedestrian,1,,,,1,Unit St,Maynard St. ,W. Brown,513,14-May-09,"Two-Way , Not Divided",Dry,Daylight,Cloudy,Unknown,No,No Controls,4,1,Complains Of Pain,2,,
14955,2009-00047336,09-May-09,4:57:00 AM,Bicycle,,1,,,1,ANDEM STREET,GENEVA STREET,SCARCELLO,485,09-May-09,"Two-Way , Not Divided",Dry,Daylight,Cloudy,Head-On (Front - to - Front),No,No Controls,2,1,Non-Incapacitating,2,,
14926,2009-00046777,08-May-09,2:48:00 PM,Pedestrian,1,,,,1,1051 SMITH ST,MERIDIAN ST,MICHAEL R. TROIA,331,08-May-09,"Two-Way , Not Divided",Dry,Daylight,Clear,Head-On (Front - to - Front),No,No Controls,3,1,Complains Of Pain,2,,
14933,2009-00047003,08-May-09,9:47:00 PM,Pedestrian,1,,,,1,572 Cranston st,,Ptlm. Chin,516,08-May-09,"Two-Way , Not Divided",Dry,Dark - Lighted,Clear,Head-On (Front - to - Front),No,No Controls,4,1,Complains Of Pain,2,,
14936,2009-00047019,08-May-09,10:25:00 AM,Pedestrian,2,,,,1,79 WASHINGTON STREET,,W. O'DONNELL,150,08-May-09,"Two-Way, Divided, Unprotected (painted>4feet) Medium",Dry,Dark - Lighted,Clear,Head-On (Front - to - Front),No,Traffic Control Signal,4,2,Incapacitating,2,,
14909,2009-00046535,07-May-09,9:25:00 PM,Pedestrian,1,,,,1,Cranston St,HANOVER ST,Pryde,310,07-May-09,"Two-Way , Not Divided",Wet,Dark - Lighted,"Sleet, Hail (Freezing Rain or Drizzle)",Other,No,No Controls,2,1,Complains Of Pain,2,,
14820,2009-00044971,03-May-09,5:18:00 AM,Pedestrian,1,,,,1,811 CHARLES STREET,,LUDWIG CASTRO,201,03-May-09,"Two-Way , Not Divided",Dry,Daylight,Cloudy,Not a Collision Between Two Motor Vehicles in Transport,"Yes, M/V and Driver Left Scene",No Controls,2,1,Complains Of Pain,2,,
14782,2009-00044404,02-May-09,9:58:00 AM,Pedestrian,1,,,,1,396 Elmwood Ave,Potters Ave,"Caraccia,Michael",624,02-May-09,"Two-Way , Not Divided",Dry,Daylight,Cloudy,Other,No,Traffic Control Signal,3,1,Complains Of Pain,2,,
14734,2009-00043885,01-May-09,1:33:00 AM,Pedestrian,1,,,,1,Smith Street,,Ptlm. Chabot,470,01-May-09,"Two-Way , Not Divided",Dry,Dark - Lighted,Clear,Head-On (Front - to - Front),No,No Controls,5,1,Complains Of Pain,2,,
14835,2009-00044145,01-May-09,7:17:00 PM,Pedestrian,1,,,,1,142 Hanover St,Cranston St,Pryde,310,04-May-09,"Two-Way , Not Divided",Dry,Daylight,Clear,Other,"Yes, M/V and Driver Left Scene",No Controls,1,1,Complains Of Pain,2,,
14725,2009-00043727,30-Apr-09,5:42:00 AM,Pedestrian,1,,,,1,135 Putnam St.,Atwells Ave.,Hastings,326,30-Apr-09,"Two-Way , Not Divided",Dry,Dusk,Clear,Other,No,No Controls,2,1,Complains Of Pain,2,,
15203,2009-00041526,25-Apr-09,5:34:00 PM,Bicycle,1,,,,1,BROAD ST,BYFIELD,DECESARE,426,19-May-09,"Two-Way , Not Divided",Dry,Daylight,Clear,Angle (Front - to - Side) Same Direction,No,No Controls,3,1,Complains Of Pain,,,
14454,2009-00039361,19-Apr-09,10:03:00 PM,Bicycle,1,,,,1,Potters Avenue,Bucklin Street,Ptlm Cuellar,262,19-Apr-09,"Two-Way, Divided, Unprotected (painted>4feet) Medium",Dry,Dark - Lighted,Clear,Other,"Yes, M/V and Driver Left Scene",Traffic Control Signal,2,0,Unknown,1,,
14439,2009-00038767,18-Apr-09,2:02:00 PM,Other,,,X,,2,Atwells,Mt Pleasant,N Kemble,364,19-Apr-09,"Two-Way , Not Divided",Dry,Daylight,Clear,"Sideswipe, Same Direction","Yes, M/V and Driver Left Scene",Traffic Control Signal,2,0,No Injury,,,
14455,2009-00038945,18-Apr-09,11:08:00 PM,Pedestrian,1,,,,1,College St,South Main St,R. Heaton,539,20-Apr-09,"Two-Way , Not Divided",Dry,Dark - Lighted,Clear,Other,"Yes, M/V and Driver Left Scene",Traffic Control Signal,3,1,Incapacitating,2,,
14397,2009-00038205,17-Apr-09,12:34:00 PM,Pedestrian,1,,,,1,850 Manton Ave,,Ptlm. James Barros,346,17-Apr-09,Unknown,Dry,Daylight,Clear,Angle (Front - to - Side) Same Direction,No,No Controls,3,1,Complains Of Pain,,,
14410,2009-00038403,17-Apr-09,6:46:00 PM,Pedestrian,1,,,,1,88 Fillmore ,Admiral,Ptlm Francisco Guerra,190,17-Apr-09,"Two-Way , Not Divided",Dry,Daylight,Clear,Other,No,No Controls,2,1,Complains Of Pain,,,
14411,2009-00038423,17-Apr-09,7:29:00 PM,Bicycle,,1,,,1,SOUTH MAIN ST,COLLEGE ST.,FAUSTO G. GARCIA,109,17-Apr-09,One-Way Trafficway,Dry,Dusk,Clear,"Sidwswipe, Opposite Direction",No,Traffic Control Signal,3,1,Non-Incapacitating,2,,
14503,2009-00037860,16-Apr-09,4:07:00 PM,Pedestrian,1,,,,1,Veazie Street,Branch Avenue,Hanley,345,21-Apr-09,"Two-Way, Divided, Unprotected (painted>4feet) Medium",Dry,Daylight,Clear,Head-On (Front - to - Front),No,Traffic Control Signal,4,1,Incapacitating,2,,
14334,2009-00036044,11-Apr-09,3:00:00 AM,Pedestrian,1,,,,1,Plainfield St,Webster,Ptlm. Dyer,180,14-Apr-09,"Two-Way , Not Divided",Dry,Dark - Lighted,Clear,Other,"Yes, M/V and Driver Left Scene",No Controls,2,1,Complains Of Pain,,,
14259,2009-00035722,10-Apr-09,11:03:00 AM,Bicycle,,1,,,1,Steeple Street,,D.Edmonds,550,10-Apr-09,One-Way Trafficway,Dry,Daylight,Clear,Angle (Front - to - Side) Same Direction,No,Traffic Control Signal,3,1,Non-Incapacitating,2,,
14269,2009-00035813,10-Apr-09,4:13:00 AM,Bicycle,,1,,,1,North Main St,Cypress St ,Ptlm. Richard Ramirez,338,10-Apr-09,"Two-Way, Divided, Positive Median Barrier",Dry,Daylight,Cloudy,Angle (Front - to - Side) Right Angle (Includes Broadside),No,Traffic Control Signal,2,1,Non-Incapacitating,4,,
14271,2009-00035093,10-Apr-09,7:45:00 PM,Pedestrian,1,,,,1,460 SMITH ST,CHALKSTONE AVE,V. PAZZETTA,641,10-Apr-09,"Two-Way, Divided, Unprotected (painted>4feet) Medium",Dry,Dark - Lighted,Cloudy,Other,No,No Controls,6,1,Incapacitating,2,,
14272,2009-00035891,10-Apr-09,5:20:00 PM,Pedestrian,1,,,,1,14 Pleasant Valley Pkwy,Kinsley Ave,W. Brown ,513,10-Apr-09,"Two-Way, Divided, Unprotected (painted>4feet) Medium",Dry,Dusk,Clear,Other,"Yes, M/V and Driver Left Scene",No Controls,3,1,Complains Of Pain,4,,
14218,2009-00034935,08-Apr-09,8:17:00 AM,Pedestrian,1,,,,1,MEMORIAL BLVD,WASHINGTON PL,SAN ANTONIO/G,604,08-Apr-09,"Two-Way, Divided, Positive Median Barrier",Dry,Daylight,Clear,Other,No,Traffic Control Signal,4,0,No Injury,2,,
14170,2009-00032142,31-Mar-09,6:04:00 AM,Pedestrian,1,,,,1,432 Plainfield St,Viola St,Jason Andrade,200,06-Apr-09,"Two-Way, Divided, Positive Median Barrier",Dry,Daylight,Clear,Other,No,No Controls,4,1,Complains Of Pain,,,
13948,2009-00030826,28-Mar-09,2:08:00 AM,Pedestrian,1,,,,1,Atwells Ave,Piedmont Street,Ptlw. K. Pacheco,306,28-Mar-09,"Two-Way , Not Divided",Dry,Dark - Lighted,Clear,Other,"Yes, M/V and Driver Left Scene",No Controls,4,1,Complains Of Pain,2,,
13900,2009-00030116,26-Mar-09,9:10:00 AM,Pedestrian,1,,,,1,5 BENEFIT STREET,NORTH MAIN STREET,KAZANDJIAN,367,26-Mar-09,One-Way Trafficway,Dry,Daylight,Clear,Head-On (Front - to - Front),No,Traffic Control Signal,2,1,Complains Of Pain,2,,
13841,2009-00029069,23-Mar-09,12:41:00 PM,Bicycle,,1,,,1,Brook Street,Arnold Street,Ptlm. W Dickie,168,23-Mar-09,"Two-Way, Divided, Unprotected (painted>4feet) Medium",Dry,Dark - Lighted,Clear,Angle - Direction Not Specified,No,Stop Signs,2,0,No Injury,,,
13854,2009-00029171,23-Mar-09,5:20:00 AM,Pedestrian,1,,,,1,Westminster,RT 10 south,DESMARAIS,170,23-Mar-09,"Two-Way , Not Divided",Dry,Daylight,Clear,Head-On (Front - to - Front),No,No Controls,2,1,Complains Of Pain,2,,