CrashReportId,ReportNumber,CrashDate,CrashTime,Collision Type,CountPedestrian,CountBicycle,Scooter,Wheel Chair,NumberofVehicles,StreetOrHighway,NearestIntersection,Officer,Badge,ReportDate,TypeOfRoadway,RoadSurfaceCondition,LightCondition,WeatherCondition,MannerofImpact,HitAndRun,TrafficControl,PersonCount,InjuryCount,MostSeriousInjury,NumberOfLanes,Latitude,Longitude
13822,2009-00028672,22-Mar-09,1:08:00 AM,Pedestrian,1,,,,1,Eaton Street,Huxley,Ptlm. Pineau,256,22-Mar-09,"Two-Way , Not Divided",Dry,Dark - Lighted,Clear,Other,No,No Controls,2,0,No Injury,2,,
13830,2009-00028882,22-Mar-09,6:09:00 PM,Pedestrian,2,,,,1,Atwells Avenue,Valley Street,Patrolman Roland Reed,505,22-Mar-09,"Two-Way , Not Divided",Dry,Daylight,Clear,Head-On (Front - to - Front),No,No Controls,4,2,Complains Of Pain,,,
13730,2009-00027227,18-Mar-09,2:22:00 PM,Pedestrian,1,,,,1,Westminster St,Union St,W. Hayes,538,18-Mar-09,One-Way Trafficway,Dry,Daylight,Clear,Other,"Yes, M/V and Driver Left Scene",No Controls,1,1,Complains Of Pain,1,,
13679,2009-00026414,16-Mar-09,12:15:00 PM,Pedestrian,1,,,,1,51 SILVER SPRING ST,,ROSE,465,16-Mar-09,"Two-Way , Not Divided",Dry,Daylight,Clear,Other,No,No Controls,2,1,Complains Of Pain,,,
13673,2009-00026136,15-Mar-09,2:04:00 AM,Pedestrian,1,,,,1,Benefit st ( 220 ),,Almeida,386,16-Mar-09,"Two-Way , Not Divided",Dry,Daylight,Clear,Angle - Direction Not Specified,No,No Controls,2,1,Complains Of Pain,,,
13629,2009-00025780,14-Mar-09,3:46:00 PM,Pedestrian,1,,,,1,North Main St,Cypress St,Ptlm. Richard Ramirez,338,14-Mar-09,"Two-Way, Divided, Positive Median Barrier",Dry,Daylight,Clear,Angle - Direction Not Specified,No,No Controls,3,1,Complains Of Pain,6,,
13654,2009-00025861,14-Mar-09,7:57:00 AM,Pedestrian,1,,,,1,HAYES STREET,FRANCIS STREET,W. O'DONNELL,150,15-Mar-09,"Two-Way , Not Divided",Dry,Dark - Lighted,Clear,Not a Collision Between Two Motor Vehicles in Transport,No,Traffic Control Signal,4,1,Complains Of Pain,2,,
13548,2009-00024406,11-Mar-09,12:25:00 AM,Pedestrian,1,,,,1,BROAD STREET,DARTMOUTH AVENUE,M CILELI,567,11-Mar-09,"Two-Way , Not Divided",Wet,Dark - Lighted,Rain,Rear End(Front-to-Rear),No,No Controls,3,1,Complains Of Pain,2,,
13500,2009-00023748,09-Mar-09,9:14:00 AM,Pedestrian,2,,,,1,College,Benefit st,Almeida,386,09-Mar-09,"Two-Way , Not Divided",Wet,Daylight,Rain,Other,No,Stop Signs,4,2,Complains Of Pain,,,
13439,2009-00022793,07-Mar-09,12:43:00 AM,Pedestrian,1,,,,1,MEMORIAL BLVD,WESTMINSTER STREET,ALBERTO DACRUZ,205,07-Mar-09,"Two-Way , Not Divided",Wet,Dark - Lighted,Clear,Other,No,Traffic Control Signal,3,1,Incapacitating,,,
13442,2009-00022894,07-Mar-09,4:38:00 AM,Bicycle,,1,,,1,Silver Spring,Felix Mirando Way,Daniel Gonzalez,469,07-Mar-09,"Two-Way , Not Divided",Dry,Dark - Not Lighted,Clear,Head-On (Front - to - Front),No,Traffic Control Signal,4,1,Complains Of Pain,2,,
13456,2009-00022577,06-Mar-09,3:00:00 AM,Bicycle,,,,,2,ROUTE 10,WESTMINSTER STREET,PTLM MENA-TORRES,493,07-Mar-09,One-Way Trafficway,Wet,Daylight,Clear,Rear End(Front-to-Rear),No,Traffic Control Signal,4,2,Complains Of Pain,,,
13240,2009-00020110,27-Feb-09,3:22:00 PM,Pedestrian,1,,,,1,Douglas Ave,Filmore St.,Ptlm. Michael Pattie,316,27-Feb-09,"Two-Way, Divided, Unprotected (painted>4feet) Medium",Dry,Daylight,Clear,Other,No,No Controls,3,1,Complains Of Pain,1,,
13243,2009-00020283,27-Feb-09,9:59:00 PM,Pedestrian,1,,,,1,20 ELMGROVE AVE.,ADELPHI AVE.,FAUSTO G. GARCIA,109,27-Feb-09,"Two-Way , Not Divided",Wet,Dark - Lighted,Rain,Other,No,No Controls,4,1,Non-Incapacitating,2,,
13595,2009-00019801,26-Feb-09,5:42:00 AM,Bicycle,1,,,,1,Cranston Street,Superior Street,Ptlm Eric Cuellar,262,13-Mar-09,"Two-Way, Divided, Unprotected (painted>4feet) Medium",Dry,Dusk,Clear,Not a Collision Between Two Motor Vehicles in Transport,No,No Controls,2,1,Complains Of Pain,1,,
13178,2009-00019318,25-Feb-09,11:17:00 AM,Pedestrian,1,,,,1,HOPE ST,ROCHAMBEAU,BAEZ JR,687,25-Feb-09,"Two-Way , Not Divided",Dry,Daylight,Clear,Angle (Front - to - Side) Same Direction,"Yes, M/V and Driver Left Scene",Traffic Control Signal,4,1,Complains Of Pain,4,,
13085,2009-00017607,20-Feb-09,7:49:00 AM,Pedestrian,1,,,,1,Lloyd Ave.,Elmgrove Ave.,Ptlm. Sarkisian,569,20-Feb-09,"Two-Way , Not Divided",Dry,Daylight,Cloudy,Other,No,Stop Signs,3,1,Complains Of Pain,2,,
13076,2009-00017404,19-Feb-09,5:52:00 PM,Pedestrian,1,,,,1,240 EATON ST,ELMHURST ST,PAZZETTA,641,19-Feb-09,"Two-Way , Not Divided",Wet,Dark - Lighted,Rain,Other,No,No Controls,5,1,Non-Incapacitating,,,
13079,2009-00017532,19-Feb-09,11:37:00 AM,Pedestrian,1,,,,1,WASHINGTON ST,UNION ST,RASCH,315,20-Feb-09,"Two-Way , Not Divided",Dry,Dark - Lighted,Clear,Other,No,No Controls,3,1,Complains Of Pain,2,,
13060,2009-00017068,18-Feb-09,5:58:00 AM,Pedestrian,1,,,,1,131 WEBSTER AVE,POCASSET AVE,PTLM GAMMINO,491,18-Feb-09,"Two-Way , Not Divided",Wet,Dark - Lighted,Snow,Head-On (Front - to - Front),No,No Controls,2,1,Complains Of Pain,2,,
13031,2009-00016658,17-Feb-09,3:44:00 AM,Pedestrian,1,,,,1,LAUREL HILL AVENUE,HARTFORD AVENUE,FORLINI,343,17-Feb-09,"Two-Way , Not Divided",Dry,Daylight,Clear,Other,No,Pavement Markings,3,1,Non-Incapacitating,2,,
12984,2009-00015700,14-Feb-09,9:25:00 PM,Pedestrian,2,,,,1,45 PLEASANT VALLEY PKWY,,PTLM F GUERRA,190,14-Feb-09,Unknown,Dry,Dark - Lighted,Clear,Other,"Yes, M/V and Driver Left Scene",No Controls,5,2,Complains Of Pain,,,
12961,2009-00015191,13-Feb-09,3:36:00 AM,Pedestrian,1,,,,1,720 Mt. Pleasant Ave,Old Road,Ptlm. Matthew Greely,184,13-Feb-09,"Two-Way , Not Divided",Dry,Daylight,Clear,Other,"Yes, M/V and Driver Left Scene",School Zone Signs,4,1,Complains Of Pain,2,,
12930,2009-00014553,11-Feb-09,6:45:00 AM,Pedestrian,1,,,,1,95 Pleasant Valley Parkway,Valley Street,Carroll,142,11-Feb-09,"Two-Way, Divided, Positive Median Barrier",Dry,Dark - Lighted,Clear,Head-On (Front - to - Front),"Yes, M/V and Driver Left Scene",Person,1,1,Complains Of Pain,4,,
12895,2009-00014197,10-Feb-09,6:05:00 AM,Pedestrian,1,,,,1,Thurbers Avenue,Prairie Avenue,Mendez,321,10-Feb-09,"Two-Way , Not Divided",Wet,Dark - Lighted,Clear,Other,"Yes, M/V and Driver Left Scene",Traffic Control Signal,1,1,Complains Of Pain,2,,
12752,2009-00012112,05-Feb-09,2:31:00 AM,Pedestrian,1,,,,1,Branch Avenu,Silver Spring Street,Esposito,,05-Feb-09,"Two-Way , Not Divided",Dry,Dark - Lighted,Clear,Other,No,Traffic Control Signal,2,0,No Injury,2,,
12840,2009-00011864,04-Feb-09,2:50:00 PM,Pedestrian,1,,,,1,BATTEY ST,BROADWAY,SGT. PARTRIDGE,96,08-Feb-09,"Two-Way, Not Divided With a Continuous Left Turn Lane",Dry,Daylight,Clear,Other,No,Traffic Control Signal,3,1,Complains Of Pain,,,
12657,2009-00011237,02-Feb-09,6:01:00 PM,Pedestrian,1,,,,1,580 CRANSTON STREET,ALTHEA STREET,PTLM. LUIS A. PELAEZ,336,02-Feb-09,"Two-Way , Not Divided",Dry,Dark - Lighted,Clear,Not a Collision Between Two Motor Vehicles in Transport,No,No Controls,3,1,Complains Of Pain,2,,
12527,2009-00009677,29-Jan-09,5:58:00 PM,Pedestrian,1,,,,1,Silver Spring St.,Northup St.,Ptlm. Michael Pattie,316,29-Jan-09,"Two-Way, Divided, Unprotected (painted>4feet) Medium",Wet,Dark - Lighted,Cloudy,Unknown,"Yes, M/V and Driver Left Scene",No Controls,1,1,Incapacitating,1,,
12686,2009-00009760,29-Jan-09,9:57:00 PM,Pedestrian,2,,,,1,1 West Exchange,SABIN ST,M.SCHLAGETER,472,03-Feb-09,One-Way Trafficway,Ice/Frost,Dark - Not Lighted,"Sleet, Hail (Freezing Rain or Drizzle)",Not a Collision Between Two Motor Vehicles in Transport,No,Pavement Markings,5,2,Incapacitating,1,,
12439,2009-00008589,26-Jan-09,2:57:00 PM,Pedestrian,1,,,,1,294 LOWELL AVE,,JASON ANDRADE,200,26-Jan-09,"Two-Way, Divided, Positive Median Barrier",Dry,Daylight,Clear,Other,No,No Controls,4,1,Complains Of Pain,,,
12356,2009-00007171,23-Jan-09,3:10:00 AM,Pedestrian,1,,,,1,Thurbers Avenue,Rugby Street,Mendez,321,23-Jan-09,"Two-Way , Not Divided",Dry,Daylight,Clear,Other,No,Stop Signs,2,1,Complains Of Pain,,,
12285,2009-00006645,21-Jan-09,1:49:00 AM,Pedestrian,1,,,,1,Valley St.,Grove St.,Comella,192,21-Jan-09,"Two-Way , Not Divided",Ice/Frost,Dark - Lighted,Clear,Other,No,No Controls,3,1,Complains Of Pain,2,,
12219,2009-00005666,17-Jan-09,11:30:00 AM,Pedestrian,1,,,,1,WEST EXCHANGE,,WERCHADLO  JR,679,18-Jan-09,"Two-Way, Divided, Positive Median Barrier",Snow,Dark - Lighted,Snow,Other,No,No Controls,3,0,No Injury,,,
12157,2009-00004570,15-Jan-09,12:00:00 PM,Pedestrian,1,,,,1,Mountain Street,Pequot Street,Ptlw. Koren Pacheco,306,15-Jan-09,One-Way Trafficway,Ice/Frost,Dark - Lighted,Clear,Other,"Yes, M/V and Driver Left Scene",No Controls,1,1,Complains Of Pain,1,,
12089,2009-00003696,12-Jan-09,3:10:00 PM,Bicycle,,1,,,1,Bowen Street,Thayer Street,Ptlw. Darling,325,12-Jan-09,"Two-Way , Not Divided",Snow,Daylight,Clear,Head-On (Front - to - Front),No,Stop Signs,3,0,No Injury,2,,
12072,2009-00003347,11-Jan-09,11:28:00 AM,Pedestrian,1,,,,1,UNION AVENUE,PRISCILLA AVENUE,PTLM. LOUIS J SALINARO,592,11-Jan-09,"Two-Way , Not Divided",Snow,Daylight,Clear,"Sideswipe, Same Direction",No,No Controls,3,1,Complains Of Pain,2,,
12031,2009-00002561,09-Jan-09,7:23:00 AM,Pedestrian,1,,,,1,Brook St,Bowen St,Ptlm. Sarkisian,569,09-Jan-09,"Two-Way , Not Divided",Dry,Daylight,Clear,Other,No,No Controls,2,1,Complains Of Pain,2,,
12013,2009-00002329,08-Jan-09,5:08:00 PM,Pedestrian,1,,,,1,66 Branch Ave,North Main,Auclair,166,08-Jan-09,"Two-Way, Divided, Positive Median Barrier",Dry,Dark - Not Lighted,Cloudy,Head-On (Front - to - Front),No,No Controls,4,1,Non-Incapacitating,2,,
11867,2009-00147797,31-Dec-08,4:17:00 PM,Pedestrian,1,,,,1,Potters Avenue,Niagara Street,Ptlm. J. Doucette,482,02-Jan-09,"Two-Way , Not Divided",Snow,Daylight,Blowing Snow,Head-On (Front - to - Front),No,No Controls,2,1,Complains Of Pain,2,,
11777,2008-00147103,29-Dec-08,11:10:00 AM,Pedestrian,1,,,,1,1076 CHALKSTONE AV,,PTLM REPOSA ,686,29-Dec-08,"Two-Way , Not Divided",Dry,Daylight,Cloudy,Other,No,No Controls,3,1,Complains Of Pain,2,,
11679,2008-00145705,24-Dec-08,9:43:00 PM,Pedestrian,1,,,,1,SMITH STREET,,LUDWIG A. CASTRO,201,24-Dec-08,"Two-Way , Not Divided",Wet,Dark - Lighted,Rain,Other,No,No Controls,2,1,Complains Of Pain,2,,
11656,2008-00145263,23-Dec-08,2:49:00 PM,Pedestrian,1,,,,1,North Main St. ,Thomas St. ,Clifford Torres ,270,23-Dec-08,One-Way Trafficway,Sand,Daylight,Clear,Other,No,Traffic Control Signal,3,1,Complains Of Pain,,,
11480,2008-00143448,17-Dec-08,4:14:00 PM,Pedestrian,1,,,,1,Exchange Ter.,Francis St.,W. Hayes,538,17-Dec-08,One-Way Trafficway,Wet,Dusk,"Sleet, Hail (Freezing Rain or Drizzle)",Other,No,Traffic Control Signal,3,1,Incapacitating,2,,
11486,2008-00143513,17-Dec-08,7:10:00 PM,Pedestrian,1,,,,1,194 Washington Street,Aborn,Ivan J. Tavarez,204,17-Dec-08,"Two-Way, Divided, Unprotected (painted>4feet) Medium",Dry,Dark - Lighted,Clear,"Sidwswipe, Opposite Direction",No,No Controls,4,1,Incapacitating,,,
11410,2008-00142345,14-Dec-08,11:36:00 AM,Pedestrian,1,,,,1,ACADEMY AVE,DOVER,PTLM REPOSA,686,14-Dec-08,"Two-Way , Not Divided",Dry,Daylight,Clear,Not a Collision Between Two Motor Vehicles in Transport,"Yes, M/V and Driver Left Scene",No Controls,2,1,Complains Of Pain,2,,
11429,2008-00142348,14-Dec-08,11:50:00 AM,Bicycle,,1,,,1,SMITH STREET,CHALKSTONE AVE,KAZANDJIAN,367,15-Dec-08,"Two-Way , Not Divided",Dry,Daylight,Clear,Angle - Direction Not Specified,No,Traffic Control Signal,5,1,Complains Of Pain,2,,
11387,2008-00142071,13-Dec-08,4:00:00 AM,Pedestrian,1,,,,1,BROAD ST,CAHIR,DESMARAIS,170,13-Dec-08,"Two-Way , Not Divided",Dry,Daylight,Clear,Other,No,Traffic Control Signal,3,1,Complains Of Pain,,,
11394,2008-00142133,13-Dec-08,7:41:00 PM,Pedestrian,1,,,,1,HARRISON STREET,CRANSTON STREET,PTLM. MENA-TORRES,493,13-Dec-08,"Two-Way , Not Divided",Dry,Dark - Lighted,Clear,Other,No,No Controls,3,2,Complains Of Pain,,,
11364,2008-00141697,12-Dec-08,5:33:00 PM,Pedestrian,2,,,,1,1119 CHALKSTONE AVE,HOME AVE,MICHAEL R. TROIA,331,12-Dec-08,"Two-Way , Not Divided",Dry,Dark - Not Lighted,Clear,Head-On (Front - to - Front),No,No Controls,4,2,Complains Of Pain,2,,
11347,2008-00141354,11-Dec-08,6:19:00 AM,Pedestrian,1,,,,1,THAYER STREET,WATERMAN STREET,"GRENNAN, JAMES M.",332,11-Dec-08,"Two-Way , Not Divided",Wet,Dark - Lighted,Rain,Other,No,Traffic Control Signal,3,1,Complains Of Pain,2,,
11299,2008-00140955,10-Dec-08,3:48:00 PM,Pedestrian,1,,,,1,286 VALLEY STREET,,MICHAEL R. TROIA,331,10-Dec-08,Unknown,Wet,Dusk,Clear,Other,No,No Controls,4,1,Complains Of Pain,,,
11300,2008-00140996,10-Dec-08,5:11:00 PM,Pedestrian,2,,,,1,MT PLEASANT AVE,CHALKSTONE AVE,MICHAEL R. TROIA,331,10-Dec-08,"Two-Way , Not Divided",Wet,Dark - Lighted,Rain,Head-On (Front - to - Front),"Yes, M/V and Driver Left Scene",Traffic Control Signal,2,2,Complains Of Pain,2,,
11284,2008-00140732,09-Dec-08,9:29:00 PM,Pedestrian,1,,,,1,Francis St,West Exchange St,Ptlm. Robert Kells Jr,463,09-Dec-08,"Two-Way , Not Divided",Wet,Dark - Not Lighted,Rain,Head-On (Front - to - Front),No,Traffic Control Signal,5,1,Complains Of Pain,2,,
11287,2008-00140735,09-Dec-08,9:35:00 PM,Pedestrian,1,,,,1,754 ATWELLS AVE.,CUTLER ST.,"PTLM. K. PENZA, J. SIGILLO",534,10-Dec-08,"Two-Way , Not Divided",Wet,Dark - Lighted,Rain,Other,"Yes, M/V and Driver Left Scene",No Controls,6,1,Fatal,2,,
11249,2008-00140249,08-Dec-08,2:03:00 AM,Pedestrian,1,,,,1,Waterman Street,,D.Edmonds,550,08-Dec-08,One-Way Trafficway,Dry,Daylight,Clear,"Sideswipe, Same Direction",No,No Controls,3,0,No Injury,1,,
11164,2008-00139114,05-Dec-08,12:55:00 PM,Bicycle,,1,,,2,225  Broadway,Depasquale,Caraccia<michael,624,05-Dec-08,"Two-Way , Not Divided",Dry,Daylight,Clear,Other,No,Traffic Control Signal,7,1,Incapacitating,2,,
11094,2008-00138261,03-Dec-08,7:00:00 AM,Pedestrian,1,,,,1,Broad Street,Pearl Street,Craven,517,03-Dec-08,"Two-Way, Divided, Unprotected (painted>4feet) Medium",Dry,Daylight,Clear,Angle - Direction Not Specified,"Yes, Driver Left Scene",Traffic Control Signal,3,1,Complains Of Pain,2,,
11082,2008-00138112,02-Dec-08,6:52:00 AM,Pedestrian,1,,,,1,Westminister,Bridgham,T. Lambert,413,02-Dec-08,"Two-Way , Not Divided",Dry,Dark - Lighted,Clear,Other,No,Traffic Control Signal,3,1,Complains Of Pain,2,,
11035,2008-00137525,01-Dec-08,7:09:00 AM,Pedestrian,1,,,,1,EXCHANGE STREET,,SAN ANTONIO/G,604,01-Dec-08,"Two-Way , Not Divided",Wet,Daylight,Rain,Angle (Front - to - Side) Same Direction,No,Stop Signs,2,1,Non-Incapacitating,2,,
11036,2008-00137544,01-Dec-08,8:44:00 AM,Pedestrian,1,,,,1,ATWELLS AVENUE,PARNELL STREET,PTLM. LOUIS J SALINARO,592,01-Dec-08,"Two-Way , Not Divided",Wet,Daylight,Clear,Head-On (Front - to - Front),"Yes, M/V and Driver Left Scene",No Controls,1,1,Complains Of Pain,2,,
11009,2008-00137011,29-Nov-08,5:01:00 AM,Pedestrian,1,,,,1,Allens Ave,New York Ave,Tom Kane,545,29-Nov-08,"Two-Way , Not Divided",Dry,Daylight,Clear,Not a Collision Between Two Motor Vehicles in Transport,No,Traffic Control Signal,2,0,No Injury,2,,
11022,2008-00137414,29-Nov-08,6:16:00 PM,Pedestrian,1,,,,1,Francis St,,Ptlm. Robert Kells Jr,463,30-Nov-08,"Two-Way , Not Divided",Wet,Dark - Not Lighted,Rain,Angle (Front - to - Side) Same Direction,No,Traffic Control Signal,3,1,Incapacitating,,,
10988,2008-00136601,28-Nov-08,3:33:00 AM,Bicycle,,1,,,1,Washington st,Service rd 7,Ptlm. Chin,516,28-Nov-08,"Two-Way , Not Divided",Dry,Daylight,Clear,Head-On (Front - to - Front),No,No Controls,4,1,Complains Of Pain,2,,
10914,2008-00135575,26-Nov-08,1:12:00 AM,Pedestrian,1,,,,1,S.Main Street,College Street,D.Edmonds,550,25-Nov-08,One-Way Trafficway,Wet,Daylight,Rain,Other,Unknown,No Controls,5,1,Complains Of Pain,2,,
11085,2008-00136055,26-Nov-08,6:42:00 PM,Pedestrian,1,,,,1,WASHINGTON ST,ADRIAN HALL WAY,PAOLO,395,02-Dec-08,"Two-Way , Not Divided",Dry,Dark - Lighted,Clear,Head-On (Front - to - Front),No,No Controls,2,0,No Injury,2,,
10883,2008-00135197,24-Nov-08,12:16:00 PM,Pedestrian,1,,,,1,DOUGLAS AVENUE,CHAD BROWN STREET,PTLM. JOSEPH MADEIRA,552,24-Nov-08,"Two-Way , Not Divided",Dry,Daylight,Clear,Other,No,Traffic Control Signal,4,1,Complains Of Pain,2,,
10888,2008-00135243,24-Nov-08,3:05:00 AM,Pedestrian,1,,,,1,Felix Mirando Way,Royal Little Drive,Francisco Colon Jr.,265,24-Nov-08,"Two-Way , Not Divided",Dry,Daylight,Clear,Other,No,Stop Signs,4,1,Complains Of Pain,2,,
10821,2008-00134137,21-Nov-08,1:51:00 PM,Bicycle,,1,,,1,Westmintser St,Stokes St,Ptlm. Francisco J. Furtado,635,21-Nov-08,"Two-Way, Divided, Unprotected (painted>4feet) Medium",Dry,Daylight,Clear,Other,No,No Controls,2,1,Complains Of Pain,,,
10812,2008-00133798,20-Nov-08,2:16:00 AM,Pedestrian,1,,,,1,575 North main st,,Almeida,386,21-Nov-08,Unknown,Dry,Daylight,Clear,Not a Collision Between Two Motor Vehicles in Transport,"Yes, M/V and Driver Left Scene",No Controls,1,1,Complains Of Pain,,,
10770,2008-00133356,19-Nov-08,8:22:00 AM,Pedestrian,1,,,,1,WEST FOUNTAIN ST.,DEAN ST.,EDWARD GONZALEZ,618,19-Nov-08,"Two-Way , Not Divided",Dry,Daylight,Clear,"Sideswipe, Same Direction",No,No Controls,6,1,Complains Of Pain,2,,
10724,2008-00132244,16-Nov-08,1:07:00 AM,Pedestrian,1,,,,1,Atwells Ave,Depasquale,Ptlw. K. Pacheco,306,16-Nov-08,"Two-Way , Not Divided",Wet,Dark - Lighted,Rain,Other,"Yes, M/V and Driver Left Scene",No Controls,2,1,Non-Incapacitating,2,,
10701,2008-00132164,15-Nov-08,9:53:00 AM,Pedestrian,1,,,,1,Francis St,Finance Way,Ptlm. Robert Kells Jr.,463,15-Nov-08,"Two-Way , Not Divided",Wet,Dark - Lighted,Rain,Other,No,Traffic Control Signal,3,1,Complains Of Pain,2,,
10670,2008-00131581,14-Nov-08,4:09:00 AM,Bicycle,,1,,,1,Atwells Ave,Sears Avenue,Patrolman Daniel Sirignano,261,14-Nov-08,"Two-Way , Not Divided",Dry,Daylight,Cloudy,Angle (Front - to - Side) Right Angle (Includes Broadside),No,Stop Signs,2,1,Complains Of Pain,,,
10583,2008-00130122,10-Nov-08,6:19:00 PM,Bicycle,,1,,,1,ADMIRAL STREET,BERKSHIRE STREET,LUDWIG A. CASTRO,201,11-Nov-08,"Two-Way , Not Divided",Dry,Dark - Lighted,Clear,Not a Collision Between Two Motor Vehicles in Transport,No,Stop Signs,2,1,Complains Of Pain,2,,
10472,2008-00128488,06-Nov-08,4:48:00 PM,Bicycle,,1,,,1,Broad Street,Stanwood Ave,Jared Stanzione,193,06-Nov-08,"Two-Way , Not Divided",Wet,Dark - Lighted,Rain,Angle (Front - to - Side) Right Angle (Includes Broadside),No,Stop Signs,3,1,Complains Of Pain,2,,
10823,2008-00128222,05-Nov-08,6:37:00 PM,Bicycle,,2,,,1,CRANSTON STREET,MESSER STREET,PTLM. LUIS A. PELAEZ,336,21-Nov-08,"Two-Way , Not Divided",Dry,Dark - Lighted,Clear,Not a Collision Between Two Motor Vehicles in Transport,No,No Controls,3,1,Complains Of Pain,2,,
10366,2008-00126618,01-Nov-08,1:41:00 PM,Pedestrian,1,,,,1,Valley St.,Unknown,Ptlm. Michael Pattie,316,01-Nov-08,"Two-Way, Divided, Unprotected (painted>4feet) Medium",Dry,Daylight,Clear,Unknown,"Yes, M/V and Driver Left Scene",Unknown,1,1,Complains Of Pain,1,,
10341,2008-00126098,31-Oct-08,4:26:00 PM,Bicycle,,1,,,1,Ellerly,Waverly,Desmarais,170,31-Oct-08,"Two-Way , Not Divided",Dry,Daylight,Clear,Other,No,Stop Signs,2,1,Complains Of Pain,,,
10296,2008-00125235,29-Oct-08,8:15:00 AM,Bicycle,,1,,,1,PETTEYS AVE,HARTFORD AVE,PTLM. W. MANN,563,29-Oct-08,"Two-Way , Not Divided",Dry,Daylight,Cloudy,Other,"Yes, M/V and Driver Left Scene",Person,4,1,Non-Incapacitating,2,,
10258,2008-00124814,28-Oct-08,7:17:00 AM,Pedestrian,1,,,,1,735 Eddy Street,Eudora Street,Deschamps,419,28-Oct-08,One-Way Trafficway,Wet,Dawn,Rain,Head-On (Front - to - Front),No,No Controls,3,1,Complains Of Pain,,,
10301,2008-00125018,28-Oct-08,5:40:00 PM,Pedestrian,1,,,,1,ORMS STREET,,LUDWIG A. CASTRO,201,29-Oct-08,"Two-Way , Not Divided",Wet,Dark - Lighted,Rain,Not a Collision Between Two Motor Vehicles in Transport,No,No Controls,4,0,No Injury,2,,
10261,2008-00124465,27-Oct-08,12:23:00 PM,Bicycle,,1,,,1,Governor st,Trenton st,Almeida,386,28-Oct-08,"Two-Way , Not Divided",Dry,Daylight,Clear,Not a Collision Between Two Motor Vehicles in Transport,No,No Controls,2,1,Complains Of Pain,,,
10208,2008-00123937,26-Oct-08,2:57:00 AM,Bicycle,,,,,2,17 SUMTER STREET,BROAD STREET,ALBERTO DACRUZ,205,26-Oct-08,"Two-Way , Not Divided",Wet,Dark - Lighted,Rain,Rear End(Front-to-Rear),"Yes, M/V and Driver Left Scene",Unknown,1,0,No Injury,,,
10204,2008-00123828,25-Oct-08,10:45:00 AM,Pedestrian,1,,,,1,Niantic Ave,Reservoir Ave,Slater,365,25-Oct-08,One-Way Trafficway,Wet,Dark - Lighted,Rain,Other,No,Traffic Control Signal,3,1,Complains Of Pain,,,
10213,2008-00123593,25-Oct-08,1:41:00 AM,Pedestrian,2,,,X,1,215 Valley st,,PTLM REPOSA,686,26-Oct-08,"Two-Way , Not Divided",Dry,Daylight,Clear,Other,No,No Controls,3,2,Complains Of Pain,2,,
10188,2008-00123318,24-Oct-08,7:37:00 PM,Pedestrian,1,,,,1,ELMWOOD AVENUE,POTTERS AVENUE,PTLM. MENA-TORRES,493,25-Oct-08,"Two-Way , Not Divided",Dry,Dark - Lighted,Cloudy,Other,No,Traffic Control Signal,3,0,No Injury,,,
10136,2008-00122849,23-Oct-08,4:21:00 AM,Bicycle,,1,,,1,FOUNTAIN STREET   ,EMPIRE STREET,W. O'DONNELL,150,23-Oct-08,One-Way Trafficway,Dry,Daylight,Clear,Head-On (Front - to - Front),No,No Controls,3,1,Complains Of Pain,2,,
10121,2008-00122425,22-Oct-08,2:13:00 AM,Pedestrian,1,,,,1,505 NORTH MAIN STREET,UNIVERSITY PLAZA LOT,PTLM. A. LARANJO JR.,456,23-Oct-08,"Two-Way , Not Divided",Dry,Daylight,Rain,Other,No,No Controls,3,1,Complains Of Pain,,,
10060,2008-00121710,20-Oct-08,2:56:00 AM,Pedestrian,1,,,,1,Bridgham Street,Westminster Street,Alicia Hersperger,327,20-Oct-08,"Two-Way , Not Divided",Dry,Daylight,Clear,Head-On (Front - to - Front),No,Traffic Control Signal,3,1,Complains Of Pain,2,,
10009,2008-00120589,17-Oct-08,4:05:00 AM,Pedestrian,1,,,,1,Kennedy Plaza,"Bus stop ""E""",R. Zabinski,436,17-Oct-08,One-Way Trafficway,Dry,Daylight,Clear,Other,No,No Controls,5,1,Complains Of Pain,2,,
10012,2008-00120698,17-Oct-08,8:25:00 AM,Pedestrian,1,,,,1,MANTON AVENUE,PANAY STREET,FORLINI,343,17-Oct-08,"Two-Way , Not Divided",Dry,Dark - Lighted,Clear,Angle (Front - to - Side) Right Angle (Includes Broadside),No,No Controls,2,1,Complains Of Pain,2,,
10004,2008-00120058,16-Oct-08,11:50:00 AM,Bicycle,,1,,,1,Broadway,Valley St,Ptlm. Francisco J. Furtado,635,17-Oct-08,"Two-Way, Divided, Unprotected (painted>4feet) Medium",Dry,Daylight,Clear,Other,No,Traffic Control Signal,2,0,No Injury,,,
9940,2008-00119412,14-Oct-08,5:34:00 PM,Bicycle,,1,,,1,Douglas Ave,Vandewater St,Henderson,148,14-Oct-08,"Two-Way , Not Divided",Dry,Dusk,Clear,Other,No,Stop Signs,2,1,Complains Of Pain,2,,
9891,2008-00118392,12-Oct-08,12:36:00 AM,Bicycle,,1,,,1,Benefit Street,Angell Street,Ptlm. Greeno,179,12-Oct-08,"Two-Way , Not Divided",Dry,Dark - Lighted,Clear,Not a Collision Between Two Motor Vehicles in Transport,"Yes, M/V and Driver Left Scene",No Controls,2,1,Complains Of Pain,2,,
9904,2008-00118759,12-Oct-08,11:15:00 PM,Pedestrian,1,,,,1,1117 ATWELLS AVE,UNIT ST,PTLM. JOHN A. SIGILLO,590,13-Oct-08,"Two-Way , Not Divided",Dry,Dark - Lighted,Clear,Other,"Yes, M/V and Driver Left Scene",Stop Signs,6,1,Incapacitating,2,,
9883,2008-00118174,11-Oct-08,4:22:00 PM,Bicycle,1,,,,1,21 Atwells Ave,,Bento,329,11-Oct-08,"Two-Way, Divided, Unprotected (painted>4feet) Medium",Dry,Daylight,Clear,Other,No,Traffic Control Signal,1,1,Complains Of Pain,,,
9839,2008-00117018,08-Oct-08,12:00:00 PM,Pedestrian,1,,,,1,168 THAYER STREET,,"GRENNAN, JAMES M.",332,09-Oct-08,"Two-Way , Not Divided",Dry,Daylight,Clear,Other,"Yes, M/V and Driver Left Scene",Pavement Markings,4,0,No Injury,2,,
9889,2008-00116895,08-Oct-08,5:44:00 AM,Bicycle,,1,,,1,ELMWOOD AVE,,PTLM. ROBERT CARLIN,309,11-Oct-08,"Two-Way , Not Divided",Dry,Dawn,Clear,Other,No,No Controls,2,0,No Injury,,,