CrashReportId,ReportNumber,CrashDate,CrashTime,Collision Type,CountPedestrian,CountBicycle,Scooter,Wheel Chair,NumberofVehicles,StreetOrHighway,NearestIntersection,Officer,Badge,ReportDate,TypeOfRoadway,RoadSurfaceCondition,LightCondition,WeatherCondition,MannerofImpact,HitAndRun,TrafficControl,PersonCount,InjuryCount,MostSeriousInjury,NumberOfLanes,Latitude,Longitude
9789,2008-00116318,07-Oct-08,8:53:00 AM,Pedestrian,1,,,,1,Bucklin street,Mawney street,Michael Long,608,07-Oct-08,"Two-Way , Not Divided",Dry,Daylight,Clear,Other,"Yes, M/V and Driver Left Scene",No Controls,1,0,Unknown,2,,
10079,2008-00116317,07-Oct-08,8:42:00 AM,Other,,,X,,2,Allens Ave,,De Castro,591,14-Oct-08,"Two-Way , Not Divided",Dry,Daylight,Clear,Head-On (Front - to - Front),No,No Controls,3,0,No Injury,,,
9771,2008-00116126,06-Oct-08,5:34:00 PM,Bicycle,,1,,,1,Potters Ave,Hamilton St,Jared Stanzione,193,06-Oct-08,"Two-Way , Not Divided",Dry,Daylight,Clear,Other,No,Stop Signs,5,1,Complains Of Pain,2,,
9732,2008-00115292,04-Oct-08,3:35:00 PM,Pedestrian,1,,,,1,Chalkstone Ave.,Fern Street,Ptlm. Pineau,256,04-Oct-08,"Two-Way , Not Divided",Dry,Daylight,Clear,Other,No,No Controls,2,1,Complains Of Pain,2,,
9736,2008-00115325,04-Oct-08,5:00:00 PM,Bicycle,1,,,,1,47 Home Avenue ,Molloy Street ,Ptlm. G. Scarcello,485,04-Oct-08,"Two-Way , Not Divided",Dry,Daylight,Clear,Head-On (Front - to - Front),"Yes, M/V and Driver Left Scene",No Controls,2,1,Non-Incapacitating,2,,
9707,2008-00114736,03-Oct-08,8:53:00 AM,Bicycle,,,,,2,Brook Street,George Street,D.Edmonds,550,03-Oct-08,"Two-Way , Not Divided",Dry,Daylight,Clear,Not a Collision Between Two Motor Vehicles in Transport,No,Stop Signs,2,1,Complains Of Pain,2,,
9833,2008-00117135,03-Oct-08,4:30:00 PM,Bicycle,,1,,,2,612 Academy Avenue,,Sergeant G. Venditto,55,09-Oct-08,"Two-Way , Not Divided",Dry,Daylight,Clear,Angle (Front - to - Side) Same Direction,No,No Controls,2,0,No Injury,,,
9659,2008-00112357,27-Sep-08,3:00:00 PM,Bicycle,,1,,,1,314 BROAD STREET,PORTLAND STREET,PTLM. MENA-TORRES,493,30-Sep-08,"Two-Way , Not Divided",Wet,Daylight,Rain,"Sideswipe, Same Direction",No,No Controls,3,1,Complains Of Pain,,,
9582,2008-00112010,26-Sep-08,7:45:00 AM,Pedestrian,1,,,,1,Thayer Street,Meeting Street,Ptlw. Darling,325,26-Sep-08,One-Way Trafficway,Wet,Dark - Lighted,Rain,Head-On (Front - to - Front),"Yes, M/V and Driver Left Scene",Other,3,1,Non-Incapacitating,1,,
9533,2008-00111483,25-Sep-08,2:25:00 PM,Bicycle,,1,,,1,Chestnut Street,Pine Street,James Conti,606,25-Sep-08,One-Way Trafficway,Dry,Daylight,Clear,Angle (Front - to - Side) Same Direction,No,Traffic Control Signal,2,0,No Injury,1,,
9539,2008-00111565,25-Sep-08,5:54:00 PM,Bicycle,,1,,,1,Park St,Promenade St,Ptlm. R. Kells Jr,463,25-Sep-08,"Two-Way , Not Divided",Dry,Dusk,Clear,Unknown,No,No Controls,3,1,Incapacitating,3,,
9507,2008-00111124,24-Sep-08,2:36:00 PM,Pedestrian,1,,,,1,Broad Street,Elmwood Ave,Tom Kane,545,24-Sep-08,"Two-Way , Not Divided",Dry,Daylight,Clear,Other,No,No Controls,4,1,Incapacitating,2,,
9441,2008-00110124,21-Sep-08,7:11:00 PM,Bicycle,,1,,,1,Pine Street,Stewart Street,Thomas Richards,162,21-Sep-08,"Two-Way , Not Divided",Dry,Dark - Lighted,Clear,"Sideswipe, Same Direction",No,Stop Signs,2,1,Complains Of Pain,,,
9442,2008-00110130,21-Sep-08,7:32:00 AM,Bicycle,,1,,,1,Manton Ave.,Edgemere St.,Cute,308,21-Sep-08,"Two-Way , Not Divided",Dry,Dark - Lighted,Clear,Angle (Front - to - Side) Same Direction,"Yes, M/V and Driver Left Scene",No Controls,2,1,Complains Of Pain,2,,
9437,2008-00109658,20-Sep-08,8:18:00 AM,Bicycle,,1,,,1,BROAD ST.,,J.RICHARDS,479,21-Sep-08,"Two-Way , Not Divided",Dry,Dark - Lighted,Clear,Other,Unknown,No Controls,4,0,No Injury,2,,
9341,2008-00108455,18-Sep-08,7:55:00 AM,Pedestrian,1,,,,1,DOUGLAS AVE,CHALKSTONE AVE,M.IMONDI,409,18-Sep-08,"Two-Way , Not Divided",Dry,Daylight,Clear,Other,No,No Controls,5,1,Complains Of Pain,2,,
9347,2008-00108565,18-Sep-08,3:05:00 AM,Pedestrian,1,,,,1,BLACKSTONE ST,PLAIN ST,PTLM GAMMINO,491,18-Sep-08,"Two-Way , Not Divided",Dry,Daylight,Clear,Angle (Front - to - Side) Right Angle (Includes Broadside),No,No Controls,4,1,Complains Of Pain,2,,
9349,2008-00108610,18-Sep-08,4:30:00 PM,Bicycle,,1,,,1,Eagle St.,Atwells Ave.,Ptlm. James Barros,346,18-Sep-08,Unknown,Dry,Daylight,Clear,Angle (Front - to - Side) Same Direction,"Yes, M/V and Driver Left Scene",Traffic Control Signal,2,0,No Injury,2,,
9331,2008-00108256,17-Sep-08,6:30:00 PM,Pedestrian,2,,,,1,579 ATWELLS AVE,,PTLM. THOMAS CONNETTA,374,17-Sep-08,"Two-Way , Not Divided",Dry,Daylight,Clear,Head-On (Front - to - Front),"Yes, M/V and Driver Left Scene",Stop Signs,8,2,Non-Incapacitating,4,,
9295,2008-00107772,16-Sep-08,3:26:00 PM,Pedestrian,1,,,,1,508 CHALKSTONE AVENUE,,PTLM. JOSEPH MADEIRA,552,16-Sep-08,"Two-Way , Not Divided",Dry,Daylight,Clear,Other,No,No Controls,3,0,No Injury,2,,
9638,2008-00106336,13-Sep-08,10:15:00 AM,Pedestrian,1,,,,1,Plainfield Street,,Ptlw. Michele A. Tella,668,29-Sep-08,"Two-Way , Not Divided",Dry,Daylight,Clear,Other,No,No Controls,3,0,No Injury,,,
9187,2008-00105845,12-Sep-08,3:43:00 AM,Pedestrian,1,,,,1,SMITH STREET,CHALKSTONE AVENUE,D.GONZALEZ,469,12-Sep-08,"Two-Way , Not Divided",Dry,Dark - Not Lighted,Clear,Head-On (Front - to - Front),No,Traffic Control Signal,3,1,Non-Incapacitating,2,,
9200,2008-00106128,12-Sep-08,7:48:00 PM,Bicycle,1,,,,2,559 Cranston St.,Waverly St.,Roberto Gutierrez,263,12-Sep-08,"Two-Way, Divided, Unprotected (painted>4feet) Medium",Wet,Dark - Lighted,Rain,"Sideswipe, Same Direction","Yes, Driver Left Scene",No Controls,3,1,Complains Of Pain,2,,
9204,2008-00106011,12-Sep-08,2:59:00 AM,Bicycle,1,,,,1,Allens Ave,Terminal Rd,T. Lambert,413,12-Sep-08,"Two-Way , Not Divided",Dry,Daylight,Cloudy,Angle (Front - to - Side) Same Direction,No,Traffic Control Signal,5,1,Incapacitating,4,,
9221,2008-00106151,12-Sep-08,9:17:00 PM,Bicycle,,1,,,1,ELMWOOD AVENUE,WARREN STREET,PTLM. MENA-TORRES,493,13-Sep-08,"Two-Way , Not Divided",Wet,Dark - Lighted,Rain,Other,No,Stop Signs,2,1,Complains Of Pain,,,
9170,2008-00105462,11-Sep-08,9:02:00 AM,Bicycle,,,,,2,Blackstone Blvd,Lloyd Ave,Ptlm. Sarkisian,569,11-Sep-08,One-Way Trafficway,Dry,Daylight,Clear,Angle (Front - to - Side) Same Direction,No,Stop Signs,2,1,Complains Of Pain,1,,
9054,2008-00103696,07-Sep-08,7:30:00 AM,Bicycle,,1,,,1,Westminster Street,Dean Street,"Caraccia,Michael",624,07-Sep-08,"Two-Way , Not Divided",Wet,Daylight,Clear,Other,No,Traffic Control Signal,3,1,Complains Of Pain,2,,
9065,2008-00103889,07-Sep-08,5:17:00 PM,Bicycle,,1,,,1,Hamilton Street,Stanwood Avenue,Patrolman Joseph Hanley,345,07-Sep-08,"Two-Way , Not Divided",Dry,Daylight,Clear,"Sideswipe, Same Direction","Yes, M/V and Driver Left Scene",No Controls,2,1,Complains Of Pain,2,,
9068,2008-00103920,07-Sep-08,6:28:00 PM,Pedestrian,1,,,,1,WESTMINSTER ST,PARADE ST,KUSOL PEA,174,07-Sep-08,"Two-Way, Divided, Unprotected (painted>4feet) Medium",Dry,Daylight,Clear,Angle - Direction Not Specified,No,No Controls,4,1,Incapacitating,,,
9104,2008-00104205,07-Sep-08,12:30:00 PM,Pedestrian,1,,,,1,189 ELMDALE AVENUE,WEBSTER AVENUE,ANDY FROLICH,673,09-Sep-08,"Two-Way , Not Divided",Dry,Daylight,Clear,Other,"Yes, M/V and Driver Left Scene",No Controls,3,1,Complains Of Pain,,,
9157,2008-00103888,07-Sep-08,5:14:00 AM,Bicycle,,1,,,1,STEEPLE ST.,CANAL ST,FAUSTO G. GARCIA,109,10-Sep-08,One-Way Trafficway,Dry,Daylight,Clear,Other,No,Traffic Control Signal,6,1,Non-Incapacitating,3,,
8965,2008-00101939,03-Sep-08,3:28:00 PM,Bicycle,,1,,,1,Linwood,,Desmarais,170,03-Sep-08,"Two-Way , Not Divided",Dry,Daylight,Clear,Head-On (Front - to - Front),No,No Controls,2,1,Complains Of Pain,2,,
9034,2008-00101516,02-Sep-08,3:06:00 PM,Pedestrian,1,,,,1,770 WESTMINSTER STREET,DEAN STREET,PTLM. MENA-TORRES,493,06-Sep-08,"Two-Way , Not Divided",Dry,Daylight,Clear,Other,No,No Controls,3,1,Complains Of Pain,,,
8921,2008-00101221,01-Sep-08,7:54:00 AM,Pedestrian,1,,,,1,PLAINFIELD,BARROWS,M. JENNETTE,311,01-Sep-08,"Two-Way , Not Divided",Dry,Dark - Lighted,Clear,Other,No,No Controls,2,1,Non-Incapacitating,,,
8966,2008-00101096,01-Sep-08,3:01:00 PM,Pedestrian,1,,,,1,343 BROAD STREET,SUMMER STREET,PTLM. MENA-TORRES,493,03-Sep-08,"Two-Way , Not Divided",Dry,Daylight,Clear,Other,No,No Controls,2,1,Complains Of Pain,,,
8904,2008-00100853,31-Aug-08,8:58:00 PM,Pedestrian,1,,,,1,Charles St,Quarry St,Ptlm. Michael Pattie,316,31-Aug-08,"Two-Way, Divided, Unprotected (painted>4feet) Medium",Dry,Daylight,Clear,"Sideswipe, Same Direction",No,No Controls,2,1,Complains Of Pain,1,,
9227,2008-00100747,30-Aug-08,4:49:00 AM,Pedestrian,1,,,,1,Taylor Street,Harvard Ave,Eric Greene,197,13-Sep-08,"Two-Way , Not Divided",Dry,Daylight,Clear,Head-On (Front - to - Front),No,No Controls,2,1,Complains Of Pain,2,,
8856,2008-00099600,29-Aug-08,1:11:00 PM,Other,,,X,,2,Wickenden St ,,OR PROCTOR ,627,29-Aug-08,"Two-Way , Not Divided",Dry,Daylight,Clear,"Sideswipe, Same Direction",No,No Controls,5,0,No Injury,1,,
8814,2008-00098844,27-Aug-08,6:05:00 PM,Bicycle,,1,,,1,OLNEY ST,PROSPECT,JOHN BENROS,481,27-Aug-08,"Two-Way , Not Divided",Dry,Daylight,Clear,Angle (Front - to - Side) Opposite Direction,No,No Controls,4,1,Complains Of Pain,,,
8749,2008-00097305,24-Aug-08,2:07:00 AM,Pedestrian,1,,,,1,171 Atwells Avenue,Dean Street ,Christopher Kennedy,203,24-Aug-08,"Two-Way , Not Divided",Dry,Dark - Lighted,Clear,Other,"Yes, M/V and Driver Left Scene",No Controls,1,1,Complains Of Pain,2,,
8732,2008-00096770,23-Aug-08,2:26:00 AM,Other,,,,,1,RICHMOND STREET,SOUTH STREET,DAVID PEREZ,181,23-Aug-08,"Two-Way , Not Divided",Dry,Dark - Lighted,Clear,Other,"Yes, M/V and Driver Left Scene",No Controls,1,1,Non-Incapacitating,2,,
8760,2008-00097013,23-Aug-08,5:42:00 AM,Pedestrian,1,,,,1,Elmwood Avenue,Potters Avenue,Ptlm Noel,600,24-Aug-08,"Two-Way, Divided, Unprotected (painted>4feet) Medium",Dry,Daylight,Clear,Head-On (Front - to - Front),No,Traffic Control Signal,5,1,Complains Of Pain,4,,
8726,2008-00096622,22-Aug-08,8:32:00 AM,Bicycle,,1,,,1,BOGMAN ST,MILK ST,PTLM GAMMINO,491,22-Aug-08,"Two-Way , Not Divided",Dry,Daylight,Clear,Angle (Front - to - Side) Right Angle (Includes Broadside),No,No Controls,3,1,Complains Of Pain,2,,
8731,2008-00096703,22-Aug-08,11:37:00 PM,Pedestrian,1,,,,1,Thurbers Avenue,Eddy Street,Taylor Britto,202,23-Aug-08,"Two-Way , Not Divided",Dry,Dark - Lighted,Clear,Other,"Yes, M/V and Driver Left Scene",Traffic Control Signal,8,1,Complains Of Pain,,,
8761,2008-00096654,22-Aug-08,9:40:00 AM,Pedestrian,1,,,,1,FRANCIS STREET,FINANCE WAY,PTLM. LUIS A. PELAEZ,336,24-Aug-08,"Two-Way , Not Divided",Dry,Dark - Lighted,Clear,Not a Collision Between Two Motor Vehicles in Transport,No,Traffic Control Signal,5,1,Complains Of Pain,4,,
8641,2008-00094916,19-Aug-08,12:05:00 AM,Pedestrian,1,,,,1,Regent Ave.,Robin St.,Comella,192,19-Aug-08,"Two-Way , Not Divided",Dry,Dark - Lighted,Clear,Other,"Yes, M/V and Driver Left Scene",Stop Signs,1,1,Complains Of Pain,2,,
8657,2008-00095242,19-Aug-08,6:04:00 AM,Bicycle,,1,,,1,Manton Ave.,,Cute,308,19-Aug-08,"Two-Way , Not Divided",Dry,Daylight,Clear,Angle (Front - to - Side) Same Direction,No,No Controls,2,1,Complains Of Pain,2,,
8632,2008-00094577,18-Aug-08,10:34:00 AM,Bicycle,,1,,,1,Butler ave,Nisbit,Almeida,386,18-Aug-08,"Two-Way , Not Divided",Dry,Daylight,Clear,"Sideswipe, Same Direction",No,No Controls,2,0,No Injury,,,
8610,2008-00094185,17-Aug-08,12:46:00 PM,Bicycle,,1,,,1,BLACKSTONE BOULEVARD,UPTON AVENUE,PTLM. A. LARANJO JR.,456,17-Aug-08,One-Way Trafficway,Dry,Daylight,Clear,Other,No,Stop Signs,5,1,Complains Of Pain,1,,
8644,2008-00094167,17-Aug-08,1:00:00 PM,Bicycle,,1,,,1,Huntington,Cranston ,Slater,365,19-Aug-08,One-Way Trafficway,Dry,Daylight,Clear,Other,No,No Controls,2,1,Complains Of Pain,2,,
8577,2008-00092999,15-Aug-08,1:17:00 AM,Pedestrian,1,,,,1,WASHINGTON STREET,UNION STREET,ALBERTO DACRUZ,205,15-Aug-08,"Two-Way , Not Divided",Dry,Dark - Lighted,Clear,Other,No,Traffic Control Signal,9,1,Complains Of Pain,,,
8586,2008-00093179,15-Aug-08,2:00:00 AM,Pedestrian,1,,,,1,Smith st,Chalkstone,ROSE,465,15-Aug-08,"Two-Way , Not Divided",Dry,Daylight,Clear,Other,No,Traffic Control Signal,5,1,Non-Incapacitating,2,,
8571,2008-00092772,14-Aug-08,4:37:00 PM,Pedestrian,1,,,,1,SMITH STREET,RUGGLES STREET,PTLM. JOSEPH MADEIRA,552,14-Aug-08,"Two-Way , Not Divided",Dry,Daylight,Clear,Other,No,No Controls,2,1,Non-Incapacitating,2,,
8535,2008-00091850,12-Aug-08,2:30:00 PM,Bicycle,,1,,,1,Prairie,Colfax,Slater,365,12-Aug-08,"Two-Way , Not Divided",Dry,Daylight,Clear,Angle - Direction Not Specified,No,No Controls,4,1,Incapacitating,1,,
8519,2008-00091527,11-Aug-08,3:45:00 AM,Pedestrian,1,,,,1,Manton ave,Herschel st,W. Brown,513,11-Aug-08,"Two-Way , Not Divided",Dry,Daylight,Clear,Other,No,No Controls,3,2,Incapacitating,2,,
8486,2008-00009058,09-Aug-08,3:11:00 AM,Pedestrian,1,,,,1,BROAD ST,MRYTLE ST,PTLM GAMMINO,491,09-Aug-08,"Two-Way , Not Divided",Dry,Daylight,Clear,Rear - to - Side,No,No Controls,2,1,Complains Of Pain,2,,
8464,2008-00090035,08-Aug-08,1:01:00 AM,Bicycle,,,,,2,PLEASANT VALLEY PARKWAY,ACADEMY AVENUE,ROCCHIO,169,08-Aug-08,"Two-Way , Not Divided",Dry,Daylight,Clear,Head-On (Front - to - Front),No,No Controls,3,1,Complains Of Pain,2,,
8423,2008-00089064,06-Aug-08,11:32:00 AM,Bicycle,,1,,,1,Steeple Street ,Canal Street,Ptlm. Greeno,179,06-Aug-08,One-Way Trafficway,Dry,Dark - Lighted,Clear,Angle (Front - to - Side) Right Angle (Includes Broadside),No,Traffic Control Signal,3,1,Complains Of Pain,3,,
8395,2008-00088515,04-Aug-08,8:18:00 PM,Bicycle,,1,,,1,CHARLES ST,ORMS ST,Ptlm. Kenneth R. Penza,534,04-Aug-08,"Two-Way , Not Divided",Dry,Dark - Lighted,Clear,"Sideswipe, Same Direction",No,No Controls,7,1,Incapacitating,4,,
8371,2008-00088082,03-Aug-08,9:06:00 AM,Bicycle,,1,,,1,BROOK STREET,CHARLESFIELD STREET,"GRENNAN, JAMES M.",332,03-Aug-08,"Two-Way , Not Divided",Dry,Dark - Lighted,Clear,Other,No,Stop Signs,2,1,Complains Of Pain,2,,
8314,2008-00086453,31-Jul-08,1:45:00 AM,Other,,,X,,2,RAYMOND ST,VALLEY ST,ROSE,465,31-Jul-08,"Two-Way, Divided, Unprotected (painted>4feet) Medium",Dry,Daylight,Clear,Angle (Front - to - Side) Right Angle (Includes Broadside),No,Traffic Control Signal,3,1,Non-Incapacitating,2,,
8318,2008-00086528,31-Jul-08,4:38:00 AM,Pedestrian,1,,,,2,27 WARREN ST,ERLMWOOD AV,KANTORSKI,351,31-Jul-08,"Two-Way , Not Divided",Dry,Daylight,Clear,Other,No,No Controls,3,1,Complains Of Pain,2,,
8319,2008-00086627,31-Jul-08,7:37:00 AM,Bicycle,,1,,,1,Elmwood Avenue,Bellevue Avenue,Ptlm Noel,600,31-Jul-08,"Two-Way , Not Divided",Dry,Dusk,Clear,Head-On (Front - to - Front),No,Traffic Control Signal,3,1,Complains Of Pain,4,,
8328,2008-00086444,31-Jul-08,1:20:00 AM,Pedestrian,1,,,,1,Elmwood Ave,Plenty Street,N Kemble,364,01-Aug-08,"Two-Way , Not Divided",Dry,Daylight,Clear,Other,No,Traffic Control Signal,4,1,Complains Of Pain,,,
8298,2008-00085986,30-Jul-08,12:26:00 PM,Bicycle,,1,,,1,FULTON STREET,,SAN ANTONIO/G,604,30-Jul-08,One-Way Trafficway,Dry,Dawn,Clear,"Sideswipe, Same Direction",No,No Controls,3,1,Complains Of Pain,1,,
8266,2008-00085141,28-Jul-08,3:18:00 AM,Bicycle,1,,,,1,SAYLES ST,HARRIET ST,D FASCITELLI,259,28-Jul-08,"Two-Way , Not Divided",Dry,Daylight,Clear,Angle (Front - to - Side) Right Angle (Includes Broadside),No,Stop Signs,3,1,Complains Of Pain,1,,
8220,2008-00084330,26-Jul-08,4:30:00 PM,Bicycle,,1,,,1,Ellery st,Wendell St,Jessica Leone,258,26-Jul-08,"Two-Way , Not Divided",Dry,Daylight,Clear,"Sideswipe, Same Direction","Yes, M/V and Driver Left Scene",No Controls,6,1,Complains Of Pain,2,,
8204,2008-00083596,25-Jul-08,6:58:00 AM,Pedestrian,1,,,,1,FRIENDSHIP STREET,LOCKWOOD STREET,"SOARES, RODERICK C.",399,25-Jul-08,"Two-Way , Not Divided",Dry,Daylight,Clear,Not a Collision Between Two Motor Vehicles in Transport,No,Stop Signs,3,1,Complains Of Pain,2,,
8196,2008-00083250,24-Jul-08,10:59:00 AM,Bicycle,,1,,,1,Olive st,,Almeida,386,25-Jul-08,"Two-Way , Not Divided",Wet,Daylight,Cloudy,Unknown,No,No Controls,3,0,No Injury,,,
8165,2008-00083049,23-Jul-08,8:48:00 PM,Pedestrian,1,,,,1,Douglas Avenue,Crimea Street,E. Carvalho,268,23-Jul-08,"Two-Way , Not Divided",Wet,Dark - Not Lighted,Rain,Other,"Yes, M/V and Driver Left Scene",No Controls,4,1,Complains Of Pain,2,,
8135,2008-00082552,22-Jul-08,6:13:00 AM,Bicycle,,1,,,1,GALLATIN STREET,ELMWOOD AVE,EDWARD LESTE,595,22-Jul-08,"Two-Way , Not Divided",Dry,Dawn,Clear,Other,No,Stop Signs,3,1,Complains Of Pain,2,,
8082,2008-00081123,19-Jul-08,11:17:00 AM,Bicycle,,1,,,1,Cranston st,Parade,Almeida,386,19-Jul-08,"Two-Way , Not Divided",Dry,Daylight,Clear,Head-On (Front - to - Front),No,Stop Signs,3,1,Complains Of Pain,,,
8020,2008-00079468,15-Jul-08,4:06:00 PM,Bicycle,,1,,,1,Congress Avenue,Elmwood Avenue,Francisco Colon Jr,265,15-Jul-08,"Two-Way , Not Divided",Dry,Daylight,Clear,Not a Collision Between Two Motor Vehicles in Transport,No,Stop Signs,3,0,No Injury,2,,
8113,2008-00079743,15-Jul-08,7:25:00 AM,Pedestrian,1,,,,1,HAROLD ST,VALLEY ST,PTLM REPOSA,686,21-Jul-08,"Two-Way , Not Divided",Dry,Daylight,Clear,Angle (Front - to - Side) Right Angle (Includes Broadside),No,Traffic Control Signal,3,1,Incapacitating,2,,
8551,2008-00079473,15-Jul-08,4:13:00 AM,Bicycle,,1,,,1,Memorial Blvd.,Washngton St,Ptlm. R. Kells,463,13-Aug-08,One-Way Trafficway,Dry,Daylight,Clear,"Sideswipe, Same Direction",No,Traffic Control Signal,3,0,No Injury,2,,
7987,2008-00078711,13-Jul-08,7:28:00 PM,Bicycle,,1,,,1,171 WICKENDEN ST.,BENEFIT ST.,FAUSTO G. GARCIA,109,13-Jul-08,"Two-Way , Not Divided",Dry,Daylight,Clear,Angle (Front - to - Side) Right Angle (Includes Broadside),No,No Controls,3,1,Complains Of Pain,2,,
8004,2008-00078543,13-Jul-08,8:58:00 AM,Pedestrian,1,,,,1,Blackstone Blvd,Mount Ave.,Ptlm. Brian Muldoon,182,14-Jul-08,One-Way Trafficway,Dry,Daylight,Clear,Other,No,Stop Signs,4,1,Non-Incapacitating,2,,
7943,2008-00077533,11-Jul-08,9:47:00 AM,Pedestrian,1,,,,1,Atwells Ave,Putnam St,Ptlm Carignan,383,11-Jul-08,"Two-Way , Not Divided",Dry,Daylight,Clear,Rear End(Front-to-Rear),"Yes, M/V and Driver Left Scene",Traffic Control Signal,1,1,Non-Incapacitating,2,,
7902,2008-00076422,08-Jul-08,6:40:00 PM,Pedestrian,1,,,,1,Harrison Street,Cranston Street,David Perez,181,08-Jul-08,"Two-Way , Not Divided",Dry,Daylight,Clear,Other,"Yes, M/V and Driver Left Scene",No Controls,1,1,Complains Of Pain,2,,
7870,2008-00075874,07-Jul-08,1:00:00 PM,Bicycle,,1,,,1,NORTH MAIN STREET,CHARLES STREET,SAN ANTONIO/G,604,07-Jul-08,Unknown,Dry,Daylight,Clear,Unknown,No,Unknown,3,0,No Injury,,,
7817,2008-00074874,05-Jul-08,12:32:00 PM,Pedestrian,1,,,,1,Broad St.,Harvard Ave.,Sean Brown,172,05-Jul-08,"Two-Way , Not Divided",Dry,Dark - Lighted,Clear,Head-On (Front - to - Front),"Yes, M/V and Driver Left Scene",No Controls,2,1,Complains Of Pain,2,,
7838,2008-00074968,05-Jul-08,2:58:00 AM,Bicycle,,1,,,1,209 Elmwood Ave.,,Mendez,321,05-Jul-08,"Two-Way , Not Divided",Wet,Dark - Lighted,Rain,Other,"Yes, M/V and Driver Left Scene",No Controls,1,1,Complains Of Pain,4,,
7793,2008-00074137,03-Jul-08,5:23:00 PM,Pedestrian,1,,,,1,Putnam Street ,Atwells Avenue ,Francisco Colon Jr.,265,03-Jul-08,"Two-Way , Not Divided",Dry,Daylight,Clear,Not a Collision Between Two Motor Vehicles in Transport,No,No Controls,3,1,Non-Incapacitating,2,,
7761,2008-00073519,02-Jul-08,1:45:00 AM,Pedestrian,1,,,,1,Dorrance Street,Fulton Street,Alicia Hersperger,327,02-Jul-08,"Two-Way , Not Divided",Dry,Dark - Lighted,Clear,Other,No,No Controls,8,1,Complains Of Pain,2,,
7770,2008-00073560,02-Jul-08,7:30:00 AM,Bicycle,,1,,,1,HOPE STREET,FIFTH STREET ,ANDY FROLICH,673,02-Jul-08,"Two-Way , Not Divided",Dry,Daylight,Clear,Other,No,No Controls,6,1,Non-Incapacitating,,,
7748,2008-00073313,01-Jul-08,5:49:00 AM,Pedestrian,1,,,,1,Westminster Street,Dean Street,Christopher Kennedy,203,01-Jul-08,"Two-Way , Not Divided",Dry,Daylight,Clear,Other,No,No Controls,2,0,No Injury,,,
7760,2008-00073445,01-Jul-08,10:19:00 PM,Pedestrian,1,,,,1,Westminster Street,Messer Street,Ptlm. Silva,185,01-Jul-08,"Two-Way , Not Divided",Dry,Dark - Lighted,Clear,Head-On (Front - to - Front),"Yes, M/V and Driver Left Scene",No Controls,2,1,Non-Incapacitating,2,,
7734,2008-00073012,30-Jun-08,10:17:00 PM,Pedestrian,1,,,,1,Potters Ave,Burnside St.,Vieira,363,30-Jun-08,"Two-Way , Not Divided",Dry,Dark - Lighted,Clear,Head-On (Front - to - Front),No,No Controls,2,1,Incapacitating,,,
7707,2008-00072478,29-Jun-08,7:09:00 AM,Pedestrian,1,,,,1,BLACKSTONE ST,PRAIRIE AVE,PTLM GAMMINO,491,29-Jun-08,"Two-Way , Not Divided",Dry,Daylight,Clear,Other,No,No Controls,2,0,No Injury,2,,
7689,2008-00072061,28-Jun-08,8:44:00 AM,Pedestrian,1,,,,1,San Souci St.,,Cute,308,28-Jun-08,"Two-Way , Not Divided",Dry,Dark - Lighted,Clear,Angle (Front - to - Side) Same Direction,"Yes, M/V and Driver Left Scene",No Controls,1,1,Non-Incapacitating,,,
7695,2008-00072103,28-Jun-08,10:34:00 AM,Pedestrian,1,,,,1,49 Raymond St,,W. Dickie,168,29-Jun-08,"Two-Way , Not Divided",Dry,Dark - Lighted,Clear,Other,No,No Controls,3,1,Incapacitating,,,
7712,2008-00071871,28-Jun-08,11:22:00 AM,Bicycle,1,,,,1,PRARIE,EARLY,DECESARE,426,29-Jun-08,"Two-Way , Not Divided",Dry,Daylight,Clear,Head-On (Front - to - Front),No,No Controls,1,1,Complains Of Pain,,,
7616,2008-00070410,25-Jun-08,3:42:00 AM,Pedestrian,1,,,,1,396 MANTON AVENUE,,FORLINI,343,25-Jun-08,"Two-Way , Not Divided",Dry,Daylight,Clear,Other,No,No Controls,2,1,Complains Of Pain,,,
7624,2008-00070519,25-Jun-08,7:20:00 PM,Bicycle,,1,,,1,PEKIN STREET,,PTLM. JOSEPH MADEIRA,552,25-Jun-08,One-Way Trafficway,Dry,Daylight,Clear,Unknown,"Yes, M/V and Driver Left Scene",No Controls,1,1,Complains Of Pain,1,,
7589,2008-00068630,24-Jun-08,2:13:00 AM,Bicycle,,1,,,1,Somerset St,Westclifford,Lafazia,394,24-Jun-08,"Two-Way , Not Divided",Dry,Daylight,Clear,Angle (Front - to - Side) Right Angle (Includes Broadside),No,No Controls,3,1,Complains Of Pain,,,
7593,2008-00069930,24-Jun-08,10:06:00 AM,Pedestrian,1,,,,1,Waterman Street,Brook Street,N Kemble,364,24-Jun-08,Unknown,Dry,Daylight,Cloudy,Other,No,No Controls,3,1,Complains Of Pain,,,
7597,2008-00070006,24-Jun-08,3:43:00 AM,Bicycle,,1,,,1,LOCKWOOD ST,PROVIDENCE ST,PTLM ROBERT CARLIN,309,24-Jun-08,"Two-Way , Not Divided",Wet,Daylight,Cloudy,Angle (Front - to - Side) Right Angle (Includes Broadside),No,Stop Signs,3,1,Complains Of Pain,2,,
7582,2008-00069784,23-Jun-08,11:30:00 PM,Pedestrian,1,,,,1,Thayer Street,Cushing Street,Ptlm. Thiago J. Gomes,532,24-Jun-08,One-Way Trafficway,Dry,Dark - Lighted,Clear,Head-On (Front - to - Front),No,No Controls,3,1,Non-Incapacitating,1,,
7531,2008-00068546,21-Jun-08,9:49:00 AM,Pedestrian,1,,,,1,190 CAMP ST,,BAEZ JR,687,21-Jun-08,"Two-Way , Not Divided",Dry,Daylight,Clear,Head-On (Front - to - Front),No,No Controls,3,0,No Injury,2,,
7542,2008-00068789,21-Jun-08,8:03:00 PM,Pedestrian,1,,,,1,539 Dexter Street,,N Field,260,21-Jun-08,"Two-Way , Not Divided",Dry,Daylight,Clear,Not a Collision Between Two Motor Vehicles in Transport,No,No Controls,2,1,Complains Of Pain,2,,
7392,2008-00064716,12-Jun-08,6:44:00 AM,Bicycle,,1,,,1,MANTON AVENUE,GLENBRIDGE AVENUE,FORLINI,343,12-Jun-08,"Two-Way , Not Divided",Dry,Daylight,Clear,Angle - Direction Not Specified,No,Traffic Control Signal,3,1,Complains Of Pain,2,,