CrashReportId,ReportNumber,CrashDate,CrashTime,Collision Type,CountPedestrian,CountBicycle,Scooter,Wheel Chair,NumberofVehicles,StreetOrHighway,NearestIntersection,Officer,Badge,ReportDate,TypeOfRoadway,RoadSurfaceCondition,LightCondition,WeatherCondition,MannerofImpact,HitAndRun,TrafficControl,PersonCount,InjuryCount,MostSeriousInjury,NumberOfLanes,Latitude,Longitude
7351,2008-00063765,10-Jun-08,4:45:00 PM,Pedestrian,1,,,,1,Smith Street,,E. Carvalho,268,10-Jun-08,"Two-Way , Not Divided",Dry,Daylight,Clear,Other,No,No Controls,3,1,Complains Of Pain,,,
7291,2008-00062698,08-Jun-08,2:05:00 AM,Pedestrian,1,,,,1,650 Potters Ave,Plymouth,Fernandez,531,08-Jun-08,"Two-Way , Not Divided",Dry,Dark - Lighted,Clear,Other,"Yes, M/V and Driver Left Scene",No Controls,1,1,Complains Of Pain,2,,
7300,2008-00062822,08-Jun-08,11:48:00 AM,Pedestrian,1,,,,1,Francis Street,Gaspee Street.,Ptlm. Joseph Pineau,256,08-Jun-08,"Two-Way , Not Divided",Dry,Daylight,Clear,Other,No,No Controls,3,1,Incapacitating,2,,
7285,2008-00062579,07-Jun-08,10:43:00 PM,Pedestrian,1,,,,1,Valley St,Barstow St,Ptlm. Camardo,515,07-Jun-08,"Two-Way , Not Divided",Dry,Dark - Lighted,Clear,Other,"Yes, M/V and Driver Left Scene",No Controls,3,1,Complains Of Pain,2,,
7201,2008-00060605,03-Jun-08,3:13:00 PM,Pedestrian,1,,,,1,Leah St,Roanoke St,William Brown,513,03-Jun-08,"Two-Way , Not Divided",Dry,Daylight,Clear,Head-On (Front - to - Front),No,No Controls,5,1,Incapacitating,2,,
7207,2008-00060850,03-Jun-08,11:10:00 AM,Pedestrian,1,,,,1,Bissell St.,Elmwood Ave.,Joseph Dufault,330,04-Jun-08,"Two-Way , Not Divided",Dry,Dark - Lighted,Clear,Head-On (Front - to - Front),No,No Controls,4,1,Non-Incapacitating,2,,
7178,2008-00060032,02-Jun-08,9:28:00 AM,Pedestrian,1,,,,1,OLNEY STREET,NORTH MAIN STREET,ANDY FROLICH,673,02-Jun-08,"Two-Way, Divided, Positive Median Barrier",Dry,Daylight,Clear,Other,No,Traffic Control Signal,6,1,Non-Incapacitating,,,
7186,2008-00060252,02-Jun-08,6:32:00 PM,Bicycle,,1,,,1,Walton St.,Meridian St.,Ptlm. James Barros,346,02-Jun-08,"Two-Way , Not Divided",Dry,Daylight,Clear,Angle (Front - to - Side) Same Direction,No,No Controls,3,1,Complains Of Pain,2,,
7152,2008-00059606,01-Jun-08,11:56:00 AM,Pedestrian,1,,,,1,325 Valley Streete,,R. Kessler,108,01-Jun-08,Unknown,Dry,Daylight,Clear,Other,No,No Controls,6,1,Complains Of Pain,,,
6915,2008-00054493,21-May-08,5:18:00 PM,Bicycle,,1,,,1,Hope St,Rochambeau Ave,Noel Field,260,21-May-08,"Two-Way , Not Divided",Dry,Daylight,Cloudy,Other,No,Traffic Control Signal,5,1,Complains Of Pain,2,,
6821,2008-00053029,18-May-08,1:31:00 AM,Pedestrian,1,,,,1,Union Ave,Webster Ave,Ptlm Dyer,180,18-May-08,"Two-Way , Not Divided",Dry,Dark - Lighted,Clear,Head-On (Front - to - Front),"Yes, M/V and Driver Left Scene",No Controls,3,1,Complains Of Pain,2,,
6809,2008-00052803,17-May-08,7:04:00 PM,Pedestrian,1,,,,1,Branch Ave.,Hawkins St.,Ptlm. Michael Pattie,316,17-May-08,"Two-Way, Divided, Unprotected (painted>4feet) Medium",Dry,Daylight,Clear,Other,"Yes, M/V and Driver Left Scene",No Controls,2,1,Complains Of Pain,1,,
6839,2008-00052743,17-May-08,5:00:00 AM,Bicycle,,1,,,1,Resevoir Ave,,Tom Kane,545,18-May-08,"Two-Way , Not Divided",Dry,Daylight,Clear,Other,No,No Controls,3,1,Complains Of Pain,,,
6737,2008-00051171,14-May-08,10:26:00 AM,Bicycle,,1,,,1,WEST EXCHANGE STREET,SABIN STREET,SAN ANTONIO/G,604,14-May-08,One-Way Trafficway,Dry,Daylight,Clear,Angle (Front - to - Side) Same Direction,No,No Controls,3,0,No Injury,2,,
6749,2008-00051281,14-May-08,2:54:00 PM,Pedestrian,1,,,,1,Everson Street,Lakeside Drive,PTLM. SCOTT ZAMBARANO,164,14-May-08,"Two-Way , Not Divided",Dry,Daylight,Clear,Head-On (Front - to - Front),No,No Controls,2,1,Complains Of Pain,2,,
6763,2008-00051673,14-May-08,5:30:00 AM,Bicycle,,1,,,1,306 ELMWOOD AVENUE,HANOVER STREET,ANDY FROLICH,673,15-May-08,"Two-Way , Not Divided",Dry,Daylight,Clear,Head-On (Front - to - Front),"Yes, M/V and Driver Left Scene",Other,3,1,Non-Incapacitating,,,
6694,2008-00050426,12-May-08,1:12:00 PM,Pedestrian,1,,,,1,WESTMINSTER STREET,MEMORIAL  BOULEVARD,Patrolman Joseph M. Gallucci,503,12-May-08,"Two-Way , Not Divided",Wet,Daylight,Clear,Other,No,Traffic Control Signal,2,2,Complains Of Pain,,,
6653,2008-00049685,10-May-08,5:20:00 PM,Pedestrian,1,,,,1,Parking Lot,,Ptlm. Michael Pattie,316,10-May-08,Unknown,Dry,Daylight,Clear,"Sidwswipe, Opposite Direction","Yes, M/V and Driver Left Scene",No Controls,1,1,Complains Of Pain,,,
6655,2008-00049726,10-May-08,6:49:00 PM,Bicycle,,1,,,1,Providence Place Mall City Side,,"Kells, R.T.",463,10-May-08,One-Way Trafficway,Dry,Daylight,Clear,Head-On (Front - to - Front),No,No Controls,4,1,Non-Incapacitating,1,,
6585,2008-00048670,08-May-08,10:03:00 AM,Pedestrian,1,,,,1,Brown St,Charlesfield St,Ptlm. Sarkisian,569,08-May-08,"Two-Way , Not Divided",Wet,Daylight,Rain,Other,No,Stop Signs,3,1,Complains Of Pain,2,,
6545,2008-00047891,06-May-08,3:02:00 AM,Bicycle,,1,,,1,ATWELLS AVE,,J.RICHARDS,479,06-May-08,"Two-Way , Not Divided",Dry,Daylight,Clear,"Sideswipe, Same Direction","Yes, M/V and Driver Left Scene",No Controls,1,1,Complains Of Pain,2,,
6499,2008-00046590,04-May-08,2:26:00 AM,Pedestrian,1,,,,1,105 Richmond Street,Clifford Street,Hamlin,487,04-May-08,Unknown,Wet,Dark - Lighted,Rain,Other,No,No Controls,2,1,Incapacitating,,,
6440,2008-00045970,01-May-08,4:16:00 PM,Pedestrian,1,,,,1,Service Rd 7,95 south,Ptlm. Robert Carlin,309,01-May-08,One-Way Trafficway,Dry,Daylight,Clear,Other,No,No Controls,4,1,Non-Incapacitating,1,,
6334,2008-00044091,26-Apr-08,1:55:00 PM,Pedestrian,1,,,,1,118 Silver Lake Ave,,Ptlm. Francisco J. Furtado,635,26-Apr-08,Unknown,Dry,Daylight,Clear,Other,No,No Controls,3,1,Complains Of Pain,,,
14610,2009-00014526,25-Apr-08,5:34:00 PM,Pedestrian,1,,,,1,BROAD,,DECESARE,426,25-Apr-09,"Two-Way , Not Divided",Dry,Daylight,Clear,Not a Collision Between Two Motor Vehicles in Transport,No,No Controls,2,1,Complains Of Pain,2,,
6229,2008-00042040,21-Apr-08,5:22:00 AM,Bicycle,,1,,,1,SOUTH MAIN STREET,JAMES STREET,D.EDDY,528,21-Apr-08,One-Way Trafficway,Dry,Daylight,Clear,Rear End(Front-to-Rear),"Yes, M/V and Driver Left Scene",No Controls,1,1,Complains Of Pain,2,,
6233,2008-00042084,21-Apr-08,7:07:00 PM,Pedestrian,1,,,,1,193 Power St,Governor St,J. Lamboy,191,21-Apr-08,"Two-Way , Not Divided",Dry,Daylight,Clear,Other,No,No Controls,2,1,Complains Of Pain,2,,
6191,2008-00041082,19-Apr-08,2:00:00 PM,Bicycle,,1,,,1,274 Union Ave,Pricilla Ave,M.Schlageter,472,19-Apr-08,"Two-Way , Not Divided",Dry,Daylight,Clear,"Sideswipe, Same Direction",No,No Controls,3,1,Incapacitating,2,,
6105,2008-00039380,15-Apr-08,12:58:00 PM,Pedestrian,1,,,,1,FRANCIS ST.,WEST EXCHANGE ST.,DASILVA,628,15-Apr-08,"Two-Way , Not Divided",Dry,Daylight,Clear,Other,No,Traffic Control Signal,2,1,Complains Of Pain,2,,
5970,2008-00036507,08-Apr-08,11:20:00 AM,Pedestrian,1,,,,1,Mt. Pleasant Ave,Dover,K. Pike,130,08-Apr-08,"Two-Way , Not Divided",Dry,Daylight,Clear,Other,No,No Controls,2,1,Complains Of Pain,2,,
5990,2008-00035333,05-Apr-08,1:29:00 AM,Pedestrian,1,,,,1,WASHINGTON ST,UNION ST,ROCCHIO,169,09-Apr-08,"Two-Way , Not Divided",Dry,Dark - Lighted,Clear,Not a Collision Between Two Motor Vehicles in Transport,No,Traffic Control Signal,3,1,Complains Of Pain,2,,
5866,2008-00034861,03-Apr-08,8:25:00 AM,Pedestrian,1,,,,1,606 Union Avenue,,Cryan,352,03-Apr-08,"Two-Way , Not Divided",Dry,Dark - Lighted,Clear,Other,"Yes, M/V and Driver Left Scene",No Controls,1,1,Complains Of Pain,2,,
5844,2008-00034511,02-Apr-08,7:51:00 AM,Bicycle,,1,,,1,Valley Street,Pleasant Valley Parkway,Michael R. Troia,331,02-Apr-08,"Two-Way , Not Divided",Dry,Dark - Lighted,Clear,Angle (Front - to - Side) Same Direction,"Yes, M/V and Driver Left Scene",Traffic Control Signal,3,1,Complains Of Pain,2,,
5501,2008-00028631,18-Mar-08,3:04:00 PM,Pedestrian,1,,,,1,Westminster Street,Harkness Street,Rudolph,512,18-Mar-08,"Two-Way, Divided, Unprotected (painted>4feet) Medium",Dry,Daylight,Clear,Not a Collision Between Two Motor Vehicles in Transport,No,No Controls,2,1,Complains Of Pain,2,,
5465,2008-00027968,16-Mar-08,8:08:00 AM,Pedestrian,1,,,,1,41 SHERWOOD STREET,DOUGLAS AVENUE,PTLM. SCOTT ZAMBARANO,164,17-Mar-08,"Two-Way , Not Divided",Dry,Dark - Lighted,Clear,Head-On (Front - to - Front),No,No Controls,2,1,Non-Incapacitating,2,,
5432,2008-00027241,15-Mar-08,12:12:00 AM,Pedestrian,1,,,,1,Westminster St,Battey St,Ptlm. Richard Ramirez,338,15-Mar-08,"Two-Way, Divided, Unprotected (painted>4feet) Medium",Dry,Dark - Lighted,Clear,Head-On (Front - to - Front),"Yes, M/V and Driver Left Scene",No Controls,3,1,Complains Of Pain,2,,
5422,2008-00027026,14-Mar-08,4:14:00 AM,Pedestrian,1,,,,1,HARTFORD AV,LONGO,M. JENNETTE,311,14-Mar-08,"Two-Way , Not Divided",Dry,Daylight,Clear,Other,No,No Controls,2,1,Complains Of Pain,,,
5384,2008-00026407,12-Mar-08,11:10:00 PM,Bicycle,,1,,,1,East George Street,Ives Street,Iamarone,334,13-Mar-08,"Two-Way , Not Divided",Dry,Dark - Lighted,Clear,Head-On (Front - to - Front),No,Stop Signs,2,1,Complains Of Pain,2,,
5263,2008-00024646,08-Mar-08,1:34:00 AM,Pedestrian,1,,,,1,ATWELLS AVE.,CARLETON ST.,"SGT. P. ZIENOWICZ, PTLM. J. SIGILLO, T.CONNETTA",56/590,08-Mar-08,"Two-Way , Not Divided",Wet,Dark - Lighted,Rain,Head-On (Front - to - Front),"Yes, M/V and Driver Left Scene",No Controls,3,1,Fatal,2,,
5276,2008-00024838,08-Mar-08,6:21:00 AM,Pedestrian,1,,,,1,Atwells Avenue,DePasquale Avenue,Rudolph,512,08-Mar-08,"Two-Way, Divided, Unprotected (painted>4feet) Medium",Wet,Dark - Lighted,Rain,Other,"Yes, M/V and Driver Left Scene",Traffic Control Signal,4,1,Complains Of Pain,2,,
5293,2008-00023691,05-Mar-08,4:56:00 PM,Pedestrian,1,,,,1,BROADWAY AVE,KNIGHT ST,KUSOL PEA,174,09-Mar-08,"Two-Way , Not Divided",Dry,Daylight,Clear,Other,No,No Controls,2,1,Complains Of Pain,,,
5186,2008-00023365,04-Mar-08,7:00:00 AM,Pedestrian,1,,,,1,PITMAN STREET,GANO STREET,"GRENNAN, JAMES M.",332,04-Mar-08,"Two-Way , Not Divided",Wet,Dark - Lighted,Rain,Other,No,Traffic Control Signal,2,1,Complains Of Pain,2,,
5235,2008-00023331,04-Mar-08,5:56:00 PM,Pedestrian,1,,,,1,BRIDGHAM STREET,DODGE STREET,PTLM. MENA-TORRES,493,06-Mar-08,"Two-Way , Not Divided",Dry,Dark - Lighted,Clear,Other,No,No Controls,2,1,Complains Of Pain,,,
5092,2008-00021704,29-Feb-08,2:03:00 PM,Pedestrian,1,,,,1,165 Angell St,Thayer St,Richard A Mills Sr,424,01-Mar-08,One-Way Trafficway,Dry,Daylight,Clear,Other,No,No Controls,8,0,No Injury,1,,
4953,2008-00019928,23-Feb-08,10:26:00 PM,Pedestrian,1,,,,1,Smith St.,State St.,Ptlm. Camardo,515,23-Feb-08,"Two-Way, Divided, Unprotected (painted>4feet) Medium",Wet,Dark - Lighted,Clear,Not a Collision Between Two Motor Vehicles in Transport,No,Traffic Control Signal,2,1,Complains Of Pain,2,,
4884,2008-00019047,21-Feb-08,12:45:00 PM,Bicycle,1,,,,1,Hamilton Street,Potters Avenue,D.Edmonds,550,21-Feb-08,"Two-Way , Not Divided",Dry,Daylight,Clear,Head-On (Front - to - Front),"Yes, M/V and Driver Left Scene",No Controls,2,1,Incapacitating,2,,
4897,2008-00019121,21-Feb-08,3:41:00 PM,Pedestrian,2,,,,1,Academy,,Ptlm. J. Andrew,313,21-Feb-08,Unknown,Dry,Daylight,Clear,Other,"Yes, M/V and Driver Left Scene",No Controls,3,1,Complains Of Pain,,,
4863,2008-00018765,20-Feb-08,4:13:00 PM,Pedestrian,1,,,,1,39 MANTON AVENUE,DELAINE STREET,FORLINI,343,20-Feb-08,"Two-Way , Not Divided",Dry,Daylight,Clear,Other,"Yes, M/V and Driver Left Scene",No Controls,1,1,Complains Of Pain,2,,
4846,2008-00018461,19-Feb-08,7:18:00 AM,Pedestrian,1,,,,1,Plain Street,Willard Ave,James Annis,454,19-Feb-08,"Two-Way , Not Divided",Dry,Dark - Lighted,Clear,Other,No,Stop Signs,2,1,Complains Of Pain,2,,
4898,2008-00017051,15-Feb-08,9:48:00 PM,Pedestrian,1,,,,1,Oxford Street,Broad Street,Joseph Hanley III,345,21-Feb-08,"Two-Way , Not Divided",Dry,Daylight,Clear,"Sideswipe, Same Direction",No,No Controls,4,1,Incapacitating,2,,
4734,2008-00016520,14-Feb-08,4:01:00 AM,Pedestrian,1,,,,1,Plainfield,Whittier Ave,Mulligan,589,14-Feb-08,"Two-Way , Not Divided",Dry,Daylight,Clear,Angle (Front - to - Side) Same Direction,No,No Controls,2,1,Complains Of Pain,2,,
4688,2008-00015701,12-Feb-08,12:59:00 PM,Pedestrian,1,,,,1,ELMWOOD   AVE,LENOX AVE,A DASILVA,628,12-Feb-08,"Two-Way , Not Divided",Dry,Daylight,Clear,Other,"Yes, M/V and Driver Left Scene",No Controls,2,1,Complains Of Pain,2,,
4658,2008-00014852,09-Feb-08,10:03:00 PM,Bicycle,,1,,,1,ANGELL ST,BROWN ST.,FAUSTO G. GARCIA,109,10-Feb-08,One-Way Trafficway,Wet,Dark - Lighted,"Sleet, Hail (Freezing Rain or Drizzle)",Other,No,Stop Signs,3,1,Non-Incapacitating,2,,
4436,2008-00011680,01-Feb-08,10:22:00 AM,Pedestrian,1,,,,1,RIVER AV,CHALKSTONE AV,COOK,280,01-Feb-08,"Two-Way , Not Divided",Dry,Daylight,Cloudy,"Sideswipe, Same Direction",No,No Controls,3,1,Complains Of Pain,2,,
4450,2008-00011761,01-Feb-08,3:23:00 PM,Pedestrian,1,,,,1,Atwells ave,Sears ave,William Brown,513 ,01-Feb-08,"Two-Way , Not Divided",Wet,Daylight,Rain,"Sideswipe, Same Direction",No,No Controls,7,1,Complains Of Pain,2,,
4366,2008-00010153,28-Jan-08,6:26:00 AM,Pedestrian,1,,,,1,Eddy Street,Blackstone Street,Ptlm. Bass,312,28-Jan-08,"Two-Way , Not Divided",Ice/Frost,Dawn,Cloudy,Head-On (Front - to - Front),No,No Controls,3,1,Complains Of Pain,2,,
4297,2008-00009267,25-Jan-08,5:59:00 PM,Pedestrian,2,,,,1,CANAL ST,SMITH ST,JOHN BENROS,481,25-Jan-08,"Two-Way , Not Divided",Dry,Dark - Unknown Lighting,Clear,Other,No,Traffic Control Signal,3,0,No Injury,,,
4258,2008-00008719,24-Jan-08,8:13:00 AM,Pedestrian,1,,,,1,Hartford Ave ,Laurel Hill Ave,Ptlm. Danilo Adoptante,636,24-Jan-08,"Two-Way, Divided, Unprotected (painted>4feet) Medium",Dry,Daylight,Clear,Other,No,Stop Signs,3,1,Complains Of Pain,,,
4267,2008-00008712,24-Jan-08,7:38:00 AM,Pedestrian,1,,,,1,MOUNT PLEASANT AVE,ACADEMY AVE,ROCCHIO,169,24-Jan-08,"Two-Way , Not Divided",Dry,Daylight,Clear,Other,"Yes, M/V and Driver Left Scene",Traffic Control Signal,1,1,Non-Incapacitating,2,,
4305,2008-00008776,24-Jan-08,12:01:00 PM,Other,,1,,,1,Eddy St.,Briggs St.,S Sousa,464,26-Jan-08,"Two-Way , Not Divided",Dry,Daylight,Clear,Unknown,"Yes, M/V and Driver Left Scene",No Controls,2,1,Incapacitating,2,,
4232,2008-00008098,22-Jan-08,1:49:00 PM,Pedestrian,1,,,,1,1 Thomas Onley Common,,N KEMBLE,364,23-Jan-08,"Two-Way , Not Divided",Dry,Daylight,Cloudy,Other,No,No Controls,2,1,Complains Of Pain,,,
4207,2008-00007865,21-Jan-08,6:46:00 AM,Pedestrian,1,,,,1,242 AMHERST STREET,HYAT STREET,FORLINI,343,21-Jan-08,"Two-Way , Not Divided",Dry,Dark - Lighted,Clear,Angle (Front - to - Side) Right Angle (Includes Broadside),No,No Controls,2,1,Complains Of Pain,2,,
4158,2008-00006621,18-Jan-08,2:15:00 PM,Pedestrian,1,,,,1,Whitehall Street,Union Ave,Ptlm. Francisco J. Furtado,635,18-Jan-08,"Two-Way , Not Divided",Wet,Daylight,Clear,Other,No,No Controls,4,1,Complains Of Pain,,,
4161,2008-00006711,18-Jan-08,5:23:00 PM,Pedestrian,1,,,,1,1 WEST EXCHANGE,SABIN ST,MAXWELL DORLEY,384,18-Jan-08,"Two-Way , Not Divided",Dry,Dark - Lighted,Clear,Other,No,No Controls,3,1,Complains Of Pain,2,,
4126,2008-00006086,17-Jan-08,7:04:00 AM,Pedestrian,1,,,,1,River Ave,Admiral Street,R.King,633,17-Jan-08,"Two-Way , Not Divided",Dry,Daylight,Clear,Head-On (Front - to - Front),No,Traffic Control Signal,2,1,Complains Of Pain,2,,
4109,2008-00005702,16-Jan-08,1:01:00 AM,Pedestrian,1,,,,1,WASHINGTON ST,EMPIRE ST,MATSUMOTO,348,16-Jan-08,"Two-Way, Divided, Unprotected (painted>4feet) Medium",Dry,Dark - Lighted,Clear,Other,"Yes, M/V and Driver Left Scene",Traffic Control Signal,1,1,Complains Of Pain,2,,
4099,2008-00005582,15-Jan-08,7:00:00 PM,Bicycle,,1,,,1,CANDACE,DOUGLAS AVE,D STEELE,175,15-Jan-08,"Two-Way , Not Divided",Wet,Dark - Lighted,Snow,Angle - Direction Not Specified,No,Stop Signs,4,0,No Injury,2,,
4041,2008-00004067,11-Jan-08,5:11:00 PM,Pedestrian,1,,,,1,MEMORIAL BLVD.,FRANCIS ST,PAOLO,395,11-Jan-08,"Two-Way, Divided, Positive Median Barrier",Wet,Dark - Lighted,Cloudy,Other,No,Traffic Control Signal,4,1,Incapacitating,6,,
3984,2008-00002960,08-Jan-08,5:09:00 AM,Bicycle,,1,,,1,130 Broadway,Bradford Street,Ptlm. Chin,516,08-Jan-08,"Two-Way , Not Divided",Wet,Dark - Lighted,Clear,Angle (Front - to - Side) Same Direction,No,No Controls,2,0,No Injury,2,,
3967,2008-00002606,07-Jan-08,5:37:00 PM,Pedestrian,1,,,,1,745 Branch Ave,Vandewater St,Henderson,148,07-Jan-08,"Two-Way , Not Divided",Wet,Dark - Lighted,Clear,Other,No,No Controls,3,1,Complains Of Pain,2,,
3937,2008-00002082,06-Jan-08,8:30:00 AM,Pedestrian,1,,,,1,1222 SMITH STREET,,ROCCHIO,169,06-Jan-08,Unknown,Dry,Daylight,Clear,Other,"Yes, M/V and Driver Left Scene",No Controls,2,1,Complains Of Pain,2,,
3890,2008-00000690,02-Jan-08,6:21:00 AM,Pedestrian,1,,,,1,PLAINFIELD,WEBSTER,M. JENNETTE,311,03-Jan-08,"Two-Way , Not Divided",Dry,Dark - Lighted,Clear,Other,No,Traffic Control Signal,2,1,Incapacitating,2,,
3932,2008-00000720,02-Jan-08,7:20:00 AM,Bicycle,,1,,,1,Charles ST,SILVER SPRING ST,PTLM. SAGE,353,06-Jan-08,"Two-Way, Divided, Unprotected (painted>4feet) Medium",Dry,Dark - Lighted,Clear,Rear End(Front-to-Rear),"Yes, M/V and Driver Left Scene",Traffic Control Signal,2,0,No Injury,2,,
3788,2007-00154231,28-Dec-07,9:24:00 PM,Pedestrian,2,,,,1,Francis Street,West Exchange Street,Hamlin,487,29-Dec-07,"Two-Way, Divided, Unprotected (painted>4feet) Medium",Wet,Dark - Lighted,Clear,Other,No,Traffic Control Signal,4,2,Incapacitating,5,,
3793,2007-00154293,28-Dec-07,11:45:00 AM,Pedestrian,1,,,,1,Union Street,Fountain Street,Alicia Hersperger,327,29-Dec-07,One-Way Trafficway,Wet,Dark - Lighted,Clear,Other,"Yes, M/V and Driver Left Scene",No Controls,2,0,No Injury,1,,
3709,2007-00152882,24-Dec-07,6:19:00 AM,Pedestrian,1,,,,1,Lenox Ave.,Broad St.,Ptlm. Anthony Doucette,475,24-Dec-07,Unknown,Slush,Dark - Not Lighted,Clear,Unknown,No,No Controls,2,1,Complains Of Pain,,,
3674,2007-00152372,23-Dec-07,3:48:00 AM,Pedestrian,1,,,,1,Canal Street,Smith Street,Patrolman Roland Reed,505,23-Dec-07,One-Way Trafficway,Dry,Dark - Not Lighted,Clear,Head-On (Front - to - Front),No,Traffic Control Signal,2,1,Incapacitating,2,,
3715,2007-00152172,22-Dec-07,5:48:00 AM,Pedestrian,1,,,,1,NORTH MAIN STREET,EDGEHILL ROAD,PTLM. A. LARANJO JR.,456,25-Dec-07,"Two-Way, Divided, Positive Median Barrier",Dry,Dark - Lighted,Clear,Other,No,Stop Signs,6,0,No Injury,4,,
3747,2007-00152087,22-Dec-07,2:31:00 PM,Bicycle,,1,,,1,NORTH MAIN STREET,FIFTH STREET,KAZANDJIAN,367,27-Dec-07,One-Way Trafficway,Dry,Daylight,Clear,Head-On (Front - to - Front),No,Stop Signs,2,1,Complains Of Pain,2,,
3637,2007-00151515,21-Dec-07,8:16:00 AM,Pedestrian,1,,,,1,calverley st,SMITH ST,M.IMONDI,409,21-Dec-07,"Two-Way , Not Divided",Slush,Daylight,Clear,Head-On (Front - to - Front),No,No Controls,3,1,Complains Of Pain,2,,
3530,2007-00150760,19-Dec-07,9:06:00 AM,Pedestrian,1,,,,1,BARROWS ST,PLAINFIELD ST,DADOPTANTE,#636,19-Dec-07,"Two-Way , Not Divided",Snow,Daylight,Clear,Other,No,No Controls,3,1,Complains Of Pain,,,
3515,2007-00150546,18-Dec-07,4:55:00 PM,Pedestrian,1,,,,1,230 Atwells Ave,Messenger Street,David Perez,181,18-Dec-07,"Two-Way , Not Divided",Snow,Daylight,Clear,Head-On (Front - to - Front),No,No Controls,2,1,Complains Of Pain,2,,
3391,2007-00149181,15-Dec-07,12:35:00 AM,Pedestrian,1,,,,1,Admiral Street,Durham Street,Esposito,320,15-Dec-07,"Two-Way , Not Divided",Ice/Frost,Dark - Lighted,Clear,Other,"Yes, M/V and Driver Left Scene",No Controls,2,1,Non-Incapacitating,2,,
3386,2007-00149017,14-Dec-07,4:53:00 PM,Pedestrian,1,,,,1,Valley Street,Broadway ,Rimoczy,177,14-Dec-07,"Two-Way , Not Divided",Slush,Daylight,Clear,Head-On (Front - to - Front),No,Traffic Control Signal,2,1,Complains Of Pain,,,
3316,2007-00148035,11-Dec-07,11:37:00 AM,Pedestrian,1,,,,1,Empire street,Fountain street,A Gonzalez,473,12-Dec-07,"Two-Way, Not Divided With a Continuous Left Turn Lane",Wet,Dark - Lighted,Rain,Not a Collision Between Two Motor Vehicles in Transport,No,No Controls,2,1,Complains Of Pain,,,
2934,2007-00142023,26-Nov-07,9:15:00 PM,Bicycle,,1,,,1,Fruit Hill Ave,Woonasquatucket Ave,Michael R. Troia,331,26-Nov-07,"Two-Way , Not Divided",Wet,Dark - Lighted,Rain,Head-On (Front - to - Front),No,No Controls,4,1,Incapacitating,2,,
2903,2007-00141712,25-Nov-07,8:50:00 PM,Pedestrian,1,,,,1,165 Atwells Ave.,Solar St.,Fausto G. Garcia,109,25-Nov-07,"Two-Way , Not Divided",Dry,Dark - Lighted,Clear,Other,No,No Controls,4,1,Non-Incapacitating,2,,
3037,2007-00141186,24-Nov-07,12:24:00 PM,Bicycle,,1,,,1,CHALKSTONE AVENUE,HAROLD STREET,ROCCHIO,169,24-Nov-07,"Two-Way , Not Divided",Dry,Daylight,Clear,Angle (Front - to - Side) Opposite Direction,No,No Controls,2,1,Complains Of Pain,2,,
2712,2007-00138526,16-Nov-07,4:26:00 PM,Pedestrian,1,,,,1,Silver Spring Street,Ledge Street,Christopher Kennedy,203,16-Nov-07,"Two-Way , Not Divided",Dry,Dark - Lighted,Clear,Angle (Front - to - Side) Same Direction,No,No Controls,3,1,Non-Incapacitating,2,,
2651,2007-00137650,14-Nov-07,7:53:00 AM,Pedestrian,1,,,,1,CHALKSTONE AVE,ACADEMY AVE,ROCCHIO,169,14-Nov-07,"Two-Way , Not Divided",Dry,Daylight,Clear,Not a Collision Between Two Motor Vehicles in Transport,No,Traffic Control Signal,5,1,Complains Of Pain,2,,
2654,2007-00137768,14-Nov-07,3:18:00 AM,Pedestrian,1,,,,1,65 Gordon Ave.,,Ptlm. Anthony Doucette,475,14-Nov-07,One-Way Trafficway,Dry,Daylight,Clear,Unknown,No,No Controls,3,1,Complains Of Pain,,,
2634,2007-00137460,13-Nov-07,5:27:00 PM,Bicycle,,,,,2,Canal St.,Park Row,Ptlm. J. Greeno,179,13-Nov-07,One-Way Trafficway,Dry,Dark - Lighted,Clear,"Sideswipe, Same Direction",No,No Controls,2,1,Complains Of Pain,2,,
2794,2007-00137401,13-Nov-07,3:27:00 AM,Pedestrian,1,,,,1,35 Manton Ave.,,Cute,308,20-Nov-07,"Two-Way , Not Divided",Dry,Daylight,Clear,Other,No,No Controls,3,1,Complains Of Pain,,,
2639,2007-00137162,12-Nov-07,9:48:00 PM,Pedestrian,1,,,,1,south main st,college st,J. Mignano,554,13-Nov-07,One-Way Trafficway,Dry,Dark - Lighted,Clear,Other,No,Traffic Control Signal,2,1,Complains Of Pain,,,
2577,2007-00136250,10-Nov-07,3:00:00 PM,Pedestrian,1,,,,1,fruit hill ave,Manton ave,W. Brown,513,10-Nov-07,Unknown,Dry,Daylight,Clear,Other,No,No Controls,2,1,Complains Of Pain,2,,
2580,2007-00136394,10-Nov-07,8:53:00 AM,Pedestrian,1,,,,1,Parade Street,Cranston Street,Ptlm Noel,600,10-Nov-07,One-Way Trafficway,Dry,Dark - Lighted,Clear,"Sideswipe, Same Direction","Yes, M/V and Driver Left Scene",No Controls,1,1,Complains Of Pain,1,,
2530,2007-00135521,08-Nov-07,5:28:00 PM,Pedestrian,1,,,,1,N. Main St,Park Row,Ptlm J. Lamboy,191,08-Nov-07,One-Way Trafficway,Dry,Dark - Lighted,Clear,Other,No,No Controls,3,1,Complains Of Pain,2,,
2509,2007-00135148,07-Nov-07,7:03:00 PM,Bicycle,,1,,,1,N. MAIN ST,CHARLES ST,JOHN BENROS,481,07-Nov-07,One-Way Trafficway,Dry,Dark - Lighted,Clear,Other,No,Stop Signs,2,1,Complains Of Pain,,,
2421,2007-00133449,03-Nov-07,7:04:00 AM,Pedestrian,1,,,,1,Eddy St,,M.Schlageter,472,04-Nov-07,"Two-Way , Not Divided",Dry,Dawn,Clear,Other,No,No Controls,2,1,Incapacitating,2,,
2344,2007-00132562,01-Nov-07,1:52:00 AM,Pedestrian,1,,,,1,Atwells Avenue,Depasquale Avenue,Craven,517,01-Nov-07,"Two-Way, Divided, Unprotected (painted>4feet) Medium",Dry,Dark - Lighted,Clear,Head-On (Front - to - Front),"Yes, M/V and Driver Left Scene",No Controls,6,1,Incapacitating,2,,
2353,2007-00132731,01-Nov-07,2:13:00 AM,Bicycle,1,,,,1,chalkstone av,CARLETON ST,ROSE,465,01-Nov-07,"Two-Way , Not Divided",Dry,Daylight,Clear,Angle (Front - to - Side) Same Direction,No,No Controls,3,1,Complains Of Pain,2,,