CrashReportId,ReportNumber,CrashDate,CrashTime,Collision Type,CountPedestrian,CountBicycle,Scooter,Wheel Chair,NumberofVehicles,StreetOrHighway,NearestIntersection,Officer,Badge,ReportDate,TypeOfRoadway,RoadSurfaceCondition,LightCondition,WeatherCondition,MannerofImpact,HitAndRun,TrafficControl,PersonCount,InjuryCount,MostSeriousInjury,NumberOfLanes,Latitude,Longitude
2342,2007-00132255,31-Oct-07,4:23:00 PM,Pedestrian,1,,,,1,Manton Ave.,,Cute,308,01-Nov-07,"Two-Way , Not Divided",Dry,Daylight,Clear,Not a Collision Between Two Motor Vehicles in Transport,"Yes, M/V and Driver Left Scene",No Controls,1,1,Complains Of Pain,,,
2310,2007-00131895,30-Oct-07,5:39:00 PM,Pedestrian,1,,,,1,Fulton,Dorrance,Froncillo,163,30-Oct-07,"Two-Way, Divided, Positive Median Barrier",Dry,Daylight,Clear,"Sideswipe, Same Direction",No,No Controls,6,1,Complains Of Pain,3,,
2278,2007-00130874,28-Oct-07,2:24:00 AM,Pedestrian,1,,,,1,Washington street,Clements Alley ,Figueiredo,16,29-Oct-07,"Two-Way , Not Divided",Dry,Dark - Lighted,Clear,Head-On (Front - to - Front),No,No Controls,4,1,Incapacitating,2,,
2219,2007-00130439,27-Oct-07,1:38:00 AM,Pedestrian,1,,,,1,39 Carrington St.,Camp St.,Ptlm. F. DeAngelis,154,27-Oct-07,"Two-Way , Not Divided",Wet,Dark - Lighted,Rain,Head-On (Front - to - Front),"Yes, M/V and Driver Left Scene",No Controls,6,1,Complains Of Pain,2,,
2233,2007-00130623,27-Oct-07,4:12:00 PM,Bicycle,,1,,,1,WASHINGTON ST,EMPIRE ST,PAOLO,395,27-Oct-07,"Two-Way , Not Divided",Wet,Daylight,Rain,Angle (Front - to - Side) Opposite Direction,"Yes, M/V and Driver Left Scene",Traffic Control Signal,3,1,Complains Of Pain,2,,
2234,2007-00130614,27-Oct-07,3:49:00 AM,Bicycle,,1,,,1,NORTH MAIN ST,FROST ST,MORGAN,558,27-Oct-07,One-Way Trafficway,Wet,Dusk,Clear,Angle (Front - to - Side) Right Angle (Includes Broadside),No,Traffic Control Signal,5,1,Complains Of Pain,4,,
2346,2007-00130126,26-Oct-07,1:56:00 AM,Bicycle,,1,,,1,EDDY STREET,CRARY STREET,"SOARES, RODERICK C.",399,01-Nov-07,"Two-Way , Not Divided",Dry,Daylight,Clear,Head-On (Front - to - Front),No,No Controls,3,1,Complains Of Pain,2,,
2165,2007-00129606,25-Oct-07,8:49:00 AM,Bicycle,,1,,,1,Valley street,Delaine,Michael Long,608,25-Oct-07,"Two-Way , Not Divided",Wet,Dawn,Rain,Other,Unknown,Traffic Control Signal,2,1,Complains Of Pain,2,,
2173,2007-00129722,25-Oct-07,3:08:00 PM,Pedestrian,1,,,,1,Green Street,Washinbton Street,Deschamps,419,25-Oct-07,One-Way Trafficway,Dry,Daylight,Clear,Head-On (Front - to - Front),"Yes, M/V and Driver Left Scene",No Controls,1,1,Complains Of Pain,,,
2102,2007-00128502,22-Oct-07,3:21:00 AM,Pedestrian,1,,,,1,Magnolia St,Bancroft St,Mulligan,589,22-Oct-07,"Two-Way , Not Divided",Dry,Daylight,Clear,Head-On (Front - to - Front),"Yes, M/V and Driver Left Scene",Stop Signs,1,1,Complains Of Pain,2,,
2106,2007-00128551,22-Oct-07,4:47:00 PM,Pedestrian,1,,,,1,Douglas Av,Eaton St,tmichael,372,22-Oct-07,"Two-Way , Not Divided",Dry,Dawn,Clear,Not a Collision Between Two Motor Vehicles in Transport,"Yes, M/V and Driver Left Scene",No Controls,2,1,Complains Of Pain,,,
2108,2007-00128564,22-Oct-07,5:18:00 PM,Pedestrian,1,,,,1,Douglass,Crimea,Ptlm. Dyer,180,22-Oct-07,"Two-Way , Not Divided",Dry,Daylight,Clear,Other,No,No Controls,2,1,Complains Of Pain,,,
2111,2007-00128481,22-Oct-07,3:03:00 PM,Pedestrian,1,,,,1,Atwells Ave,Valley St,Bento,329,22-Oct-07,"Two-Way, Divided, Unprotected (painted>4feet) Medium",Dry,Daylight,Clear,Other,No,No Controls,2,1,Complains Of Pain,,,
2050,2007-00127350,20-Oct-07,1:45:00 AM,Pedestrian,1,,,,1,342 Atwells,,Mark DeCecco,407,20-Oct-07,"Two-Way , Not Divided",Wet,Dark - Lighted,Rain,Head-On (Front - to - Front),No,No Controls,3,1,Complains Of Pain,2,,
2012,2007-00126968,19-Oct-07,8:40:00 AM,Pedestrian,1,,,,1,ADMIRAL ST,RIVER AVE,M.IMONDI,409,19-Oct-07,"Two-Way , Not Divided",Wet,Daylight,Rain,Other,No,No Controls,3,1,Complains Of Pain,2,,
2020,2007-00126966,19-Oct-07,8:30:00 AM,Bicycle,,1,,,1,CANAL ST,PARK ROW,SARKISIAN,569,19-Oct-07,One-Way Trafficway,Wet,Daylight,Cloudy,Other,No,No Controls,4,1,Incapacitating,3,,
2041,2007-00127217,19-Oct-07,8:00:00 PM,Pedestrian,1,,,,1,Broad Street,Dartmouth Street,Joseph Hanley III,345,19-Oct-07,"Two-Way , Not Divided",Wet,Dark - Lighted,Rain,Head-On (Front - to - Front),No,No Controls,3,1,Incapacitating,2,,
2006,2007-00126726,18-Oct-07,6:17:00 PM,Pedestrian,1,,,,1,Parking Lot,,Ptlm. Michael Pattie,316,18-Oct-07,"Two-Way , Not Divided",Dry,Dark - Lighted,Clear,Other,No,No Controls,2,1,Complains Of Pain,,,
2007,2007-00126862,18-Oct-07,11:44:00 PM,Bicycle,,1,,,1,Angell St,,Ptlm. Thiago J. Gomes,532,19-Oct-07,One-Way Trafficway,Dry,Dark - Lighted,Clear,"Sidwswipe, Opposite Direction",No,No Controls,4,1,Complains Of Pain,2,,
2011,2007-00126547,18-Oct-07,11:07:00 AM,Bicycle,,1,,,1,CHALKSTONE AVE,HAROLD STREET,ANDY FROLICH,673,19-Oct-07,"Two-Way , Not Divided",Dry,Daylight,Clear,Head-On (Front - to - Front),"Yes, Driver Left Scene",Stop Signs,2,0,Unknown,,,
2005,2007-00126274,17-Oct-07,6:04:00 PM,Pedestrian,1,,,,1,ATWELLS AVENUE,DEPASQUALE STREET,KUSOL PEA,174,18-Oct-07,"Two-Way , Not Divided",Dry,Daylight,Clear,"Sideswipe, Same Direction",No,No Controls,2,1,Non-Incapacitating,2,,
1947,2007-00125882,16-Oct-07,4:17:00 AM,Bicycle,1,,,,1,Cranston Street,Brigham Street,Ptlm. E. Chin,516,16-Oct-07,"Two-Way , Not Divided",Dry,Daylight,Clear,"Sideswipe, Same Direction",No,No Controls,2,0,No Injury,2,,
1990,2007-00125412,15-Oct-07,2:05:00 AM,Pedestrian,1,,,,1,Vandewater  Street,Cornwall Street,R.King,633,18-Oct-07,"Two-Way , Not Divided",Dry,Daylight,Clear,Head-On (Front - to - Front),No,No Controls,2,1,Complains Of Pain,2,,
2499,2007-00125123,14-Oct-07,5:03:00 PM,Pedestrian,1,,,,1,Memorial Boulevard,Exchange Street,Patrolman David Tejada,438,07-Nov-07,"Two-Way, Divided, Positive Median Barrier",Dry,Dusk,Clear,Other,No,Traffic Control Signal,3,0,No Injury,,,
1863,2007-00124115,12-Oct-07,10:28:00 AM,Pedestrian,1,,,,1,2 Dudley Street,,Deschamps,419,12-Oct-07,One-Way Trafficway,Dry,Daylight,Clear,Rear End(Front-to-Rear),No,No Controls,2,1,Complains Of Pain,,,
1870,2007-00124239,12-Oct-07,3:58:00 AM,Pedestrian,1,,,,1,226 Public Street,Temple Street,Ptlm Charles Vieira,363,12-Oct-07,"Two-Way, Divided, Unprotected (painted>4feet) Medium",Dry,Daylight,Clear,Not a Collision Between Two Motor Vehicles in Transport,No,No Controls,3,0,No Injury,2,,
1802,2007-00123319,10-Oct-07,8:31:00 AM,Pedestrian,1,,,,1,SABIN STREET,,SAN ANTONIO/G,604,10-Oct-07,One-Way Trafficway,Wet,Daylight,Rain,Other,No,No Controls,2,1,Complains Of Pain,2,,
1807,2007-00123337,10-Oct-07,9:44:00 AM,Pedestrian,1,,,,1,ONE ORMS STREET,,PTLM. A. LARANJO JR.,456,10-Oct-07,"Two-Way , Not Divided",Wet,Daylight,Rain,Other,No,No Controls,4,1,Complains Of Pain,,,
1819,2007-00123538,10-Oct-07,7:05:00 PM,Pedestrian,1,,,,1,Smith Street,Gentian Avenue,Ptlm. Mendez,321,10-Oct-07,"Two-Way , Not Divided",Dry,Dark - Lighted,Clear,Not a Collision Between Two Motor Vehicles in Transport,No,No Controls,3,1,Non-Incapacitating,2,,
2224,2007-00123398,10-Oct-07,12:58:00 PM,Bicycle,,1,,,1,ALLENS AVE,THURBERS AVE,M.SCHLAGETER,472,27-Oct-07,"Two-Way , Not Divided",Dry,Daylight,Clear,Other,No,Traffic Control Signal,5,2,Incapacitating,4,,
1787,2007-00122972,09-Oct-07,11:30:00 AM,Pedestrian,1,,,,1,Reservoir Ave,Narragansett Ave,De Castro,591,09-Oct-07,"Two-Way , Not Divided",Dry,Daylight,Clear,Unknown,No,Traffic Control Signal,3,1,Complains Of Pain,1,,
1844,2007-00122074,07-Oct-07,2:27:00 AM,Pedestrian,1,,,,1,friendship,garnett,Tara DaSilva,396,11-Oct-07,Unknown,Dry,Dark - Lighted,Clear,Other,No,No Controls,2,1,Complains Of Pain,,,
1733,2007-00121854,06-Oct-07,8:10:00 PM,Pedestrian,1,,,,1,890 Douglas Av,River Av,TMICHAEL,372,06-Oct-07,"Two-Way , Not Divided",Dry,Dark - Not Lighted,Clear,Other,No,No Controls,4,1,Complains Of Pain,2,,
1681,2007-00120923,05-Oct-07,11:03:00 PM,Pedestrian,1,,,,1,18 bridge st ,south main st.,rbraddock,478,05-Oct-07,One-Way Trafficway,Dry,Dark - Lighted,Clear,Head-On (Front - to - Front),No,Traffic Control Signal,4,2,Incapacitating,2,,
1698,2007-00121187,05-Oct-07,3:49:00 AM,Pedestrian,1,,,,1,Union Ave,Webster Ave,Mulligan,589,05-Oct-07,"Two-Way , Not Divided",Dry,Daylight,Clear,Head-On (Front - to - Front),No,Traffic Control Signal,2,1,Non-Incapacitating,2,,
1701,2007-00121162,05-Oct-07,3:08:00 PM,Pedestrian,1,,,,1,Ontario Street,Niagara Street,Joseph Hanley,345,05-Oct-07,"Two-Way , Not Divided",Dry,Daylight,Clear,Other,"Yes, M/V and Driver Left Scene",Stop Signs,2,1,Complains Of Pain,2,,
1775,2007-00120962,05-Oct-07,12:42:00 AM,Bicycle,,,,,2,Brook Street,Transit Street,Iamarone,334,08-Oct-07,"Two-Way , Not Divided",Dry,Dark - Lighted,Clear,Other,No,No Controls,2,1,Complains Of Pain,2,,
1907,2007-00124361,05-Oct-07,9:32:00 AM,Pedestrian,1,,,,1,150 POWER STREET,,"GRENNAN, JAMES M",332,14-Oct-07,"Two-Way , Not Divided",Dry,Dark - Lighted,Cloudy,Other,No,No Controls,3,1,Non-Incapacitating,2,,
1676,2007-00120862,04-Oct-07,7:49:00 PM,Pedestrian,1,,,,1,Steeple Street,North Main Street,Piccirillo,302,04-Oct-07,One-Way Trafficway,Dry,Dark - Not Lighted,Clear,Other,No,Traffic Control Signal,3,1,Complains Of Pain,2,,
1640,2007-00120271,03-Oct-07,1:32:00 AM,Bicycle,,1,,,1,whipple St,Admril St,Ptlm Lafazia,394,03-Oct-07,"Two-Way , Not Divided",Dry,Daylight,Clear,Angle (Front - to - Side) Right Angle (Includes Broadside),No,Traffic Control Signal,2,0,No Injury,,,
1616,2007-00119820,02-Oct-07,12:59:00 PM,Pedestrian,1,,,,1,275 WESTMINSTER STREET,CLEMENCE STREET,SAN ANTONIO/G,604,02-Oct-07,One-Way Trafficway,Dry,Daylight,Clear,Other,No,No Controls,3,1,Complains Of Pain,1,,
1580,2007-00119322,01-Oct-07,9:01:00 AM,Pedestrian,1,,,,1,Eaton st.,Smith,M.Brothers,420,01-Oct-07,"Two-Way , Not Divided",Dry,Daylight,Clear,Head-On (Front - to - Front),No,Stop Signs,3,1,Complains Of Pain,,,
1605,2007-00119552,01-Oct-07,7:21:00 PM,Pedestrian,1,,,,1,Admiral St.,East Dr.,PTLM. STEPHEN FRECHETTE,362,01-Oct-07,"Two-Way , Not Divided",Dry,Dark - Lighted,Clear,Head-On (Front - to - Front),No,No Controls,3,1,Non-Incapacitating,2,,
1542,2007-00118911,30-Sep-07,2:18:00 AM,Pedestrian,1,,,,1,1070 North Main St,,Jason Bibeault,344,30-Sep-07,"Two-Way, Divided, Positive Median Barrier",Dry,Dark - Lighted,Clear,Angle (Front - to - Side) Same Direction,"Yes, M/V and Driver Left Scene",No Controls,1,0,Unknown,4,,
1523,2007-00118546,29-Sep-07,2:07:00 PM,Pedestrian,1,,,,1,DOUGLAS AV,SUFFOLK ST,J  REPOSA,686,29-Sep-07,"Two-Way , Not Divided",Dry,Daylight,Clear,Other,No,No Controls,2,1,Complains Of Pain,2,,
1531,2007-00118577,29-Sep-07,3:24:00 AM,Bicycle,1,,,,1,Niargra Street,Early Street,K Costa,431,29-Sep-07,"Two-Way , Not Divided",Dry,Daylight,Clear,Head-On (Front - to - Front),No,Stop Signs,2,0,No Injury,2,,
1502,2007-00117902,28-Sep-07,7:50:00 AM,Pedestrian,1,,,,1,MT. PLEASANT AV,YALE AV,COOK,280,28-Sep-07,"Two-Way , Not Divided",Dry,Daylight,Clear,Head-On (Front - to - Front),No,No Controls,3,1,Non-Incapacitating,2,,
1603,2007-00117735,27-Sep-07,8:56:00 AM,Pedestrian,1,,,,1,Amsterdam St.,,Cute,308,01-Oct-07,"Two-Way , Not Divided",Dry,Dark - Lighted,Clear,Other,"Yes, M/V and Driver Left Scene",No Controls,1,1,Complains Of Pain,2,,
1400,2007-00116253,24-Sep-07,4:35:00 PM,Bicycle,,1,,,1,ROUTE 10 EAST,DEAN ST,MATSUMOTO,348,24-Sep-07,One-Way Trafficway,Dry,Daylight,Clear,Head-On (Front - to - Front),No,Yield Signs,2,1,Incapacitating,1,,
1394,2007-00115560,23-Sep-07,1:03:00 AM,Pedestrian,1,,,,1,Dorrance Street,Fulton Street,Michael R. Troia,331,24-Sep-07,One-Way Trafficway,Dry,Dark - Lighted,Clear,Head-On (Front - to - Front),"Yes, M/V and Driver Left Scene",Traffic Control Signal,3,1,Complains Of Pain,2,,
1331,2007-00114325,20-Sep-07,6:06:00 PM,Pedestrian,1,,,,1,memorial blvd,STEEPLE,PAOLO,395,21-Sep-07,"Two-Way, Divided, Positive Median Barrier",Dry,Dusk,Clear,Head-On (Front - to - Front),No,Traffic Control Signal,2,1,Incapacitating,4,,
1350,2007-00114203,20-Sep-07,12:23:00 PM,Pedestrian,1,,,,1,PEACE,ELMWOOD AVENUE,"SOARES, RODERICK C.",399,22-Sep-07,"Two-Way , Not Divided",Dry,Daylight,Clear,"Sideswipe, Same Direction",No,No Controls,5,1,Complains Of Pain,2,,
1280,2007-00113818,19-Sep-07,2:00:00 PM,Pedestrian,1,,,,1,649 NORTH MAIN ST,,BAEZ JR/ FROLICH,687,19-Sep-07,"Two-Way, Divided, Positive Median Barrier",Dry,Daylight,Clear,Head-On (Front - to - Front),No,No Controls,8,1,Complains Of Pain,4,,
1290,2007-00113968,19-Sep-07,7:21:00 PM,Pedestrian,1,,,,1,Chalkstone Ave,,Ptlm. J. Andrew,313,19-Sep-07,"Two-Way , Not Divided",Dry,Dark - Lighted,Clear,Other,No,Pavement Markings,2,1,Incapacitating,2,,
1249,2007-00113340,18-Sep-07,9:18:00 AM,Bicycle,,1,,,1,Broad St.,Green St.,R. Zabinski,436,18-Sep-07,"Two-Way , Not Divided",Dry,Daylight,Clear,Other,Unknown,No Controls,2,0,No Injury,2,,
1259,2007-00113491,18-Sep-07,4:48:00 PM,Pedestrian,1,,,,1,Washington St, Dorrance St,K. DeMarco,176,18-Sep-07,"Two-Way, Divided, Unprotected (painted>4feet) Medium",Dry,Daylight,Clear,Head-On (Front - to - Front),No,Traffic Control Signal,4,1,Complains Of Pain,2,,
1362,2007-00113234,17-Sep-07,9:32:00 PM,Bicycle,,,,,2,Angell,Benefit ,Rudd,337,22-Sep-07,One-Way Trafficway,Dry,Dark - Lighted,Clear,Angle - Direction Not Specified,No,Traffic Control Signal,4,1,Complains Of Pain,2,,
1206,2007-00112630,16-Sep-07,10:02:00 AM,Bicycle,,1,,,1,HOPE ST ,HART ST ,BAEZ ,687,16-Sep-07,"Two-Way , Not Divided",Dry,Daylight,Clear,Angle (Front - to - Side) Same Direction,No,Stop Signs,3,1,Complains Of Pain,2,,
1202,2007-00112429,15-Sep-07,11:16:00 PM,Pedestrian,1,,,,1,Atwells Avenue,messenger Street,Ibrahim Yousif,196,15-Sep-07,"Two-Way, Divided, Unprotected (painted>4feet) Medium",Dry,Dark - Lighted,Clear,Other,"Yes, M/V and Driver Left Scene",Traffic Control Signal,2,1,Complains Of Pain,2,,
1170,2007-00111586,14-Sep-07,9:17:00 AM,Pedestrian,1,,,,1,HOPE ST,SIXTH ST,PTLM. KENNETH PENZA/PTLM. THOMAS CONNETTA,534,14-Sep-07,"Two-Way , Not Divided",Dry,Daylight,Clear,Angle (Front - to - Side) Same Direction,No,Stop Signs,4,1,Incapacitating,2,,
1164,2007-00111338,13-Sep-07,7:03:00 PM,Bicycle,,1,,,1,HAROLD ST,AURORA ST,PTLM. STEPHEN FRECHETTE,362,14-Sep-07,"Two-Way , Not Divided",Dry,Daylight,Clear,Angle (Front - to - Side) Right Angle (Includes Broadside),No,Stop Signs,3,0,No Injury,2,,
1036,2007-00109672,09-Sep-07,2:02:00 PM,Pedestrian,2,,,,1,BUCKLIN ST,HANOVER ST,PTLM. CONNETTA/PTLM. PENZA,374,09-Sep-07,"Two-Way , Not Divided",Dry,Daylight,Cloudy,Head-On (Front - to - Front),"Yes, Driver Left Scene",Stop Signs,4,2,Fatal,2,,
952,2007-00107831,05-Sep-07,8:13:00 PM,Bicycle,,1,,,1,BROWN STREET,BENEVOLENT STREET,R.CARACCIA,360,05-Sep-07,"Two-Way , Not Divided",Dry,Dark - Not Lighted,Clear,Angle (Front - to - Side) Right Angle (Includes Broadside),No,No Controls,3,0,No Injury,2,,
883,2007-00106899,03-Sep-07,8:05:00 PM,Pedestrian,1,1,,,1,Exchange St.,Finance Way,Michael Camardo,515,03-Sep-07,One-Way Trafficway,Dry,Dark - Lighted,Clear,Angle (Front - to - Side) Opposite Direction,No,No Controls,3,1,Complains Of Pain,1,,
881,2007-00106376,02-Sep-07,5:56:00 PM,Bicycle,,1,,,1,River Ave,Moorland Ave,Ptlm. Jason Andrew,313,03-Sep-07,"Two-Way , Not Divided",Dry,Daylight,Clear,Other,"Yes, M/V and Driver Left Scene",Stop Signs,4,1,Incapacitating,2,,
797,2007-00105148,31-Aug-07,8:33:00 AM,Bicycle,,1,,,1,CHALKSTONE AVENUE,ROSEBANK STREET,P. ROCCHIO,169,31-Aug-07,"Two-Way , Not Divided",Dry,Daylight,Clear,Angle (Front - to - Side) Same Direction,No,No Controls,4,1,Incapacitating,2,,
804,2007-00105197,31-Aug-07,11:39:00 AM,Bicycle,,1,,,1,181 Ortoleva Drive,Chalkstone Avenue,R. Kessler,108,31-Aug-07,"Two-Way , Not Divided",Dry,Daylight,Clear,Angle (Front - to - Side) Opposite Direction,No,No Controls,4,1,Non-Incapacitating,,,
885,2007-00105024,30-Aug-07,10:50:00 PM,Bicycle,,1,,,1,Service Rd #8,Atwells Ave,Michael Camardo,515,03-Sep-07,"Two-Way , Not Divided",Dry,Dark - Lighted,Clear,Angle (Front - to - Side) Right Angle (Includes Broadside),No,Traffic Control Signal,2,0,No Injury,2,,
737,2007-00109881,28-Aug-07,12:24:00 PM,Bicycle,,1,,,1,EDDY ST,BYFIELD ST.,PTLM. STUART CARLSON,657,28-Aug-07,"Two-Way , Not Divided",Dry,Daylight,Clear,Angle - Direction Not Specified,No,Traffic Control Signal,3,1,Complains Of Pain,2,,
750,2007-00103484,28-Aug-07,3:17:00 PM,Bicycle,,1,,,1,217 Webster Ave,,Bento,329,28-Aug-07,"Two-Way , Not Divided",Dry,Daylight,Clear,Other,No,Stop Signs,2,1,Complains Of Pain,,,
751,2007-00103989,28-Aug-07,5:05:00 PM,Bicycle,,1,,,1,Chalkstone Ave,Imera Ave,Michael R. Troia,331,29-Aug-07,"Two-Way , Not Divided",Dry,Daylight,Clear,Head-On (Front - to - Front),No,No Controls,2,1,Non-Incapacitating,2,,
735,2007-00103456,27-Aug-07,1:37:00 AM,Bicycle,,1,,,1,ELMWOOD AVE,ADELAIDE,"SOARES, RODERICK C.",399,28-Aug-07,"Two-Way, Divided, Positive Median Barrier",Dry,Daylight,Clear,Angle (Front - to - Side) Right Angle (Includes Broadside),No,Traffic Control Signal,3,1,Complains Of Pain,4,,
642,2007-00101702,23-Aug-07,8:34:00 AM,Bicycle,,1,,,1,Bridgham St,Cranston St,Pryde,310,23-Aug-07,"Two-Way , Not Divided",Dry,Dusk,Clear,Unknown,"Yes, M/V and Driver Left Scene",Traffic Control Signal,1,1,Complains Of Pain,2,,
575,2007-00100397,20-Aug-07,5:37:00 PM,Other,,,X,,2,NORTH MAIN ST.,LANCASTER ST.,FAUSTO G. GARCIA,109,20-Aug-07,"Two-Way, Divided, Positive Median Barrier",Dry,Daylight,Clear,Angle (Front - to - Side) Right Angle (Includes Broadside),No,No Controls,2,1,Non-Incapacitating,2,,
559,2007-00099928,19-Aug-07,3:42:00 AM,Bicycle,,1,,,1,233 Alabama Ave,Virginia Ave,Therien,349,19-Aug-07,"Two-Way , Not Divided",Dry,Daylight,Clear,Angle - Direction Not Specified,No,No Controls,3,1,Complains Of Pain,2,,
900,2007-00099969,19-Aug-07,5:41:00 PM,Pedestrian,1,,,,1,Delaine St.,Audrey,Cute,308,04-Sep-07,"Two-Way , Not Divided",Dry,Daylight,Clear,Unknown,"Yes, M/V and Driver Left Scene",No Controls,1,1,Complains Of Pain,2,,
539,2007-00098947,17-Aug-07,4:45:00 AM,Pedestrian,1,,,,1,Plainfield St,Webster Ave,Mulligan,589,17-Aug-07,"Two-Way , Not Divided",Dry,Daylight,Clear,Head-On (Front - to - Front),No,No Controls,2,1,Complains Of Pain,2,,
471,2007-00097123,13-Aug-07,8:07:00 AM,Bicycle,,1,,,1,Promenade St,Park St.,A DaSilva,628,13-Aug-07,One-Way Trafficway,Dry,Daylight,Clear,"Sidwswipe, Opposite Direction",No,No Controls,2,0,No Injury,,,
458,2007-00096470,11-Aug-07,10:03:00 AM,Pedestrian,1,,,,3,potters av,niagara st,j kantorski,351,12-Aug-07,"Two-Way , Not Divided",Dry,Dark - Lighted,Clear,Angle (Front - to - Side) Right Angle (Includes Broadside),No,Stop Signs,5,2,Non-Incapacitating,2,,
485,2007-00095379,10-Aug-07,3:02:00 PM,Pedestrian,1,,,,1,Cranston St,Cranston St and Dexter St,Jason Andrade,200,13-Aug-07,"Two-Way, Divided, Positive Median Barrier",Dry,Daylight,Clear,Other,No,No Controls,3,0,No Injury,,,
400,2007-00095274,09-Aug-07,6:45:00 AM,Bicycle,1,,,,1,Putnam,Atwells,Freddy E. Rocha,616,09-Aug-07,"Two-Way, Divided, Unprotected (painted>4feet) Medium",Dry,Daylight,Clear,Other,No,Traffic Control Signal,4,0,No Injury,2,,
546,2007-00095374,09-Aug-07,2:47:00 AM,Bicycle,,1,,,1,Brook Street,Angell Street,David Tejada,438,18-Aug-07,"Two-Way , Not Divided",Dry,Daylight,Clear,Head-On (Front - to - Front),No,No Controls,2,1,Non-Incapacitating,2,,
382,2007-00094913,08-Aug-07,12:01:00 PM,Bicycle,,1,,,1,WICKENDEN ST,SOUTH WATER,N KEMBLE,364,08-Aug-07,"Two-Way , Not Divided",Dry,Daylight,Cloudy,Head-On (Front - to - Front),No,Yield Signs,3,1,Complains Of Pain,2,,
390,2007-00095064,08-Aug-07,6:29:00 AM,Bicycle,,1,,,1,Carpenter St,Dean St,Chin,516,07-Aug-07,"Two-Way , Not Divided",Dry,Daylight,Clear,Head-On (Front - to - Front),No,No Controls,2,1,Non-Incapacitating,2,,
393,2007-00095076,08-Aug-07,6:56:00 PM,Bicycle,,2,,,1,513 Admiral Street,,Jared Stanzione,193,08-Aug-07,"Two-Way , Not Divided",Dry,Daylight,Clear,Other,No,No Controls,3,1,Complains Of Pain,2,,
369,2007-00094723,07-Aug-07,9:47:00 PM,Pedestrian,1,,,X,1,Chalkstone Ave,Ortoleva Dr,Ptlm. James Barros,346,07-Aug-07,"Two-Way , Not Divided",Dry,Dark - Lighted,Clear,"Sidwswipe, Opposite Direction","Yes, M/V and Driver Left Scene",No Controls,2,1,Incapacitating,2,,
351,2007-00094182,06-Aug-07,5:28:00 AM,Pedestrian,1,,,,1, 433 cranston st,,kantorski,351,06-Aug-07,"Two-Way , Not Divided",Dry,Daylight,Clear,Other,No,No Controls,3,1,Non-Incapacitating,2,,
372,2007-00093676,05-Aug-07,12:24:00 PM,Bicycle,,1,,,2,Branch  Ave,Hugo  St,R.King,633,08-Aug-07,"Two-Way , Not Divided",Dry,Daylight,Clear,"Sideswipe, Same Direction",No,No Controls,3,1,Complains Of Pain,2,,
298,2007-00092633,03-Aug-07,1:54:00 AM,Pedestrian,1,,,,1,WASHINGTON STREET,MEMORIAL BLVD.,Patrolman Joseph M. Gallucci,503,04-Aug-07,"Two-Way , Not Divided",Dry,Daylight,Clear,Other,"Yes, M/V and Driver Left Scene",Traffic Control Signal,1,1,Non-Incapacitating,,,
248,2007-00091684,01-Aug-07,8:45:00 AM,Pedestrian,1,,,,1,Colfax Street,Prairie Avenue,Derrek Edmonds,550,01-Aug-07,"Two-Way , Not Divided",Dry,Daylight,Clear,Angle (Front - to - Side) Same Direction,No,No Controls,4,1,Complains Of Pain,1,,
215,2007-00091054,30-Jul-07,7:06:00 PM,Other,,,,,1,Veazie St,Douglas,TMichael,372,30-Jul-07,"Two-Way , Not Divided",Wet,Daylight,Rain,Other,"Yes, M/V and Driver Left Scene",No Controls,3,0,Unknown,2,,
199,2007-00088131,24-Jul-07,3:04:00 AM,Bicycle,,1,,,1,Union Ave,,James Annis,454,27-Jul-07,"Two-Way , Not Divided",Dry,Daylight,Clear,"Sideswipe, Same Direction","Yes, M/V and Driver Left Scene",No Controls,4,1,Complains Of Pain,2,,
141,2007-00086778,21-Jul-07,1:54:00 AM,Pedestrian,1,,,,1,WASHINGTON STREET,MATHEWSON STREET,Patrolman Joseph M. Gallucci,503,21-Jul-07,"Two-Way , Not Divided",Dry,Daylight,Clear,Other,No,Traffic Control Signal,4,1,Complains Of Pain,,,
82,2007-00070967,17-Jun-07,2:27:00 AM,Pedestrian,3,,,,1,Point St,Hospital St,Ptlm. Thomas Connetta,374,17-Jun-07,"Two-Way , Not Divided",Dry,Dark - Lighted,Clear,Head-On (Front - to - Front),No,Stop Signs,11,3,Complains Of Pain,2,,
58,2007-00056278,16-May-07,6:00:00 AM,Pedestrian,1,,,,1,Yale ave,Erastus,W. Brown,513,16-May-07,"Two-Way , Not Divided",Wet,Daylight,Rain,"Sideswipe, Same Direction","Yes, M/V and Driver Left Scene",No Controls,1,1,Complains Of Pain,2,,
59,2007-00056656,16-May-07,6:00:00 AM,Pedestrian,1,,,,1,Yale ave,Erastus,W. Brown,513,16-May-07,"Two-Way , Not Divided",Wet,Daylight,Rain,"Sideswipe, Same Direction","Yes, M/V and Driver Left Scene",No Controls,1,1,Complains Of Pain,2,,
44,2007-00047977,28-Apr-07,10:30:00 PM,Pedestrian,1,,,,1,Union avenue,Pocasset ave,W. Brown,513,28-Apr-07,"Two-Way , Not Divided",Dry,Dark - Lighted,Clear,Head-On (Front - to - Front),No,No Controls,2,1,Complains Of Pain,2,,
40,2007-00047312,27-Apr-07,4:10:00 PM,Pedestrian,1,,,,1,Unit st,Manton ave,W. Brown,513,27-Apr-07,"Two-Way , Not Divided",Wet,Daylight,Rain,Angle (Front - to - Side) Right Angle (Includes Broadside),No,No Controls,3,1,Non-Incapacitating,2,,
11102,2008-00138312,27-Apr-07,10:40:00 PM,Pedestrian,1,,,,1,79 WASHINGTON ST.,CLEMENCE ALLEY,PTLW. PATRICIA NICHOLS,467,03-Dec-08,"Two-Way , Not Divided",Dry,Dark - Lighted,Clear,Other,No,No Controls,4,1,Incapacitating,2,,
21,2007-00043011,18-Apr-07,12:55:00 AM,Pedestrian,1,,,,1,CLIFFORD ST,RICHMOND ST,PTLM. T. CONNETTA/PTLM. K. PENZA,374,18-Apr-07,"Two-Way , Not Divided",Wet,Dark - Lighted,Cloudy,Head-On (Front - to - Front),No,No Controls,7,2,Complains Of Pain,0,,